<?xml version="1.0" encoding="UTF-8"?>
<rdf:RDF xmlns:odohteu="http://www.odohteu.github.io/" xmlns:rdf="http://www.w3.org/1999/02/22-rdf-syntax-ns#">

<root>
  <row>
    <odohteu:Country>Austria</odohteu:Country>
    <odohteu:Code>AUT</odohteu:Code>
    <odohteu:Education>8.1</odohteu:Education>
    <odohteu:Jobs>7.4</odohteu:Jobs>
    <odohteu:Income>7.8</odohteu:Income>
    <odohteu:Safety>10.0</odohteu:Safety>
    <odohteu:Health>7.8</odohteu:Health>
    <odohteu:Environment>3.1</odohteu:Environment>
    <odohteu:CivicEngagement>7.5</odohteu:CivicEngagement>
    <odohteu:AccessiblityToServices>8.0</odohteu:AccessiblityToServices>
    <odohteu:Housing>5.8</odohteu:Housing>
    <odohteu:Housing1>7.6</odohteu:Housing1>
    <odohteu:Housing2>8.8</odohteu:Housing2>
  </row>
  <row>
    <odohteu:Country>Belgium</odohteu:Country>
    <odohteu:Code>BEL</odohteu:Code>
    <odohteu:Education>7.5</odohteu:Education>
    <odohteu:Jobs>4.9</odohteu:Jobs>
    <odohteu:Income>5.9</odohteu:Income>
    <odohteu:Safety>7.8</odohteu:Safety>
    <odohteu:Health>7.7</odohteu:Health>
    <odohteu:Environment>4.3</odohteu:Environment>
    <odohteu:CivicEngagement>9.7</odohteu:CivicEngagement>
    <odohteu:AccessiblityToServices>7.2</odohteu:AccessiblityToServices>
    <odohteu:Housing>8.8</odohteu:Housing>
    <odohteu:Housing1>7.7</odohteu:Housing1>
    <odohteu:Housing2>8.0</odohteu:Housing2>
  </row>
  <row>
    <odohteu:Country>Czech Republic</odohteu:Country>
    <odohteu:Code>CZE</odohteu:Code>
    <odohteu:Education>10.0</odohteu:Education>
    <odohteu:Jobs>9.1</odohteu:Jobs>
    <odohteu:Income>3.4</odohteu:Income>
    <odohteu:Safety>8.2</odohteu:Safety>
    <odohteu:Health>4.5</odohteu:Health>
    <odohteu:Environment>1.3</odohteu:Environment>
    <odohteu:CivicEngagement>3.1</odohteu:CivicEngagement>
    <odohteu:AccessiblityToServices>7.0</odohteu:AccessiblityToServices>
    <odohteu:Housing>3.5</odohteu:Housing>
    <odohteu:Housing1>5.1</odohteu:Housing1>
    <odohteu:Housing2>5.3</odohteu:Housing2>
  </row>
  <row>
    <odohteu:Country>Denmark</odohteu:Country>
    <odohteu:Code>DNK</odohteu:Code>
    <odohteu:Education>6.7</odohteu:Education>
    <odohteu:Jobs>8.0</odohteu:Jobs>
    <odohteu:Income>5.3</odohteu:Income>
    <odohteu:Safety>9.2</odohteu:Safety>
    <odohteu:Health>6.7</odohteu:Health>
    <odohteu:Environment>7.1</odohteu:Environment>
    <odohteu:CivicEngagement>8.9</odohteu:CivicEngagement>
    <odohteu:AccessiblityToServices>8.8</odohteu:AccessiblityToServices>
    <odohteu:Housing>6.5</odohteu:Housing>
    <odohteu:Housing1>9.7</odohteu:Housing1>
    <odohteu:Housing2>10.0</odohteu:Housing2>
  </row>
  <row>
    <odohteu:Country>Estonia</odohteu:Country>
    <odohteu:Code>EST</odohteu:Code>
    <odohteu:Education>8.8</odohteu:Education>
    <odohteu:Jobs>7.9</odohteu:Jobs>
    <odohteu:Income>2.6</odohteu:Income>
    <odohteu:Safety>3.6</odohteu:Safety>
    <odohteu:Health>3.6</odohteu:Health>
    <odohteu:Environment>8.3</odohteu:Environment>
    <odohteu:CivicEngagement>3.5</odohteu:CivicEngagement>
    <odohteu:AccessiblityToServices>7.8</odohteu:AccessiblityToServices>
    <odohteu:Housing>1.2</odohteu:Housing>
    <odohteu:Housing1>4.6</odohteu:Housing1>
    <odohteu:Housing2>0.4</odohteu:Housing2>
  </row>
  <row>
    <odohteu:Country>Finland</odohteu:Country>
    <odohteu:Code>FIN</odohteu:Code>
    <odohteu:Education>8.6</odohteu:Education>
    <odohteu:Jobs>5.8</odohteu:Jobs>
    <odohteu:Income>5.5</odohteu:Income>
    <odohteu:Safety>10.0</odohteu:Safety>
    <odohteu:Health>7.6</odohteu:Health>
    <odohteu:Environment>9.1</odohteu:Environment>
    <odohteu:CivicEngagement>4.5</odohteu:CivicEngagement>
    <odohteu:AccessiblityToServices>9.0</odohteu:AccessiblityToServices>
    <odohteu:Housing>6.5</odohteu:Housing>
    <odohteu:Housing1>8.7</odohteu:Housing1>
    <odohteu:Housing2>9.7</odohteu:Housing2>
  </row>
  <row>
    <odohteu:Country>France</odohteu:Country>
    <odohteu:Code>FRA</odohteu:Code>
    <odohteu:Education>7.4</odohteu:Education>
    <odohteu:Jobs>4.1</odohteu:Jobs>
    <odohteu:Income>6.3</odohteu:Income>
    <odohteu:Safety>8.0</odohteu:Safety>
    <odohteu:Health>9.1</odohteu:Health>
    <odohteu:Environment>5.0</odohteu:Environment>
    <odohteu:CivicEngagement>7.0</odohteu:CivicEngagement>
    <odohteu:AccessiblityToServices>6.1</odohteu:AccessiblityToServices>
    <odohteu:Housing>5.0</odohteu:Housing>
    <odohteu:Housing1>7.6</odohteu:Housing1>
    <odohteu:Housing2>6.2</odohteu:Housing2>
  </row>
  <row>
    <odohteu:Country>Germany</odohteu:Country>
    <odohteu:Code>DEU</odohteu:Code>
    <odohteu:Education>8.2</odohteu:Education>
    <odohteu:Jobs>9.1</odohteu:Jobs>
    <odohteu:Income>7.9</odohteu:Income>
    <odohteu:Safety>9.3</odohteu:Safety>
    <odohteu:Health>7.1</odohteu:Health>
    <odohteu:Environment>4.6</odohteu:Environment>
    <odohteu:CivicEngagement>6.7</odohteu:CivicEngagement>
    <odohteu:AccessiblityToServices>8.8</odohteu:AccessiblityToServices>
    <odohteu:Housing>5.8</odohteu:Housing>
    <odohteu:Housing1>8.6</odohteu:Housing1>
    <odohteu:Housing2>6.2</odohteu:Housing2>
  </row>
  <row>
    <odohteu:Country>Greece</odohteu:Country>
    <odohteu:Code>GRC</odohteu:Code>
    <odohteu:Education>6.1</odohteu:Education>
    <odohteu:Jobs>0.0</odohteu:Jobs>
    <odohteu:Income>3.0</odohteu:Income>
    <odohteu:Safety>9.4</odohteu:Safety>
    <odohteu:Health>7.7</odohteu:Health>
    <odohteu:Environment>2.1</odohteu:Environment>
    <odohteu:CivicEngagement>3.7</odohteu:CivicEngagement>
    <odohteu:AccessiblityToServices>3.2</odohteu:AccessiblityToServices>
    <odohteu:Housing>3.5</odohteu:Housing>
    <odohteu:Housing1>1.0</odohteu:Housing1>
    <odohteu:Housing2>1.3</odohteu:Housing2>
  </row>
  <row>
    <odohteu:Country>Hungary</odohteu:Country>
    <odohteu:Code>HUN</odohteu:Code>
    <odohteu:Education>8.3</odohteu:Education>
    <odohteu:Jobs>7.2</odohteu:Jobs>
    <odohteu:Income>2.1</odohteu:Income>
    <odohteu:Safety>8.9</odohteu:Safety>
    <odohteu:Health>0.8</odohteu:Health>
    <odohteu:Environment>1.0</odohteu:Environment>
    <odohteu:CivicEngagement>3.5</odohteu:CivicEngagement>
    <odohteu:AccessiblityToServices>6.7</odohteu:AccessiblityToServices>
    <odohteu:Housing>1.2</odohteu:Housing>
    <odohteu:Housing1>5.4</odohteu:Housing1>
    <odohteu:Housing2>0.0</odohteu:Housing2>
  </row>
  <row>
    <odohteu:Country>Ireland</odohteu:Country>
    <odohteu:Code>IRL</odohteu:Code>
    <odohteu:Education>8.1</odohteu:Education>
    <odohteu:Jobs>6.2</odohteu:Jobs>
    <odohteu:Income>5.1</odohteu:Income>
    <odohteu:Safety>9.4</odohteu:Safety>
    <odohteu:Health>7.7</odohteu:Health>
    <odohteu:Environment>8.5</odohteu:Environment>
    <odohteu:CivicEngagement>4.0</odohteu:CivicEngagement>
    <odohteu:AccessiblityToServices>8.0</odohteu:AccessiblityToServices>
    <odohteu:Housing>8.0</odohteu:Housing>
    <odohteu:Housing1>10.0</odohteu:Housing1>
    <odohteu:Housing2>8.0</odohteu:Housing2>
  </row>
  <row>
    <odohteu:Country>Italy</odohteu:Country>
    <odohteu:Code>ITA</odohteu:Code>
    <odohteu:Education>4.1</odohteu:Education>
    <odohteu:Jobs>2.0</odohteu:Jobs>
    <odohteu:Income>5.9</odohteu:Income>
    <odohteu:Safety>8.0</odohteu:Safety>
    <odohteu:Health>9.7</odohteu:Health>
    <odohteu:Environment>1.6</odohteu:Environment>
    <odohteu:CivicEngagement>5.9</odohteu:CivicEngagement>
    <odohteu:AccessiblityToServices>6.1</odohteu:AccessiblityToServices>
    <odohteu:Housing>5.0</odohteu:Housing>
    <odohteu:Housing1>5.4</odohteu:Housing1>
    <odohteu:Housing2>4.4</odohteu:Housing2>
  </row>
  <row>
    <odohteu:Country>Latvia</odohteu:Country>
    <odohteu:Code>LVA</odohteu:Code>
    <odohteu:Education>9.2</odohteu:Education>
    <odohteu:Jobs>5.6</odohteu:Jobs>
    <odohteu:Income>1.8</odohteu:Income>
    <odohteu:Safety>1.0</odohteu:Safety>
    <odohteu:Health>0.0</odohteu:Health>
    <odohteu:Environment>6.7</odohteu:Environment>
    <odohteu:CivicEngagement>2.7</odohteu:CivicEngagement>
    <odohteu:AccessiblityToServices>5.5</odohteu:AccessiblityToServices>
    <odohteu:Housing>1.2</odohteu:Housing>
    <odohteu:Housing1>3.9</odohteu:Housing1>
    <odohteu:Housing2>2.7</odohteu:Housing2>
  </row>
  <row>
    <odohteu:Country>Lithuania</odohteu:Country>
    <odohteu:Code>LTU</odohteu:Code>
    <odohteu:Education>10.0</odohteu:Education>
    <odohteu:Jobs>6.6</odohteu:Jobs>
    <odohteu:Income>3.4</odohteu:Income>
    <odohteu:Safety>0.0</odohteu:Safety>
    <odohteu:Health>0.0</odohteu:Health>
    <odohteu:Environment>5.0</odohteu:Environment>
    <odohteu:CivicEngagement>0.0</odohteu:CivicEngagement>
    <odohteu:AccessiblityToServices>5.3</odohteu:AccessiblityToServices>
    <odohteu:Housing>..</odohteu:Housing>
    <odohteu:Housing1>..</odohteu:Housing1>
    <odohteu:Housing2>..</odohteu:Housing2>
  </row>
  <row>
    <odohteu:Country>Luxembourg</odohteu:Country>
    <odohteu:Code>LUX</odohteu:Code>
    <odohteu:Education>6.7</odohteu:Education>
    <odohteu:Jobs>6.1</odohteu:Jobs>
    <odohteu:Income>10.0</odohteu:Income>
    <odohteu:Safety>9.2</odohteu:Safety>
    <odohteu:Health>9.0</odohteu:Health>
    <odohteu:Environment>5.6</odohteu:Environment>
    <odohteu:CivicEngagement>10.0</odohteu:CivicEngagement>
    <odohteu:AccessiblityToServices>9.9</odohteu:AccessiblityToServices>
    <odohteu:Housing>7.3</odohteu:Housing>
    <odohteu:Housing1>4.7</odohteu:Housing1>
    <odohteu:Housing2>7.5</odohteu:Housing2>
  </row>
  <row>
    <odohteu:Country>Netherlands</odohteu:Country>
    <odohteu:Code>NLD</odohteu:Code>
    <odohteu:Education>6.5</odohteu:Education>
    <odohteu:Jobs>8.6</odohteu:Jobs>
    <odohteu:Income>5.5</odohteu:Income>
    <odohteu:Safety>9.2</odohteu:Safety>
    <odohteu:Health>7.7</odohteu:Health>
    <odohteu:Environment>4.7</odohteu:Environment>
    <odohteu:CivicEngagement>7.9</odohteu:CivicEngagement>
    <odohteu:AccessiblityToServices>10.0</odohteu:AccessiblityToServices>
    <odohteu:Housing>7.3</odohteu:Housing>
    <odohteu:Housing1>8.5</odohteu:Housing1>
    <odohteu:Housing2>9.7</odohteu:Housing2>
  </row>
  <row>
    <odohteu:Country>Poland</odohteu:Country>
    <odohteu:Code>POL</odohteu:Code>
    <odohteu:Education>9.9</odohteu:Education>
    <odohteu:Jobs>5.8</odohteu:Jobs>
    <odohteu:Income>3.0</odohteu:Income>
    <odohteu:Safety>8.5</odohteu:Safety>
    <odohteu:Health>3.5</odohteu:Health>
    <odohteu:Environment>0.0</odohteu:Environment>
    <odohteu:CivicEngagement>0.7</odohteu:CivicEngagement>
    <odohteu:AccessiblityToServices>5.5</odohteu:AccessiblityToServices>
    <odohteu:Housing>0.0</odohteu:Housing>
    <odohteu:Housing1>6.5</odohteu:Housing1>
    <odohteu:Housing2>2.2</odohteu:Housing2>
  </row>
  <row>
    <odohteu:Country>Portugal</odohteu:Country>
    <odohteu:Code>PRT</odohteu:Code>
    <odohteu:Education>0.8</odohteu:Education>
    <odohteu:Jobs>5.2</odohteu:Jobs>
    <odohteu:Income>3.7</odohteu:Income>
    <odohteu:Safety>9.9</odohteu:Safety>
    <odohteu:Health>7.4</odohteu:Health>
    <odohteu:Environment>8.6</odohteu:Environment>
    <odohteu:CivicEngagement>2.1</odohteu:CivicEngagement>
    <odohteu:AccessiblityToServices>5.5</odohteu:AccessiblityToServices>
    <odohteu:Housing>6.5</odohteu:Housing>
    <odohteu:Housing1>4.1</odohteu:Housing1>
    <odohteu:Housing2>0.0</odohteu:Housing2>
  </row>
  <row>
    <odohteu:Country>Slovenia</odohteu:Country>
    <odohteu:Code>SVN</odohteu:Code>
    <odohteu:Education>9.1</odohteu:Education>
    <odohteu:Jobs>6.6</odohteu:Jobs>
    <odohteu:Income>3.8</odohteu:Income>
    <odohteu:Safety>6.8</odohteu:Safety>
    <odohteu:Health>7.3</odohteu:Health>
    <odohteu:Environment>2.9</odohteu:Environment>
    <odohteu:CivicEngagement>0.9</odohteu:CivicEngagement>
    <odohteu:AccessiblityToServices>6.7</odohteu:AccessiblityToServices>
    <odohteu:Housing>2.7</odohteu:Housing>
    <odohteu:Housing1>7.2</odohteu:Housing1>
    <odohteu:Housing2>2.7</odohteu:Housing2>
  </row>
  <row>
    <odohteu:Country>Spain</odohteu:Country>
    <odohteu:Code>ESP</odohteu:Code>
    <odohteu:Education>3.2</odohteu:Education>
    <odohteu:Jobs>1.2</odohteu:Jobs>
    <odohteu:Income>4.4</odohteu:Income>
    <odohteu:Safety>9.9</odohteu:Safety>
    <odohteu:Health>9.9</odohteu:Health>
    <odohteu:Environment>6.1</odohteu:Environment>
    <odohteu:CivicEngagement>5.2</odohteu:CivicEngagement>
    <odohteu:AccessiblityToServices>7.0</odohteu:AccessiblityToServices>
    <odohteu:Housing>6.5</odohteu:Housing>
    <odohteu:Housing1>8.5</odohteu:Housing1>
    <odohteu:Housing2>5.7</odohteu:Housing2>
  </row>
  <row>
    <odohteu:Country>Sweden</odohteu:Country>
    <odohteu:Code>SWE</odohteu:Code>
    <odohteu:Education>7.9</odohteu:Education>
    <odohteu:Jobs>8.2</odohteu:Jobs>
    <odohteu:Income>6.7</odohteu:Income>
    <odohteu:Safety>9.2</odohteu:Safety>
    <odohteu:Health>8.4</odohteu:Health>
    <odohteu:Environment>8.9</odohteu:Environment>
    <odohteu:CivicEngagement>8.9</odohteu:CivicEngagement>
    <odohteu:AccessiblityToServices>9.0</odohteu:AccessiblityToServices>
    <odohteu:Housing>5.0</odohteu:Housing>
    <odohteu:Housing1>7.6</odohteu:Housing1>
    <odohteu:Housing2>9.3</odohteu:Housing2>
  </row>
  <row>
    <odohteu:Country>United Kingdom</odohteu:Country>
    <odohteu:Code>GBR</odohteu:Code>
    <odohteu:Education>7.5</odohteu:Education>
    <odohteu:Jobs>8.3</odohteu:Jobs>
    <odohteu:Income>6.4</odohteu:Income>
    <odohteu:Safety>8.5</odohteu:Safety>
    <odohteu:Health>7.3</odohteu:Health>
    <odohteu:Environment>7.4</odohteu:Environment>
    <odohteu:CivicEngagement>4.3</odohteu:CivicEngagement>
    <odohteu:AccessiblityToServices>9.0</odohteu:AccessiblityToServices>
    <odohteu:Housing>6.5</odohteu:Housing>
    <odohteu:Housing1>9.0</odohteu:Housing1>
    <odohteu:Housing2>7.1</odohteu:Housing2>
  </row>
</odohteu:root>
</odohteu:rdf:RDF>