[
 {
   "Country": "Austria",
   "Code": "AUT",
   "Education": 8.1,
   "Jobs": 7.4,
   "Income": 7.8,
   "Safety": 10,
   "Health": 7.8,
   "Environment": 3.1,
   "Civic engagement": 7.5,
   "Accessiblity to services": 8,
   "Housing": "5.8",
   "Housing1": "7.6",
   "Housing2": "8.8"
 },
 {
   "Country": "Belgium",
   "Code": "BEL",
   "Education": 7.5,
   "Jobs": 4.9,
   "Income": 5.9,
   "Safety": 7.8,
   "Health": 7.7,
   "Environment": 4.3,
   "Civic engagement": 9.7,
   "Accessiblity to services": 7.2,
   "Housing": "8.8",
   "Housing1": "7.7",
   "Housing2": "8.0"
 },
 {
   "Country": "Czech Republic",
   "Code": "CZE",
   "Education": 10,
   "Jobs": 9.1,
   "Income": 3.4,
   "Safety": 8.2,
   "Health": 4.5,
   "Environment": 1.3,
   "Civic engagement": 3.1,
   "Accessiblity to services": 7,
   "Housing": "3.5",
   "Housing1": "5.1",
   "Housing2": "5.3"
 },
 {
   "Country": "Denmark",
   "Code": "DNK",
   "Education": 6.7,
   "Jobs": 8,
   "Income": 5.3,
   "Safety": 9.2,
   "Health": 6.7,
   "Environment": 7.1,
   "Civic engagement": 8.9,
   "Accessiblity to services": 8.8,
   "Housing": "6.5",
   "Housing1": "9.7",
   "Housing2": "10.0"
 },
 {
   "Country": "Estonia",
   "Code": "EST",
   "Education": 8.8,
   "Jobs": 7.9,
   "Income": 2.6,
   "Safety": 3.6,
   "Health": 3.6,
   "Environment": 8.3,
   "Civic engagement": 3.5,
   "Accessiblity to services": 7.8,
   "Housing": "1.2",
   "Housing1": "4.6",
   "Housing2": "0.4"
 },
 {
   "Country": "Finland",
   "Code": "FIN",
   "Education": 8.6,
   "Jobs": 5.8,
   "Income": 5.5,
   "Safety": 10,
   "Health": 7.6,
   "Environment": 9.1,
   "Civic engagement": 4.5,
   "Accessiblity to services": 9,
   "Housing": "6.5",
   "Housing1": "8.7",
   "Housing2": "9.7"
 },
 {
   "Country": "France",
   "Code": "FRA",
   "Education": 7.4,
   "Jobs": 4.1,
   "Income": 6.3,
   "Safety": 8,
   "Health": 9.1,
   "Environment": 5,
   "Civic engagement": 7,
   "Accessiblity to services": 6.1,
   "Housing": "5.0",
   "Housing1": "7.6",
   "Housing2": "6.2"
 },
 {
   "Country": "Germany",
   "Code": "DEU",
   "Education": 8.2,
   "Jobs": 9.1,
   "Income": 7.9,
   "Safety": 9.3,
   "Health": 7.1,
   "Environment": 4.6,
   "Civic engagement": 6.7,
   "Accessiblity to services": 8.8,
   "Housing": "5.8",
   "Housing1": "8.6",
   "Housing2": "6.2"
 },
 {
   "Country": "Greece",
   "Code": "GRC",
   "Education": 6.1,
   "Jobs": 0,
   "Income": 3,
   "Safety": 9.4,
   "Health": 7.7,
   "Environment": 2.1,
   "Civic engagement": 3.7,
   "Accessiblity to services": 3.2,
   "Housing": "3.5",
   "Housing1": "1.0",
   "Housing2": "1.3"
 },
 {
   "Country": "Hungary",
   "Code": "HUN",
   "Education": 8.3,
   "Jobs": 7.2,
   "Income": 2.1,
   "Safety": 8.9,
   "Health": 0.8,
   "Environment": 1,
   "Civic engagement": 3.5,
   "Accessiblity to services": 6.7,
   "Housing": "1.2",
   "Housing1": "5.4",
   "Housing2": "0.0"
 },
 {
   "Country": "Ireland",
   "Code": "IRL",
   "Education": 8.1,
   "Jobs": 6.2,
   "Income": 5.1,
   "Safety": 9.4,
   "Health": 7.7,
   "Environment": 8.5,
   "Civic engagement": 4,
   "Accessiblity to services": 8,
   "Housing": "8.0",
   "Housing1": "10.0",
   "Housing2": "8.0"
 },
 {
   "Country": "Italy",
   "Code": "ITA",
   "Education": 4.1,
   "Jobs": 2,
   "Income": 5.9,
   "Safety": 8,
   "Health": 9.7,
   "Environment": 1.6,
   "Civic engagement": 5.9,
   "Accessiblity to services": 6.1,
   "Housing": "5.0",
   "Housing1": "5.4",
   "Housing2": "4.4"
 },
 {
   "Country": "Latvia",
   "Code": "LVA",
   "Education": 9.2,
   "Jobs": 5.6,
   "Income": 1.8,
   "Safety": 1,
   "Health": 0,
   "Environment": 6.7,
   "Civic engagement": 2.7,
   "Accessiblity to services": 5.5,
   "Housing": "1.2",
   "Housing1": "3.9",
   "Housing2": "2.7"
 },
 {
   "Country": "Lithuania",
   "Code": "LTU",
   "Education": 10,
   "Jobs": 6.6,
   "Income": 3.4,
   "Safety": 0,
   "Health": 0,
   "Environment": 5,
   "Civic engagement": 0,
   "Accessiblity to services": 5.3,
   "Housing": "..",
   "Housing1": "..",
   "Housing2": ".."
 },
 {
   "Country": "Luxembourg",
   "Code": "LUX",
   "Education": 6.7,
   "Jobs": 6.1,
   "Income": 10,
   "Safety": 9.2,
   "Health": 9,
   "Environment": 5.6,
   "Civic engagement": 10,
   "Accessiblity to services": 9.9,
   "Housing": "7.3",
   "Housing1": "4.7",
   "Housing2": "7.5"
 },
 {
   "Country": "Netherlands",
   "Code": "NLD",
   "Education": 6.5,
   "Jobs": 8.6,
   "Income": 5.5,
   "Safety": 9.2,
   "Health": 7.7,
   "Environment": 4.7,
   "Civic engagement": 7.9,
   "Accessiblity to services": 10,
   "Housing": "7.3",
   "Housing1": "8.5",
   "Housing2": "9.7"
 },
 {
   "Country": "Poland",
   "Code": "POL",
   "Education": 9.9,
   "Jobs": 5.8,
   "Income": 3,
   "Safety": 8.5,
   "Health": 3.5,
   "Environment": 0,
   "Civic engagement": 0.7,
   "Accessiblity to services": 5.5,
   "Housing": "0.0",
   "Housing1": "6.5",
   "Housing2": "2.2"
 },
 {
   "Country": "Portugal",
   "Code": "PRT",
   "Education": 0.8,
   "Jobs": 5.2,
   "Income": 3.7,
   "Safety": 9.9,
   "Health": 7.4,
   "Environment": 8.6,
   "Civic engagement": 2.1,
   "Accessiblity to services": 5.5,
   "Housing": "6.5",
   "Housing1": "4.1",
   "Housing2": "0.0"
 },
 {
   "Country": "Slovenia",
   "Code": "SVN",
   "Education": 9.1,
   "Jobs": 6.6,
   "Income": 3.8,
   "Safety": 6.8,
   "Health": 7.3,
   "Environment": 2.9,
   "Civic engagement": 0.9,
   "Accessiblity to services": 6.7,
   "Housing": "2.7",
   "Housing1": "7.2",
   "Housing2": "2.7"
 },
 {
   "Country": "Spain",
   "Code": "ESP",
   "Education": 3.2,
   "Jobs": 1.2,
   "Income": 4.4,
   "Safety": 9.9,
   "Health": 9.9,
   "Environment": 6.1,
   "Civic engagement": 5.2,
   "Accessiblity to services": 7,
   "Housing": "6.5",
   "Housing1": "8.5",
   "Housing2": "5.7"
 },
 {
   "Country": "Sweden",
   "Code": "SWE",
   "Education": 7.9,
   "Jobs": 8.2,
   "Income": 6.7,
   "Safety": 9.2,
   "Health": 8.4,
   "Environment": 8.9,
   "Civic engagement": 8.9,
   "Accessiblity to services": 9,
   "Housing": "5.0",
   "Housing1": "7.6",
   "Housing2": "9.3"
 },
 {
   "Country": "United Kingdom",
   "Code": "GBR",
   "Education": 7.5,
   "Jobs": 8.3,
   "Income": 6.4,
   "Safety": 8.5,
   "Health": 7.3,
   "Environment": 7.4,
   "Civic engagement": 4.3,
   "Accessiblity to services": 9,
   "Housing": "6.5",
   "Housing1": "9.0",
   "Housing2": "7.1"
 }
]