[
 {
   "Country": "Belgium",
   "Total number of child registered victims": 1,
   "Gender %Male": "0",
   "Gender %Female": "100",
   "Percentage of total number of registered victim (%)": 17
 },
 {
   "Country": "Bulgaria",
   "Total number of child registered victims": 13,
   "Gender %Male": "23",
   "Gender %Female": "77",
   "Percentage of total number of registered victim (%)": 4
 },
 {
   "Country": "Czech Republic",
   "Total number of child registered victims": 0,
   "Gender %Male": ":",
   "Gender %Female": ":",
   "Percentage of total number of registered victim (%)": 0
 },
 {
   "Country": "Denm ark",
   "Total number of child registered victims": 0,
   "Gender %Male": ":",
   "Gender %Female": ":",
   "Percentage of total number of registered victim (%)": 0
 },
 {
   "Country": "Germ any",
   "Total number of child registered victims": 1,
   "Gender %Male": "0",
   "Gender %Female": "100",
   "Percentage of total number of registered victim (%)": 17
 },
 {
   "Country": "Estonia",
   "Total number of child registered victims": 16,
   "Gender %Male": "19",
   "Gender %Female": "81",
   "Percentage of total number of registered victim (%)": 84
 },
 {
   "Country": "Ireland",
   "Total number of child registered victims": 0,
   "Gender %Male": ":",
   "Gender %Female": ":",
   "Percentage of total number of registered victim (%)": 0
 },
 {
   "Country": "Greece",
   "Total number of child registered victims": 8,
   "Gender %Male": "0",
   "Gender %Female": "100",
   "Percentage of total number of registered victim (%)": 44
 },
 {
   "Country": "Spain",
   "Total number of child registered victims": 1,
   "Gender %Male": "0",
   "Gender %Female": "100",
   "Percentage of total number of registered victim (%)": 2
 },
 {
   "Country": "France",
   "Total number of child registered victims": 191,
   "Gender %Male": "24",
   "Gender %Female": "76",
   "Percentage of total number of registered victim (%)": 34
 },
 {
   "Country": "Croatia",
   "Total number of child registered victims": 27,
   "Gender %Male": "11",
   "Gender %Female": "85",
   "Percentage of total number of registered victim (%)": 35
 },
 {
   "Country": "Italy",
   "Total number of child registered victims": 4,
   "Gender %Male": "50",
   "Gender %Female": "50",
   "Percentage of total number of registered victim (%)": 17
 },
 {
   "Country": "Cyprus",
   "Total number of child registered victims": 0,
   "Gender %Male": ":",
   "Gender %Female": ":",
   "Percentage of total number of registered victim (%)": 0
 },
 {
   "Country": "Latvia",
   "Total number of child registered victims": 11,
   "Gender %Male": "0",
   "Gender %Female": "100",
   "Percentage of total number of registered victim (%)": 26
 },
 {
   "Country": "Lithuania",
   "Total number of child registered victims": 23,
   "Gender %Male": "43",
   "Gender %Female": "57",
   "Percentage of total number of registered victim (%)": 16
 },
 {
   "Country": "Luxem bourg",
   "Total number of child registered victims": 1,
   "Gender %Male": "0",
   "Gender %Female": "100",
   "Percentage of total number of registered victim (%)": 100
 },
 {
   "Country": "Hungary",
   "Total number of child registered victims": 647,
   "Gender %Male": "12",
   "Gender %Female": "86",
   "Percentage of total number of registered victim (%)": 55
 },
 {
   "Country": "Malta",
   "Total number of child registered victims": 1,
   "Gender %Male": "100",
   "Gender %Female": "0",
   "Percentage of total number of registered victim (%)": 100
 },
 {
   "Country": "Netherlands",
   "Total number of child registered victims": 255,
   "Gender %Male": "2",
   "Gender %Female": "98",
   "Percentage of total number of registered victim (%)": 35
 },
 {
   "Country": "Austria",
   "Total number of child registered victims": 0,
   "Gender %Male": ":",
   "Gender %Female": ":",
   "Percentage of total number of registered victim (%)": 0
 },
 {
   "Country": "Poland",
   "Total number of child registered victims": 5,
   "Gender %Male": "20",
   "Gender %Female": "80",
   "Percentage of total number of registered victim (%)": 3
 },
 {
   "Country": "Portugal",
   "Total number of child registered victims": 2,
   "Gender %Male": "100",
   "Gender %Female": "0",
   "Percentage of total number of registered victim (%)": 1
 },
 {
   "Country": "Rom ania",
   "Total number of child registered victims": 86,
   "Gender %Male": "40",
   "Gender %Female": "59",
   "Percentage of total number of registered victim (%)": 10
 },
 {
   "Country": "Slovenia",
   "Total number of child registered victims": 2,
   "Gender %Male": "0",
   "Gender %Female": "100",
   "Percentage of total number of registered victim (%)": 33
 },
 {
   "Country": "Slovakia",
   "Total number of child registered victims": 15,
   "Gender %Male": "20",
   "Gender %Female": "73",
   "Percentage of total number of registered victim (%)": 10
 },
 {
   "Country": "Finland",
   "Total number of child registered victims": 0,
   "Gender %Male": ":",
   "Gender %Female": ":",
   "Percentage of total number of registered victim (%)": 0
 },
 {
   "Country": "Sw eden",
   "Total number of child registered victims": 0,
   "Gender %Male": ":",
   "Gender %Female": ":",
   "Percentage of total number of registered victim (%)": 0
 },
 {
   "Country": "United Kingdom",
   "Total number of child registered victims": 0,
   "Gender %Male": ":",
   "Gender %Female": ":",
   "Percentage of total number of registered victim (%)": 0
 }
]