<?xml version="1.0" encoding="UTF-8"?>
<rdf:RDF xmlns:odohteu="http://www.odohteu.github.io/" xmlns:rdf="http://www.w3.org/1999/02/22-rdf-syntax-ns#">
<root>
  <row>
    <odohteu:Country>Belgium</odohteu:Country>
   <odohteu:TotalNumberOfChildRegisteredVictims>1</odohteu:TotalNumberOfChildRegisteredVictims>
    <odohteu:GenderPercentageMale>0</odohteu:GenderPercentageMale>
    <odohteu:GenderPercentageFemale>100</odohteu:GenderPercentageFemale>
    <odohteu:PercentageOfTotalNumberOfRegisteredVictim>17</odohteu:PercentageOfTotalNumberOfRegisteredVictim>
  </row>
  <row>
    <odohteu:Country>Bulgaria</odohteu:Country>
    <odohteu:TotalNumberOfChildRegisteredVictims>13</odohteu:TotalNumberOfChildRegisteredVictims>
    <odohteu:GenderPercentageMale>23</odohteu:GenderPercentageMale>
    <odohteu:GenderPercentageFemale>77</odohteu:GenderPercentageFemale>
    <odohteu:PercentageOfTotalNumberOfRegisteredVictim>4</odohteu:PercentageOfTotalNumberOfRegisteredVictim>
  </row>
  <row>
      <odohteu:Country>Czech Republic</odohteu:Country>
     <odohteu:TotalNumberOfChildRegisteredVictims>0</odohteu:TotalNumberOfChildRegisteredVictims>
    <odohteu:GenderPercentageMale>:</odohteu:GenderPercentageMale>
    <odohteu:GenderPercentageFemale>:</odohteu:GenderPercentageFemale>
    <odohteu:PercentageOfTotalNumberOfRegisteredVictim>0</odohteu:PercentageOfTotalNumberOfRegisteredVictim>
  </row>
  <row>
    <odohteu:Country>Denmark</odohteu:Country>
  <odohteu:TotalNumberOfChildRegisteredVictims>0</odohteu:TotalNumberOfChildRegisteredVictims>
    <odohteu:GenderPercentageMale>:</odohteu:GenderPercentageMale>
    <odohteu:GenderPercentageFemale>:</odohteu:GenderPercentageFemale>
    <odohteu:PercentageOfTotalNumberOfRegisteredVictim>0</odohteu:PercentageOfTotalNumberOfRegisteredVictim>
  </row>
  <row>
     <odohteu:Country>Germany</odohteu:Country>
  <odohteu:TotalNumberOfChildRegisteredVictims>1</odohteu:TotalNumberOfChildRegisteredVictims>
    <odohteu:GenderPercentageMale>0</odohteu:GenderPercentageMale>
    <odohteu:GenderPercentageFemale>100</odohteu:GenderPercentageFemale>
    <odohteu:PercentageOfTotalNumberOfRegisteredVictim>17</odohteu:PercentageOfTotalNumberOfRegisteredVictim>
  </row>
  <row>
     <odohteu:Country>Estonia</odohteu:Country>
   <odohteu:TotalNumberOfChildRegisteredVictims>16</odohteu:TotalNumberOfChildRegisteredVictims>
    <odohteu:GenderPercentageMale>19</odohteu:GenderPercentageMale>
    <odohteu:GenderPercentageFemale>81</odohteu:GenderPercentageFemale>
    <odohteu:PercentageOfTotalNumberOfRegisteredVictim>84</odohteu:PercentageOfTotalNumberOfRegisteredVictim>
  </row>
  <row>
    <odohteu:Country>Ireland</odohteu:Country>
     <odohteu:TotalNumberOfChildRegisteredVictims>0</odohteu:TotalNumberOfChildRegisteredVictims>
    <odohteu:GenderPercentageMale>:</odohteu:GenderPercentageMale>
    <odohteu:GenderPercentageFemale>:</odohteu:GenderPercentageFemale>
    <odohteu:PercentageOfTotalNumberOfRegisteredVictim>0</odohteu:PercentageOfTotalNumberOfRegisteredVictim>
  </row>
  <row>
   <odohteu:Country>Greece</odohteu:Country>
      <odohteu:TotalNumberOfChildRegisteredVictims>8</odohteu:TotalNumberOfChildRegisteredVictims>
    <odohteu:GenderPercentageMale>0</odohteu:GenderPercentageMale>
    <odohteu:GenderPercentageFemale>100</odohteu:GenderPercentageFemale>
    <odohteu:PercentageOfTotalNumberOfRegisteredVictim>44</odohteu:PercentageOfTotalNumberOfRegisteredVictim>
  </row>
  <row>
    <odohteu:Country>Spain</odohteu:Country>
   <odohteu:TotalNumberOfChildRegisteredVictims>1</odohteu:TotalNumberOfChildRegisteredVictims>
    <odohteu:GenderPercentageMale>0</odohteu:GenderPercentageMale>
    <odohteu:GenderPercentageFemale>100</odohteu:GenderPercentageFemale>
    <odohteu:PercentageOfTotalNumberOfRegisteredVictim>2</odohteu:PercentageOfTotalNumberOfRegisteredVictim>
  </row>
  <row>
    <odohteu:Country>France</odohteu:Country>
    <odohteu:TotalNumberOfChildRegisteredVictims>191</odohteu:TotalNumberOfChildRegisteredVictims>
    <odohteu:GenderPercentageMale>24</odohteu:GenderPercentageMale>
    <odohteu:GenderPercentageFemale>76</odohteu:GenderPercentageFemale>
    <odohteu:PercentageOfTotalNumberOfRegisteredVictim>34</odohteu:PercentageOfTotalNumberOfRegisteredVictim>
  </row>
  <row>
    <odohteu:Country>Croatia</odohteu:Country>
      <odohteu:TotalNumberOfChildRegisteredVictims>27</odohteu:TotalNumberOfChildRegisteredVictims>
    <odohteu:GenderPercentageMale>11</odohteu:GenderPercentageMale>
    <odohteu:GenderPercentageFemale>85</odohteu:GenderPercentageFemale>
    <odohteu:PercentageOfTotalNumberOfRegisteredVictim>35</odohteu:PercentageOfTotalNumberOfRegisteredVictim>
  </row>
  <row>
    <odohteu:Country>Italy</odohteu:Country>
  <odohteu:TotalNumberOfChildRegisteredVictims>4</odohteu:TotalNumberOfChildRegisteredVictims>
    <odohteu:GenderPercentageMale>50</odohteu:GenderPercentageMale>
    <odohteu:GenderPercentageFemale>50</odohteu:GenderPercentageFemale>
    <odohteu:PercentageOfTotalNumberOfRegisteredVictim>17</odohteu:PercentageOfTotalNumberOfRegisteredVictim>
  </row>
  <row>
    <odohteu:Country>Cyprus</odohteu:Country>
     <odohteu:TotalNumberOfChildRegisteredVictims>0</odohteu:TotalNumberOfChildRegisteredVictims>
    <odohteu:GenderPercentageMale>:</odohteu:GenderPercentageMale>
    <odohteu:GenderPercentageFemale>:</odohteu:GenderPercentageFemale>
    <odohteu:PercentageOfTotalNumberOfRegisteredVictim>0</odohteu:PercentageOfTotalNumberOfRegisteredVictim>
  </row>
  <row>
    <odohteu:Country>Latvia</odohteu:Country>
       <odohteu:TotalNumberOfChildRegisteredVictims>0</odohteu:TotalNumberOfChildRegisteredVictims>
    <odohteu:GenderPercentageMale>100</odohteu:GenderPercentageMale>
    <odohteu:GenderPercentageFemale>26</odohteu:GenderPercentageFemale>
    <odohteu:PercentageOfTotalNumberOfRegisteredVictim></odohteu:PercentageOfTotalNumberOfRegisteredVictim>
  </row>
  <row>
     <odohteu:Country>Lithuania</odohteu:Country>
      <odohteu:TotalNumberOfChildRegisteredVictims>23</odohteu:TotalNumberOfChildRegisteredVictims>
    <odohteu:GenderPercentageMale>43</odohteu:GenderPercentageMale>
    <odohteu:GenderPercentageFemale>57</odohteu:GenderPercentageFemale>
    <odohteu:PercentageOfTotalNumberOfRegisteredVictim>16</odohteu:PercentageOfTotalNumberOfRegisteredVictim>
  </row>
  <row>
   <odohteu:Country>Luxembourg</odohteu:Country>
         <odohteu:TotalNumberOfChildRegisteredVictims>1</odohteu:TotalNumberOfChildRegisteredVictims>
    <odohteu:GenderPercentageMale>0</odohteu:GenderPercentageMale>
    <odohteu:GenderPercentageFemale>100</odohteu:GenderPercentageFemale>
    <odohteu:PercentageOfTotalNumberOfRegisteredVictim>100</odohteu:PercentageOfTotalNumberOfRegisteredVictim>
  </row>
  <row>
    <Country>Hungary</Country>
  <odohteu:TotalNumberOfChildRegisteredVictims>647</odohteu:TotalNumberOfChildRegisteredVictims>
    <odohteu:GenderPercentageMale>12</odohteu:GenderPercentageMale>
    <odohteu:GenderPercentageFemale>86</odohteu:GenderPercentageFemale>
    <odohteu:PercentageOfTotalNumberOfRegisteredVictim>55</odohteu:PercentageOfTotalNumberOfRegisteredVictim>
  </row>
  <row>
    <odohteu:Country>Malta</odohteu:Country>
 <odohteu:TotalNumberOfChildRegisteredVictims>1</odohteu:TotalNumberOfChildRegisteredVictims>
    <odohteu:GenderPercentageMale>100</odohteu:GenderPercentageMale>
    <odohteu:GenderPercentageFemale>0</odohteu:GenderPercentageFemale>
    <odohteu:PercentageOfTotalNumberOfRegisteredVictim>100</odohteu:PercentageOfTotalNumberOfRegisteredVictim>
  </row>
  <row>
    <odohteu:Country>Netherlands</odohteu:Country>
    <odohteu:TotalNumberOfChildRegisteredVictims>255</odohteu:TotalNumberOfChildRegisteredVictims>
    <odohteu:GenderPercentageMale>2</odohteu:GenderPercentageMale>
    <odohteu:GenderPercentageFemale>98</odohteu:GenderPercentageFemale>
    <odohteu:PercentageOfTotalNumberOfRegisteredVictim>35</odohteu:PercentageOfTotalNumberOfRegisteredVictim>
  </row>
  <row>
     <odohteu:Country>Austria</odohteu:Country>
   <odohteu:TotalNumberOfChildRegisteredVictims>0</odohteu:TotalNumberOfChildRegisteredVictims>
    <odohteu:GenderPercentageMale>:</odohteu:GenderPercentageMale>
    <odohteu:GenderPercentageFemale>:</odohteu:GenderPercentageFemale>
    <odohteu:PercentageOfTotalNumberOfRegisteredVictim>0</odohteu:PercentageOfTotalNumberOfRegisteredVictim>
  </row>
  <row>
     <odohteu:Country>Poland</odohteu:Country>
    <odohteu:TotalNumberOfChildRegisteredVictims>5</odohteu:TotalNumberOfChildRegisteredVictims>
    <odohteu:GenderPercentageMale>20</odohteu:GenderPercentageMale>
    <odohteu:GenderPercentageFemale>80</odohteu:GenderPercentageFemale>
    <odohteu:PercentageOfTotalNumberOfRegisteredVictim>3</odohteu:PercentageOfTotalNumberOfRegisteredVictim
  </row>
  <row>
   <odohteu:Country>Portugal</odohteu:Country>
      <odohteu:TotalNumberOfChildRegisteredVictims>2</odohteu:TotalNumberOfChildRegisteredVictims>
    <odohteu:GenderPercentageMale>100</odohteu:GenderPercentageMale>
    <odohteu:GenderPercentageFemale>0</odohteu:GenderPercentageFemale>
    <odohteu:PercentageOfTotalNumberOfRegisteredVictim>1</odohteu:PercentageOfTotalNumberOfRegisteredVictim>
  </row>
  <row>
     <odohteu:Country>Romania</odohteu:Country>
   <odohteu:TotalNumberOfChildRegisteredVictims>86</odohteu:TotalNumberOfChildRegisteredVictims>
    <odohteu:GenderPercentageMale>40</odohteu:GenderPercentageMale>
    <odohteu:GenderPercentageFemale>59</odohteu:GenderPercentageFemale>
    <odohteu:PercentageOfTotalNumberOfRegisteredVictim>10</odohteu:PercentageOfTotalNumberOfRegisteredVictim>

  </row>
  <row>
    <odohteu:Country>Slovenia</odohteu:Country>
       <odohteu:TotalNumberOfChildRegisteredVictims>2</odohteu:TotalNumberOfChildRegisteredVictims>
    <odohteu:GenderPercentageMale>0</odohteu:GenderPercentageMale>
    <odohteu:GenderPercentageFemale>100</odohteu:GenderPercentageFemale>
    <odohteu:PercentageOfTotalNumberOfRegisteredVictim>33</odohteu:PercentageOfTotalNumberOfRegisteredVictim>
  </row>
  <row>
   <odohteu:Country>Slovakia</odohteu:Country>
    <odohteu:TotalNumberOfChildRegisteredVictims>15</odohteu:TotalNumberOfChildRegisteredVictims>
    <odohteu:GenderPercentageMale>20</odohteu:GenderPercentageMale>
    <odohteu:GenderPercentageFemale>73</odohteu:GenderPercentageFemale>
    <odohteu:PercentageOfTotalNumberOfRegisteredVictim>10</odohteu:PercentageOfTotalNumberOfRegisteredVictim>
  
  </row>
  <row>
      <odohteu:Country>Finland</odohteu:Country>
    <odohteu:TotalNumberOfChildRegisteredVictims>0</odohteu:TotalNumberOfChildRegisteredVictims>
    <odohteu:GenderPercentageMale>:</odohteu:GenderPercentageMale>
    <odohteu:GenderPercentageFemale>:</odohteu:GenderPercentageFemale>
    <odohteu:PercentageOfTotalNumberOfRegisteredVictim>0</odohteu:PercentageOfTotalNumberOfRegisteredVictim>
  </row>
  <row>
    <odohteu:Country>Sweden</odohteu:Country>
    <odohteu:TotalNumberOfChildRegisteredVictims>0</odohteu:TotalNumberOfChildRegisteredVictims>
    <odohteu:GenderPercentageMale>:</odohteu:GenderPercentageMale>
    <odohteu:GenderPercentageFemale>:</odohteu:GenderPercentageFemale>
    <odohteu:PercentageOfTotalNumberOfRegisteredVictim>0</odohteu:PercentageOfTotalNumberOfRegisteredVictim>
  </row>
  <row>
      <odohteu:Country>United Kingdom</odohteu:Country>
    <odohteu:TotalNumberOfChildRegisteredVictims>0</odohteu:TotalNumberOfChildRegisteredVictims>
    <odohteu:GenderPercentageMale>:</odohteu:GenderPercentageMale>
    <odohteu:GenderPercentageFemale>:</odohteu:GenderPercentageFemale>
    <odohteu:PercentageOfTotalNumberOfRegisteredVictim>0</odohteu:PercentageOfTotalNumberOfRegisteredVictim>
  </row>
</odohteu:root>
</odohteu:rdf:RDF>