<?xml version="1.0" encoding="UTF-8"?>
<rdf:RDF xmlns:odohteu="http://www.odohteu.github.io/" xmlns:rdf="http://www.w3.org/1999/02/22-rdf-syntax-ns#">
<root>
  <row>
    <odohteu:Non-EuMemberStates>Nigeria</odohteu:Non-EuMemberStates>
    <odohteu:BE>34</odohteu:BE>
    <odohteu:BG></odohteu:BG>
    <odohteu:CZ></odohteu:CZ>
    <odohteu:DK>134</odohteu:DK>
    <odohteu:DE>35</odohteu:DE>
    <odohteu:EE></odohteu:EE>
    <odohteu:IE>23</odohteu:IE>
    <odohteu:GR>19</odohteu:GR>
    <odohteu:ES>54</odohteu:ES>
    <odohteu:FR>84</odohteu:FR>
    <odohteu:HR></odohteu:HR>
    <odohteu:IT></odohteu:IT>
    <odohteu:CY>1 012</odohteu:CY>
    <odohteu:LV></odohteu:LV>
    <odohteu:LT></odohteu:LT>
    <odohteu:LU></odohteu:LU>
    <odohteu:HU>1</odohteu:HU>
    <odohteu:MT></odohteu:MT>
    <odohteu:NL>0</odohteu:NL>
    <odohteu:AT>90</odohteu:AT>
    <odohteu:PL>50</odohteu:PL>
    <odohteu:PT></odohteu:PT>
    <odohteu:RO>15</odohteu:RO>
    <odohteu:SI></odohteu:SI>
    <odohteu:SK></odohteu:SK>
    <odohteu:FI></odohteu:FI>
    <odohteu:SE>33</odohteu:SE>
    <odohteu:UK>500</odohteu:UK>
  </row>
  <row>
    <odohteu:Non-EuMemberStates>Albania</odohteu:Non-EuMemberStates>
    <odohteu:BE>6</odohteu:BE>
    <odohteu:BG></odohteu:BG>
    <odohteu:CZ></odohteu:CZ>
    <odohteu:DK></odohteu:DK>
    <odohteu:DE>11</odohteu:DE>
    <odohteu:EE></odohteu:EE>
    <odohteu:IE>1</odohteu:IE>
    <odohteu:GR>8</odohteu:GR>
    <odohteu:ES>17</odohteu:ES>
    <odohteu:FR></odohteu:FR>
    <odohteu:HR></odohteu:HR>
    <odohteu:IT>45</odohteu:IT>
    <odohteu:CY></odohteu:CY>
    <odohteu:LV></odohteu:LV>
    <odohteu:LT></odohteu:LT>
    <odohteu:LU>1</odohteu:LU>
    <odohteu:HU></odohteu:HU>
    <odohteu:MT></odohteu:MT>
    <odohteu:NL>9</odohteu:NL>
    <odohteu:AT></odohteu:AT>
    <odohteu:PL></odohteu:PL>
    <odohteu:PT></odohteu:PT>
    <odohteu:RO></odohteu:RO>
    <odohteu:SI></odohteu:SI>
    <odohteu:SK></odohteu:SK>
    <odohteu:FI></odohteu:FI>
    <odohteu:SE></odohteu:SE>
    <odohteu:UK>1 299</odohteu:UK>
  </row>
  <row>
    <odohteu:Non-EuMemberStates>Viet Nam</odohteu:Non-EuMemberStates>
    <odohteu:BE>5</odohteu:BE>
    <odohteu:BG></odohteu:BG>
    <odohteu:CZ></odohteu:CZ>
    <odohteu:DK>2</odohteu:DK>
    <odohteu:DE>2</odohteu:DE>
    <odohteu:EE>4</odohteu:EE>
    <odohteu:IE>2</odohteu:IE>
    <odohteu:GR></odohteu:GR>
    <odohteu:ES></odohteu:ES>
    <odohteu:FR></odohteu:FR>
    <odohteu:HR></odohteu:HR>
    <odohteu:IT></odohteu:IT>
    <odohteu:CY>3</odohteu:CY>
    <odohteu:LV></odohteu:LV>
    <odohteu:LT></odohteu:LT>
    <odohteu:LU></odohteu:LU>
    <odohteu:HU></odohteu:HU>
    <odohteu:MT>0</odohteu:MT>
    <odohteu:NL>57</odohteu:NL>
    <odohteu:AT>9</odohteu:AT>
    <odohteu:PL>15</odohteu:PL>
    <odohteu:PT></odohteu:PT>
    <odohteu:RO></odohteu:RO>
    <odohteu:SI></odohteu:SI>
    <odohteu:SK>1</odohteu:SK>
    <odohteu:FI>2</odohteu:FI>
    <odohteu:SE></odohteu:SE>
    <odohteu:UK> &quot;997&quot;</odohteu:UK>
  </row>
  <row>
    <odohteu:Non-EuMemberStates>China</odohteu:Non-EuMemberStates>
    <odohteu:BE>5</odohteu:BE>
    <odohteu:BG></odohteu:BG>
    <odohteu:CZ></odohteu:CZ>
    <odohteu:DK></odohteu:DK>
    <odohteu:DE>8</odohteu:DE>
    <odohteu:EE></odohteu:EE>
    <odohteu:IE>1</odohteu:IE>
    <odohteu:GR></odohteu:GR>
    <odohteu:ES>86 205</odohteu:ES>
    <odohteu:FR></odohteu:FR>
    <odohteu:HR></odohteu:HR>
    <odohteu:IT>26</odohteu:IT>
    <odohteu:CY></odohteu:CY>
    <odohteu:LV></odohteu:LV>
    <odohteu:LT></odohteu:LT>
    <odohteu:LU>3</odohteu:LU>
    <odohteu:HU></odohteu:HU>
    <odohteu:MT>1</odohteu:MT>
    <odohteu:NL>33</odohteu:NL>
    <odohteu:AT>27</odohteu:AT>
    <odohteu:PL></odohteu:PL>
    <odohteu:PT>0</odohteu:PT>
    <odohteu:RO></odohteu:RO>
    <odohteu:SI></odohteu:SI>
    <odohteu:SK></odohteu:SK>
    <odohteu:FI>4</odohteu:FI>
    <odohteu:SE></odohteu:SE>
    <odohteu:UK>340</odohteu:UK>
  </row>
  <row>
    <odohteu:Non-EuMemberStates>Eritrea</odohteu:Non-EuMemberStates>
    <odohteu:BE></odohteu:BE>
    <odohteu:BG></odohteu:BG>
    <odohteu:CZ></odohteu:CZ>
    <odohteu:DK>1</odohteu:DK>
    <odohteu:DE></odohteu:DE>
    <odohteu:EE></odohteu:EE>
    <odohteu:IE></odohteu:IE>
    <odohteu:GR>2</odohteu:GR>
    <odohteu:ES></odohteu:ES>
    <odohteu:FR></odohteu:FR>
    <odohteu:HR></odohteu:HR>
    <odohteu:IT></odohteu:IT>
    <odohteu:CY></odohteu:CY>
    <odohteu:LV></odohteu:LV>
    <odohteu:LT></odohteu:LT>
    <odohteu:LU></odohteu:LU>
    <odohteu:HU></odohteu:HU>
    <odohteu:MT></odohteu:MT>
    <odohteu:NL>37</odohteu:NL>
    <odohteu:AT></odohteu:AT>
    <odohteu:PL></odohteu:PL>
    <odohteu:PT></odohteu:PT>
    <odohteu:RO></odohteu:RO>
    <odohteu:SI></odohteu:SI>
    <odohteu:SK></odohteu:SK>
    <odohteu:FI>1</odohteu:FI>
    <odohteu:SE></odohteu:SE>
    <odohteu:UK>246</odohteu:UK>
  </row>
  <row>
    <odohteu:Non-EuMemberStates>India</odohteu:Non-EuMemberStates>
    <odohteu:BE>13</odohteu:BE>
    <odohteu:BG></odohteu:BG>
    <odohteu:CZ></odohteu:CZ>
    <odohteu:DK></odohteu:DK>
    <odohteu:DE>3</odohteu:DE>
    <odohteu:EE></odohteu:EE>
    <odohteu:IE>1</odohteu:IE>
    <odohteu:GR></odohteu:GR>
    <odohteu:ES>1</odohteu:ES>
    <odohteu:FR>4</odohteu:FR>
    <odohteu:HR></odohteu:HR>
    <odohteu:IT>11</odohteu:IT>
    <odohteu:CY>17</odohteu:CY>
    <odohteu:LV></odohteu:LV>
    <odohteu:LT></odohteu:LT>
    <odohteu:LU></odohteu:LU>
    <odohteu:HU></odohteu:HU>
    <odohteu:MT></odohteu:MT>
    <odohteu:NL>19</odohteu:NL>
    <odohteu:AT>1</odohteu:AT>
    <odohteu:PL></odohteu:PL>
    <odohteu:PT>3</odohteu:PT>
    <odohteu:RO></odohteu:RO>
    <odohteu:SI></odohteu:SI>
    <odohteu:SK></odohteu:SK>
    <odohteu:FI>5</odohteu:FI>
    <odohteu:SE></odohteu:SE>
    <odohteu:UK>171</odohteu:UK>
  </row>
  <row>
    <odohteu:Non-EuMemberStates>Morocco</odohteu:Non-EuMemberStates>
    <odohteu:BE>32</odohteu:BE>
    <odohteu:BG></odohteu:BG>
    <odohteu:CZ></odohteu:CZ>
    <odohteu:DK>4</odohteu:DK>
    <odohteu:DE></odohteu:DE>
    <odohteu:EE></odohteu:EE>
    <odohteu:IE></odohteu:IE>
    <odohteu:GR>5</odohteu:GR>
    <odohteu:ES>9</odohteu:ES>
    <odohteu:FR>49</odohteu:FR>
    <odohteu:HR></odohteu:HR>
    <odohteu:IT>81</odohteu:IT>
    <odohteu:CY></odohteu:CY>
    <odohteu:LV></odohteu:LV>
    <odohteu:LT></odohteu:LT>
    <odohteu:LU>1</odohteu:LU>
    <odohteu:HU></odohteu:HU>
    <odohteu:MT></odohteu:MT>
    <odohteu:NL>30</odohteu:NL>
    <odohteu:AT>2</odohteu:AT>
    <odohteu:PL>2</odohteu:PL>
    <odohteu:PT></odohteu:PT>
    <odohteu:RO></odohteu:RO>
    <odohteu:SI></odohteu:SI>
    <odohteu:SK></odohteu:SK>
    <odohteu:FI>3</odohteu:FI>
    <odohteu:SE></odohteu:SE>
    <odohteu:UK></odohteu:UK>
  </row>
  <row>
    <odohteu:Non-EuMemberStates>Afghanistan</odohteu:Non-EuMemberStates>
    <odohteu:BE></odohteu:BE>
    <odohteu:BG></odohteu:BG>
    <odohteu:CZ></odohteu:CZ>
    <odohteu:DK>2</odohteu:DK>
    <odohteu:DE></odohteu:DE>
    <odohteu:EE></odohteu:EE>
    <odohteu:IE></odohteu:IE>
    <odohteu:GR>12</odohteu:GR>
    <odohteu:ES></odohteu:ES>
    <odohteu:FR>5</odohteu:FR>
    <odohteu:HR>3</odohteu:HR>
    <odohteu:IT></odohteu:IT>
    <odohteu:CY></odohteu:CY>
    <odohteu:LV></odohteu:LV>
    <odohteu:LT></odohteu:LT>
    <odohteu:LU></odohteu:LU>
    <odohteu:HU></odohteu:HU>
    <odohteu:MT></odohteu:MT>
    <odohteu:NL>37</odohteu:NL>
    <odohteu:AT>8</odohteu:AT>
    <odohteu:PL></odohteu:PL>
    <odohteu:PT></odohteu:PT>
    <odohteu:RO></odohteu:RO>
    <odohteu:SI></odohteu:SI>
    <odohteu:SK></odohteu:SK>
    <odohteu:FI>15</odohteu:FI>
    <odohteu:SE></odohteu:SE>
    <odohteu:UK>131</odohteu:UK>
  </row>
  <row>
    <odohteu:Non-EuMemberStates>Philippines</odohteu:Non-EuMemberStates>
    <odohteu:BE>1</odohteu:BE>
    <odohteu:BG></odohteu:BG>
    <odohteu:CZ></odohteu:CZ>
    <odohteu:DK></odohteu:DK>
    <odohteu:DE></odohteu:DE>
    <odohteu:EE></odohteu:EE>
    <odohteu:IE>3</odohteu:IE>
    <odohteu:GR></odohteu:GR>
    <odohteu:ES></odohteu:ES>
    <odohteu:FR>1</odohteu:FR>
    <odohteu:HR>1</odohteu:HR>
    <odohteu:IT>4</odohteu:IT>
    <odohteu:CY>2</odohteu:CY>
    <odohteu:LV></odohteu:LV>
    <odohteu:LT></odohteu:LT>
    <odohteu:LU></odohteu:LU>
    <odohteu:HU></odohteu:HU>
    <odohteu:MT>32</odohteu:MT>
    <odohteu:NL>32</odohteu:NL>
    <odohteu:AT>52</odohteu:AT>
    <odohteu:PL></odohteu:PL>
    <odohteu:PT>3</odohteu:PT>
    <odohteu:RO></odohteu:RO>
    <odohteu:SI></odohteu:SI>
    <odohteu:SK>1</odohteu:SK>
    <odohteu:FI>2</odohteu:FI>
    <odohteu:SE></odohteu:SE>
    <odohteu:UK>73</odohteu:UK>
  </row>
  <row>
    <odohteu:Non-EuMemberStates>Pakistan</odohteu:Non-EuMemberStates>
    <odohteu:BE>3</odohteu:BE>
    <odohteu:BG></odohteu:BG>
    <odohteu:CZ></odohteu:CZ>
    <odohteu:DK></odohteu:DK>
    <odohteu:DE>3</odohteu:DE>
    <odohteu:EE></odohteu:EE>
    <odohteu:IE>2</odohteu:IE>
    <odohteu:GR>22</odohteu:GR>
    <odohteu:ES>11</odohteu:ES>
    <odohteu:FR>1</odohteu:FR>
    <odohteu:HR>2</odohteu:HR>
    <odohteu:IT>26</odohteu:IT>
    <odohteu:CY></odohteu:CY>
    <odohteu:LV></odohteu:LV>
    <odohteu:LT></odohteu:LT>
    <odohteu:LU>1</odohteu:LU>
    <odohteu:HU></odohteu:HU>
    <odohteu:MT></odohteu:MT>
    <odohteu:NL>1</odohteu:NL>
    <odohteu:AT></odohteu:AT>
    <odohteu:PL></odohteu:PL>
    <odohteu:PT>5</odohteu:PT>
    <odohteu:RO></odohteu:RO>
    <odohteu:SI></odohteu:SI>
    <odohteu:SK></odohteu:SK>
    <odohteu:FI></odohteu:FI>
    <odohteu:SE></odohteu:SE>
    <odohteu:UK>126</odohteu:UK>
  </row>
  <row>
    <odohteu:Non-EuMemberStates>Ukraine</odohteu:Non-EuMemberStates>
    <odohteu:BE></odohteu:BE>
    <odohteu:BG></odohteu:BG>
    <odohteu:CZ>3</odohteu:CZ>
    <odohteu:DK>2</odohteu:DK>
    <odohteu:DE>49</odohteu:DE>
    <odohteu:EE></odohteu:EE>
    <odohteu:IE></odohteu:IE>
    <odohteu:GR>17</odohteu:GR>
    <odohteu:ES>2</odohteu:ES>
    <odohteu:FR>1</odohteu:FR>
    <odohteu:HR></odohteu:HR>
    <odohteu:IT>9</odohteu:IT>
    <odohteu:CY>4</odohteu:CY>
    <odohteu:LV></odohteu:LV>
    <odohteu:LT></odohteu:LT>
    <odohteu:LU></odohteu:LU>
    <odohteu:HU></odohteu:HU>
    <odohteu:MT>2</odohteu:MT>
    <odohteu:NL>13</odohteu:NL>
    <odohteu:AT>9</odohteu:AT>
    <odohteu:PL>48</odohteu:PL>
    <odohteu:PT>0</odohteu:PT>
    <odohteu:RO></odohteu:RO>
    <odohteu:SI>21</odohteu:SI>
    <odohteu:SK></odohteu:SK>
    <odohteu:FI>4</odohteu:FI>
    <odohteu:SE></odohteu:SE>
    <odohteu:UK></odohteu:UK>
  </row>
  <row>
    <odohteu:Non-EuMemberStates>Sudan</odohteu:Non-EuMemberStates>
    <odohteu:BE></odohteu:BE>
    <odohteu:BG></odohteu:BG>
    <odohteu:CZ></odohteu:CZ>
    <odohteu:DK>1</odohteu:DK>
    <odohteu:DE></odohteu:DE>
    <odohteu:EE></odohteu:EE>
    <odohteu:IE></odohteu:IE>
    <odohteu:GR>1</odohteu:GR>
    <odohteu:ES></odohteu:ES>
    <odohteu:FR></odohteu:FR>
    <odohteu:HR></odohteu:HR>
    <odohteu:IT></odohteu:IT>
    <odohteu:CY></odohteu:CY>
    <odohteu:LV></odohteu:LV>
    <odohteu:LT></odohteu:LT>
    <odohteu:LU></odohteu:LU>
    <odohteu:HU></odohteu:HU>
    <odohteu:MT></odohteu:MT>
    <odohteu:NL>3</odohteu:NL>
    <odohteu:AT></odohteu:AT>
    <odohteu:PL></odohteu:PL>
    <odohteu:PT></odohteu:PT>
    <odohteu:RO></odohteu:RO>
    <odohteu:SI></odohteu:SI>
    <odohteu:SK></odohteu:SK>
    <odohteu:FI></odohteu:FI>
    <odohteu:SE></odohteu:SE>
    <odohteu:UK>162</odohteu:UK>
  </row>
  <row>
    <odohteu:Non-EuMemberStates>Bangladesh</odohteu:Non-EuMemberStates>
    <odohteu:BE>3</odohteu:BE>
    <odohteu:BG></odohteu:BG>
    <odohteu:CZ></odohteu:CZ>
    <odohteu:DK>1</odohteu:DK>
    <odohteu:DE></odohteu:DE>
    <odohteu:EE></odohteu:EE>
    <odohteu:IE></odohteu:IE>
    <odohteu:GR>2</odohteu:GR>
    <odohteu:ES></odohteu:ES>
    <odohteu:FR>15</odohteu:FR>
    <odohteu:HR></odohteu:HR>
    <odohteu:IT>12</odohteu:IT>
    <odohteu:CY>8</odohteu:CY>
    <odohteu:LV></odohteu:LV>
    <odohteu:LT></odohteu:LT>
    <odohteu:LU></odohteu:LU>
    <odohteu:HU></odohteu:HU>
    <odohteu:MT></odohteu:MT>
    <odohteu:NL>2</odohteu:NL>
    <odohteu:AT></odohteu:AT>
    <odohteu:PL></odohteu:PL>
    <odohteu:PT>0</odohteu:PT>
    <odohteu:RO></odohteu:RO>
    <odohteu:SI></odohteu:SI>
    <odohteu:SK></odohteu:SK>
    <odohteu:FI>10</odohteu:FI>
    <odohteu:SE></odohteu:SE>
    <odohteu:UK>98</odohteu:UK>
  </row>
  <row>
    <odohteu:Non-EuMemberStates>Bosnia and Herzegovina</odohteu:Non-EuMemberStates>
    <odohteu:BE></odohteu:BE>
    <odohteu:BG></odohteu:BG>
    <odohteu:CZ></odohteu:CZ>
    <odohteu:DK></odohteu:DK>
    <odohteu:DE>9</odohteu:DE>
    <odohteu:EE></odohteu:EE>
    <odohteu:IE></odohteu:IE>
    <odohteu:GR></odohteu:GR>
    <odohteu:ES>9</odohteu:ES>
    <odohteu:FR>5</odohteu:FR>
    <odohteu:HR>2</odohteu:HR>
    <odohteu:IT>11</odohteu:IT>
    <odohteu:CY></odohteu:CY>
    <odohteu:LV></odohteu:LV>
    <odohteu:LT></odohteu:LT>
    <odohteu:LU></odohteu:LU>
    <odohteu:HU></odohteu:HU>
    <odohteu:MT></odohteu:MT>
    <odohteu:NL>11</odohteu:NL>
    <odohteu:AT>83</odohteu:AT>
    <odohteu:PL></odohteu:PL>
    <odohteu:PT></odohteu:PT>
    <odohteu:RO></odohteu:RO>
    <odohteu:SI>1</odohteu:SI>
    <odohteu:SK></odohteu:SK>
    <odohteu:FI></odohteu:FI>
    <odohteu:SE></odohteu:SE>
    <odohteu:UK></odohteu:UK>
  </row>
  <row>
    <odohteu:Non-EuMemberStates>Ghana</odohteu:Non-EuMemberStates>
    <odohteu:BE>3</odohteu:BE>
    <odohteu:BG></odohteu:BG>
    <odohteu:CZ></odohteu:CZ>
    <odohteu:DK></odohteu:DK>
    <odohteu:DE>5</odohteu:DE>
    <odohteu:EE></odohteu:EE>
    <odohteu:IE>2</odohteu:IE>
    <odohteu:GR>2</odohteu:GR>
    <odohteu:ES>3</odohteu:ES>
    <odohteu:FR>1</odohteu:FR>
    <odohteu:HR></odohteu:HR>
    <odohteu:IT>27</odohteu:IT>
    <odohteu:CY></odohteu:CY>
    <odohteu:LV></odohteu:LV>
    <odohteu:LT></odohteu:LT>
    <odohteu:LU></odohteu:LU>
    <odohteu:HU></odohteu:HU>
    <odohteu:MT></odohteu:MT>
    <odohteu:NL>6</odohteu:NL>
    <odohteu:AT></odohteu:AT>
    <odohteu:PL></odohteu:PL>
    <odohteu:PT></odohteu:PT>
    <odohteu:RO></odohteu:RO>
    <odohteu:SI></odohteu:SI>
    <odohteu:SK></odohteu:SK>
    <odohteu:FI></odohteu:FI>
    <odohteu:SE></odohteu:SE>
    <odohteu:UK>80</odohteu:UK>
  </row>
  <row>
    <odohteu:Non-EuMemberStates>Ethiopia</odohteu:Non-EuMemberStates>
    <odohteu:BE>3</odohteu:BE>
    <odohteu:BG></odohteu:BG>
    <odohteu:CZ></odohteu:CZ>
    <odohteu:DK>1</odohteu:DK>
    <odohteu:DE></odohteu:DE>
    <odohteu:EE></odohteu:EE>
    <odohteu:IE>1</odohteu:IE>
    <odohteu:GR></odohteu:GR>
    <odohteu:ES></odohteu:ES>
    <odohteu:FR></odohteu:FR>
    <odohteu:HR></odohteu:HR>
    <odohteu:IT></odohteu:IT>
    <odohteu:CY></odohteu:CY>
    <odohteu:LV></odohteu:LV>
    <odohteu:LT></odohteu:LT>
    <odohteu:LU></odohteu:LU>
    <odohteu:HU></odohteu:HU>
    <odohteu:MT>1</odohteu:MT>
    <odohteu:NL>1</odohteu:NL>
    <odohteu:AT>7</odohteu:AT>
    <odohteu:PL></odohteu:PL>
    <odohteu:PT></odohteu:PT>
    <odohteu:RO></odohteu:RO>
    <odohteu:SI></odohteu:SI>
    <odohteu:SK></odohteu:SK>
    <odohteu:FI>4</odohteu:FI>
    <odohteu:SE></odohteu:SE>
    <odohteu:UK>101</odohteu:UK>
  </row>
  <row>
    <odohteu:Non-EuMemberStates>Iran, Islam ic Republic of</odohteu:Non-EuMemberStates>
    <odohteu:BE>1</odohteu:BE>
    <odohteu:BG></odohteu:BG>
    <odohteu:CZ></odohteu:CZ>
    <odohteu:DK></odohteu:DK>
    <odohteu:DE></odohteu:DE>
    <odohteu:EE></odohteu:EE>
    <odohteu:IE></odohteu:IE>
    <odohteu:GR>7</odohteu:GR>
    <odohteu:ES></odohteu:ES>
    <odohteu:FR></odohteu:FR>
    <odohteu:HR></odohteu:HR>
    <odohteu:IT></odohteu:IT>
    <odohteu:CY></odohteu:CY>
    <odohteu:LV></odohteu:LV>
    <odohteu:LT></odohteu:LT>
    <odohteu:LU></odohteu:LU>
    <odohteu:HU></odohteu:HU>
    <odohteu:MT></odohteu:MT>
    <odohteu:NL>10</odohteu:NL>
    <odohteu:AT>2</odohteu:AT>
    <odohteu:PL></odohteu:PL>
    <odohteu:PT></odohteu:PT>
    <odohteu:RO></odohteu:RO>
    <odohteu:SI></odohteu:SI>
    <odohteu:SK></odohteu:SK>
    <odohteu:FI>1</odohteu:FI>
    <odohteu:SE></odohteu:SE>
    <odohteu:UK>84</odohteu:UK>
  </row>
  <row>
    <odohteu:Non-EuMemberStates>Thailand</odohteu:Non-EuMemberStates>
    <odohteu:BE>9</odohteu:BE>
    <odohteu:BG></odohteu:BG>
    <odohteu:CZ></odohteu:CZ>
    <odohteu:DK>9</odohteu:DK>
    <odohteu:DE>6</odohteu:DE>
    <odohteu:EE></odohteu:EE>
    <odohteu:IE></odohteu:IE>
    <odohteu:GR></odohteu:GR>
    <odohteu:ES></odohteu:ES>
    <odohteu:FR>3</odohteu:FR>
    <odohteu:HR>2</odohteu:HR>
    <odohteu:IT></odohteu:IT>
    <odohteu:CY></odohteu:CY>
    <odohteu:LV></odohteu:LV>
    <odohteu:LT></odohteu:LT>
    <odohteu:LU></odohteu:LU>
    <odohteu:HU></odohteu:HU>
    <odohteu:MT></odohteu:MT>
    <odohteu:NL>9</odohteu:NL>
    <odohteu:AT></odohteu:AT>
    <odohteu:PL></odohteu:PL>
    <odohteu:PT>0</odohteu:PT>
    <odohteu:RO></odohteu:RO>
    <odohteu:SI></odohteu:SI>
    <odohteu:SK></odohteu:SK>
    <odohteu:FI>27</odohteu:FI>
    <odohteu:SE></odohteu:SE>
    <odohteu:UK>39</odohteu:UK>
  </row>
  <row>
    <odohteu:Non-EuMemberStates>Som alia</odohteu:Non-EuMemberStates>
    <odohteu:BE></odohteu:BE>
    <odohteu:BG></odohteu:BG>
    <odohteu:CZ></odohteu:CZ>
    <odohteu:DK>2</odohteu:DK>
    <odohteu:DE></odohteu:DE>
    <odohteu:EE></odohteu:EE>
    <odohteu:IE></odohteu:IE>
    <odohteu:GR>1</odohteu:GR>
    <odohteu:ES></odohteu:ES>
    <odohteu:FR></odohteu:FR>
    <odohteu:HR></odohteu:HR>
    <odohteu:IT></odohteu:IT>
    <odohteu:CY></odohteu:CY>
    <odohteu:LV></odohteu:LV>
    <odohteu:LT></odohteu:LT>
    <odohteu:LU></odohteu:LU>
    <odohteu:HU></odohteu:HU>
    <odohteu:MT></odohteu:MT>
    <odohteu:NL>8</odohteu:NL>
    <odohteu:AT>5</odohteu:AT>
    <odohteu:PL></odohteu:PL>
    <odohteu:PT></odohteu:PT>
    <odohteu:RO></odohteu:RO>
    <odohteu:SI></odohteu:SI>
    <odohteu:SK></odohteu:SK>
    <odohteu:FI>29</odohteu:FI>
    <odohteu:SE></odohteu:SE>
    <odohteu:UK>58</odohteu:UK>
  </row>
  <row>
    <odohteu:Non-EuMemberStates>Cam eroon</odohteu:Non-EuMemberStates>
    <odohteu:BE>4</odohteu:BE>
    <odohteu:BG></odohteu:BG>
    <odohteu:CZ></odohteu:CZ>
    <odohteu:DK></odohteu:DK>
    <odohteu:DE>3</odohteu:DE>
    <odohteu:EE></odohteu:EE>
    <odohteu:IE></odohteu:IE>
    <odohteu:GR>7</odohteu:GR>
    <odohteu:ES>1</odohteu:ES>
    <odohteu:FR>17</odohteu:FR>
    <odohteu:HR></odohteu:HR>
    <odohteu:IT>13</odohteu:IT>
    <odohteu:CY>6</odohteu:CY>
    <odohteu:LV></odohteu:LV>
    <odohteu:LT></odohteu:LT>
    <odohteu:LU></odohteu:LU>
    <odohteu:HU></odohteu:HU>
    <odohteu:MT></odohteu:MT>
    <odohteu:NL>8</odohteu:NL>
    <odohteu:AT>3</odohteu:AT>
    <odohteu:PL></odohteu:PL>
    <odohteu:PT>0</odohteu:PT>
    <odohteu:RO></odohteu:RO>
    <odohteu:SI></odohteu:SI>
    <odohteu:SK></odohteu:SK>
    <odohteu:FI>3</odohteu:FI>
    <odohteu:SE></odohteu:SE>
    <odohteu:UK>35</odohteu:UK>
  </row>
  <row>
    <odohteu:Non-EuMemberStates>Uganda</odohteu:Non-EuMemberStates>
    <odohteu:BE></odohteu:BE>
    <odohteu:BG></odohteu:BG>
    <odohteu:CZ></odohteu:CZ>
    <odohteu:DK>3</odohteu:DK>
    <odohteu:DE></odohteu:DE>
    <odohteu:EE></odohteu:EE>
    <odohteu:IE>1</odohteu:IE>
    <odohteu:GR>2</odohteu:GR>
    <odohteu:ES>1</odohteu:ES>
    <odohteu:FR></odohteu:FR>
    <odohteu:HR></odohteu:HR>
    <odohteu:IT></odohteu:IT>
    <odohteu:CY></odohteu:CY>
    <odohteu:LV></odohteu:LV>
    <odohteu:LT></odohteu:LT>
    <odohteu:LU></odohteu:LU>
    <odohteu:HU></odohteu:HU>
    <odohteu:MT></odohteu:MT>
    <odohteu:NL>44</odohteu:NL>
    <odohteu:AT></odohteu:AT>
    <odohteu:PL></odohteu:PL>
    <odohteu:PT></odohteu:PT>
    <odohteu:RO></odohteu:RO>
    <odohteu:SI></odohteu:SI>
    <odohteu:SK></odohteu:SK>
    <odohteu:FI>1</odohteu:FI>
    <odohteu:SE></odohteu:SE>
    <odohteu:UK>47</odohteu:UK>
  </row>
  <row>
    <odohteu:Non-EuMemberStates>Brazil</odohteu:Non-EuMemberStates>
    <odohteu:BE>3</odohteu:BE>
    <odohteu:BG></odohteu:BG>
    <odohteu:CZ></odohteu:CZ>
    <odohteu:DK></odohteu:DK>
    <odohteu:DE></odohteu:DE>
    <odohteu:EE></odohteu:EE>
    <odohteu:IE>4</odohteu:IE>
    <odohteu:GR></odohteu:GR>
    <odohteu:ES>8</odohteu:ES>
    <odohteu:FR>20</odohteu:FR>
    <odohteu:HR></odohteu:HR>
    <odohteu:IT>13</odohteu:IT>
    <odohteu:CY></odohteu:CY>
    <odohteu:LV></odohteu:LV>
    <odohteu:LT></odohteu:LT>
    <odohteu:LU>5</odohteu:LU>
    <odohteu:HU></odohteu:HU>
    <odohteu:MT></odohteu:MT>
    <odohteu:NL>17</odohteu:NL>
    <odohteu:AT>1</odohteu:AT>
    <odohteu:PL></odohteu:PL>
    <odohteu:PT>14</odohteu:PT>
    <odohteu:RO></odohteu:RO>
    <odohteu:SI></odohteu:SI>
    <odohteu:SK></odohteu:SK>
    <odohteu:FI></odohteu:FI>
    <odohteu:SE></odohteu:SE>
    <odohteu:UK></odohteu:UK>
  </row>
  <row>
    <odohteu:Non-EuMemberStates>Serbia</odohteu:Non-EuMemberStates>
    <odohteu:BE>5</odohteu:BE>
    <odohteu:BG></odohteu:BG>
    <odohteu:CZ></odohteu:CZ>
    <odohteu:DK>1</odohteu:DK>
    <odohteu:DE>10</odohteu:DE>
    <odohteu:EE></odohteu:EE>
    <odohteu:IE>1</odohteu:IE>
    <odohteu:GR></odohteu:GR>
    <odohteu:ES></odohteu:ES>
    <odohteu:FR>3</odohteu:FR>
    <odohteu:HR></odohteu:HR>
    <odohteu:IT>6</odohteu:IT>
    <odohteu:CY></odohteu:CY>
    <odohteu:LV></odohteu:LV>
    <odohteu:LT></odohteu:LT>
    <odohteu:LU></odohteu:LU>
    <odohteu:HU></odohteu:HU>
    <odohteu:MT></odohteu:MT>
    <odohteu:NL>4</odohteu:NL>
    <odohteu:AT>23</odohteu:AT>
    <odohteu:PL></odohteu:PL>
    <odohteu:PT></odohteu:PT>
    <odohteu:RO></odohteu:RO>
    <odohteu:SI>15</odohteu:SI>
    <odohteu:SK></odohteu:SK>
    <odohteu:FI></odohteu:FI>
    <odohteu:SE></odohteu:SE>
    <odohteu:UK></odohteu:UK>
  </row>
  <row>
    <odohteu:Non-EuMemberStates>Sierra Leone</odohteu:Non-EuMemberStates>
    <odohteu:BE></odohteu:BE>
    <odohteu:BG></odohteu:BG>
    <odohteu:CZ></odohteu:CZ>
    <odohteu:DK></odohteu:DK>
    <odohteu:DE></odohteu:DE>
    <odohteu:EE></odohteu:EE>
    <odohteu:IE></odohteu:IE>
    <odohteu:GR></odohteu:GR>
    <odohteu:ES></odohteu:ES>
    <odohteu:FR></odohteu:FR>
    <odohteu:HR></odohteu:HR>
    <odohteu:IT>6</odohteu:IT>
    <odohteu:CY></odohteu:CY>
    <odohteu:LV></odohteu:LV>
    <odohteu:LT></odohteu:LT>
    <odohteu:LU></odohteu:LU>
    <odohteu:HU></odohteu:HU>
    <odohteu:MT></odohteu:MT>
    <odohteu:NL></odohteu:NL>
    <odohteu:AT>30</odohteu:AT>
    <odohteu:PL></odohteu:PL>
    <odohteu:PT></odohteu:PT>
    <odohteu:RO></odohteu:RO>
    <odohteu:SI></odohteu:SI>
    <odohteu:SK></odohteu:SK>
    <odohteu:FI></odohteu:FI>
    <odohteu:SE></odohteu:SE>
    <odohteu:UK>20</odohteu:UK>
  </row>
  <row>
    <odohteu:Non-EuMemberStates>Congo</odohteu:Non-EuMemberStates>
    <odohteu:BE> the Dem ocratic&quot;</odohteu:BE>
    <odohteu:BG>1</odohteu:BG>
    <odohteu:CZ></odohteu:CZ>
    <odohteu:DK></odohteu:DK>
    <odohteu:DE></odohteu:DE>
    <odohteu:EE></odohteu:EE>
    <odohteu:IE></odohteu:IE>
    <odohteu:GR>1</odohteu:GR>
    <odohteu:ES></odohteu:ES>
    <odohteu:FR></odohteu:FR>
    <odohteu:HR>1</odohteu:HR>
    <odohteu:IT></odohteu:IT>
    <odohteu:CY>6</odohteu:CY>
    <odohteu:LV></odohteu:LV>
    <odohteu:LT></odohteu:LT>
    <odohteu:LU></odohteu:LU>
    <odohteu:HU></odohteu:HU>
    <odohteu:MT></odohteu:MT>
    <odohteu:NL></odohteu:NL>
    <odohteu:AT>30</odohteu:AT>
    <odohteu:PL>1</odohteu:PL>
    <odohteu:PT>4</odohteu:PT>
    <odohteu:RO>0</odohteu:RO>
    <odohteu:SI></odohteu:SI>
    <odohteu:SK></odohteu:SK>
    <odohteu:FI></odohteu:FI>
    <odohteu:SE></odohteu:SE>
    <odohteu:UK>20</odohteu:UK>
  </row>
  <row>
    <odohteu:Non-EuMemberStates>Republic of the</odohteu:Non-EuMemberStates>
    <odohteu:BE>1</odohteu:BE>
    <odohteu:BG></odohteu:BG>
    <odohteu:CZ></odohteu:CZ>
    <odohteu:DK></odohteu:DK>
    <odohteu:DE></odohteu:DE>
    <odohteu:EE></odohteu:EE>
    <odohteu:IE></odohteu:IE>
    <odohteu:GR></odohteu:GR>
    <odohteu:ES>1</odohteu:ES>
    <odohteu:FR>1</odohteu:FR>
    <odohteu:HR></odohteu:HR>
    <odohteu:IT></odohteu:IT>
    <odohteu:CY></odohteu:CY>
    <odohteu:LV></odohteu:LV>
    <odohteu:LT></odohteu:LT>
    <odohteu:LU></odohteu:LU>
    <odohteu:HU></odohteu:HU>
    <odohteu:MT></odohteu:MT>
    <odohteu:NL>16</odohteu:NL>
    <odohteu:AT></odohteu:AT>
    <odohteu:PL></odohteu:PL>
    <odohteu:PT>0</odohteu:PT>
    <odohteu:RO></odohteu:RO>
    <odohteu:SI></odohteu:SI>
    <odohteu:SK></odohteu:SK>
    <odohteu:FI></odohteu:FI>
    <odohteu:SE></odohteu:SE>
    <odohteu:UK>42</odohteu:UK>
  </row>
  <row>
    <odohteu:Non-EuMemberStates>Iraq</odohteu:Non-EuMemberStates>
    <odohteu:BE></odohteu:BE>
    <odohteu:BG></odohteu:BG>
    <odohteu:CZ></odohteu:CZ>
    <odohteu:DK></odohteu:DK>
    <odohteu:DE></odohteu:DE>
    <odohteu:EE></odohteu:EE>
    <odohteu:IE></odohteu:IE>
    <odohteu:GR>1</odohteu:GR>
    <odohteu:ES></odohteu:ES>
    <odohteu:FR>1</odohteu:FR>
    <odohteu:HR></odohteu:HR>
    <odohteu:IT></odohteu:IT>
    <odohteu:CY></odohteu:CY>
    <odohteu:LV></odohteu:LV>
    <odohteu:LT></odohteu:LT>
    <odohteu:LU></odohteu:LU>
    <odohteu:HU></odohteu:HU>
    <odohteu:MT></odohteu:MT>
    <odohteu:NL>7</odohteu:NL>
    <odohteu:AT>1</odohteu:AT>
    <odohteu:PL></odohteu:PL>
    <odohteu:PT></odohteu:PT>
    <odohteu:RO></odohteu:RO>
    <odohteu:SI></odohteu:SI>
    <odohteu:SK></odohteu:SK>
    <odohteu:FI>12</odohteu:FI>
    <odohteu:SE></odohteu:SE>
    <odohteu:UK>39</odohteu:UK>
  </row>
  <row>
    <odohteu:Non-EuMemberStates>Moldova, Republic of</odohteu:Non-EuMemberStates>
    <odohteu:BE>1</odohteu:BE>
    <odohteu:BG></odohteu:BG>
    <odohteu:CZ></odohteu:CZ>
    <odohteu:DK></odohteu:DK>
    <odohteu:DE>9</odohteu:DE>
    <odohteu:EE></odohteu:EE>
    <odohteu:IE></odohteu:IE>
    <odohteu:GR>11</odohteu:GR>
    <odohteu:ES>5</odohteu:ES>
    <odohteu:FR>2</odohteu:FR>
    <odohteu:HR></odohteu:HR>
    <odohteu:IT>13</odohteu:IT>
    <odohteu:CY>2</odohteu:CY>
    <odohteu:LV></odohteu:LV>
    <odohteu:LT></odohteu:LT>
    <odohteu:LU>1</odohteu:LU>
    <odohteu:HU></odohteu:HU>
    <odohteu:MT></odohteu:MT>
    <odohteu:NL>3</odohteu:NL>
    <odohteu:AT>1</odohteu:AT>
    <odohteu:PL></odohteu:PL>
    <odohteu:PT>0</odohteu:PT>
    <odohteu:RO></odohteu:RO>
    <odohteu:SI>7</odohteu:SI>
    <odohteu:SK></odohteu:SK>
    <odohteu:FI></odohteu:FI>
    <odohteu:SE></odohteu:SE>
    <odohteu:UK></odohteu:UK>
  </row>
  <row>
    <odohteu:Non-EuMemberStates>Nepal</odohteu:Non-EuMemberStates>
    <odohteu:BE></odohteu:BE>
    <odohteu:BG></odohteu:BG>
    <odohteu:CZ></odohteu:CZ>
    <odohteu:DK></odohteu:DK>
    <odohteu:DE>2</odohteu:DE>
    <odohteu:EE></odohteu:EE>
    <odohteu:IE></odohteu:IE>
    <odohteu:GR></odohteu:GR>
    <odohteu:ES></odohteu:ES>
    <odohteu:FR></odohteu:FR>
    <odohteu:HR></odohteu:HR>
    <odohteu:IT></odohteu:IT>
    <odohteu:CY></odohteu:CY>
    <odohteu:LV></odohteu:LV>
    <odohteu:LT></odohteu:LT>
    <odohteu:LU></odohteu:LU>
    <odohteu:HU></odohteu:HU>
    <odohteu:MT></odohteu:MT>
    <odohteu:NL>6</odohteu:NL>
    <odohteu:AT>4</odohteu:AT>
    <odohteu:PL></odohteu:PL>
    <odohteu:PT>40</odohteu:PT>
    <odohteu:RO></odohteu:RO>
    <odohteu:SI></odohteu:SI>
    <odohteu:SK></odohteu:SK>
    <odohteu:FI>3</odohteu:FI>
    <odohteu:SE></odohteu:SE>
    <odohteu:UK></odohteu:UK>
  </row>
  <row>
    <odohteu:Non-EuMemberStates>Other non-EU citizenship</odohteu:Non-EuMemberStates>
    <odohteu:BE>33</odohteu:BE>
    <odohteu:BG></odohteu:BG>
    <odohteu:CZ>0</odohteu:CZ>
    <odohteu:DK>6</odohteu:DK>
    <odohteu:DE>30</odohteu:DE>
    <odohteu:EE>1</odohteu:EE>
    <odohteu:IE>11</odohteu:IE>
    <odohteu:GR>32</odohteu:GR>
    <odohteu:ES>53 181</odohteu:ES>
    <odohteu:FR></odohteu:FR>
    <odohteu:HR>0</odohteu:HR>
    <odohteu:IT>99</odohteu:IT>
    <odohteu:CY>6</odohteu:CY>
    <odohteu:LV>0</odohteu:LV>
    <odohteu:LT>2</odohteu:LT>
    <odohteu:LU>3</odohteu:LU>
    <odohteu:HU>0</odohteu:HU>
    <odohteu:MT>0</odohteu:MT>
    <odohteu:NL>211</odohteu:NL>
    <odohteu:AT>28</odohteu:AT>
    <odohteu:PL>2</odohteu:PL>
    <odohteu:PT>5</odohteu:PT>
    <odohteu:RO></odohteu:RO>
    <odohteu:SI>4</odohteu:SI>
    <odohteu:SK>0</odohteu:SK>
    <odohteu:FI>14</odohteu:FI>
    <odohteu:SE>0</odohteu:SE>
    <odohteu:UK>128</odohteu:UK>
  </row>
</odohteu:root>
</odohteu:rdf:RDF>