[
 {
   "Non-Eu Member States": "Nigeria",
   "BE": "34",
   "BG": null,
   "CZ": null,
   "DK": 134,
   "DE": 35,
   "EE": null,
   "IE": 23,
   "GR": 19,
   "ES": "54",
   "FR": 84,
   "HR": null,
   "IT": null,
   "CY": "1 012",
   "LV": null,
   "LT": null,
   "LU": null,
   "HU": 1,
   "MT": null,
   "NL": 0,
   "AT": 90,
   "PL": 50,
   "PT": null,
   "RO": 15,
   "SI": null,
   "SK": null,
   "FI": null,
   "SE": 33,
   "UK": "500"
 },
 {
   "Non-Eu Member States": "Albania",
   "BE": "6",
   "BG": null,
   "CZ": null,
   "DK": null,
   "DE": 11,
   "EE": null,
   "IE": 1,
   "GR": 8,
   "ES": "17",
   "FR": null,
   "HR": null,
   "IT": 45,
   "CY": "",
   "LV": null,
   "LT": null,
   "LU": 1,
   "HU": null,
   "MT": null,
   "NL": 9,
   "AT": null,
   "PL": null,
   "PT": null,
   "RO": null,
   "SI": null,
   "SK": null,
   "FI": null,
   "SE": null,
   "UK": "1 299"
 },
 {
   "Non-Eu Member States": "Viet Nam",
   "BE": "5",
   "BG": null,
   "CZ": null,
   "DK": 2,
   "DE": 2,
   "EE": 4,
   "IE": 2,
   "GR": null,
   "ES": "",
   "FR": null,
   "HR": null,
   "IT": null,
   "CY": "3",
   "LV": null,
   "LT": null,
   "LU": null,
   "HU": null,
   "MT": 0,
   "NL": 57,
   "AT": 9,
   "PL": 15,
   "PT": null,
   "RO": null,
   "SI": null,
   "SK": 1,
   "FI": 2,
   "SE": null,
   "UK": " \"997\""
 },
 {
   "Non-Eu Member States": "China",
   "BE": "5",
   "BG": null,
   "CZ": null,
   "DK": null,
   "DE": 8,
   "EE": null,
   "IE": 1,
   "GR": null,
   "ES": "86 205",
   "FR": null,
   "HR": null,
   "IT": 26,
   "CY": "",
   "LV": null,
   "LT": null,
   "LU": 3,
   "HU": null,
   "MT": 1,
   "NL": 33,
   "AT": 27,
   "PL": null,
   "PT": 0,
   "RO": null,
   "SI": null,
   "SK": null,
   "FI": 4,
   "SE": null,
   "UK": "340"
 },
 {
   "Non-Eu Member States": "Eritrea",
   "BE": "",
   "BG": null,
   "CZ": null,
   "DK": 1,
   "DE": null,
   "EE": null,
   "IE": null,
   "GR": 2,
   "ES": "",
   "FR": null,
   "HR": null,
   "IT": null,
   "CY": "",
   "LV": null,
   "LT": null,
   "LU": null,
   "HU": null,
   "MT": null,
   "NL": 37,
   "AT": null,
   "PL": null,
   "PT": null,
   "RO": null,
   "SI": null,
   "SK": null,
   "FI": 1,
   "SE": null,
   "UK": "246"
 },
 {
   "Non-Eu Member States": "India",
   "BE": "13",
   "BG": null,
   "CZ": null,
   "DK": null,
   "DE": 3,
   "EE": null,
   "IE": 1,
   "GR": null,
   "ES": "1",
   "FR": 4,
   "HR": null,
   "IT": 11,
   "CY": "17",
   "LV": null,
   "LT": null,
   "LU": null,
   "HU": null,
   "MT": null,
   "NL": 19,
   "AT": 1,
   "PL": null,
   "PT": 3,
   "RO": null,
   "SI": null,
   "SK": null,
   "FI": 5,
   "SE": null,
   "UK": "171"
 },
 {
   "Non-Eu Member States": "Morocco",
   "BE": "32",
   "BG": null,
   "CZ": null,
   "DK": 4,
   "DE": null,
   "EE": null,
   "IE": null,
   "GR": 5,
   "ES": "9",
   "FR": 49,
   "HR": null,
   "IT": 81,
   "CY": "",
   "LV": null,
   "LT": null,
   "LU": 1,
   "HU": null,
   "MT": null,
   "NL": 30,
   "AT": 2,
   "PL": 2,
   "PT": null,
   "RO": null,
   "SI": null,
   "SK": null,
   "FI": 3,
   "SE": null,
   "UK": ""
 },
 {
   "Non-Eu Member States": "Afghanistan",
   "BE": "",
   "BG": null,
   "CZ": null,
   "DK": 2,
   "DE": null,
   "EE": null,
   "IE": null,
   "GR": 12,
   "ES": "",
   "FR": 5,
   "HR": 3,
   "IT": null,
   "CY": "",
   "LV": null,
   "LT": null,
   "LU": null,
   "HU": null,
   "MT": null,
   "NL": 37,
   "AT": 8,
   "PL": null,
   "PT": null,
   "RO": null,
   "SI": null,
   "SK": null,
   "FI": 15,
   "SE": null,
   "UK": "131"
 },
 {
   "Non-Eu Member States": "Philippines",
   "BE": "1",
   "BG": null,
   "CZ": null,
   "DK": null,
   "DE": null,
   "EE": null,
   "IE": 3,
   "GR": null,
   "ES": "",
   "FR": 1,
   "HR": 1,
   "IT": 4,
   "CY": "2",
   "LV": null,
   "LT": null,
   "LU": null,
   "HU": null,
   "MT": 32,
   "NL": 32,
   "AT": 52,
   "PL": null,
   "PT": 3,
   "RO": null,
   "SI": null,
   "SK": 1,
   "FI": 2,
   "SE": null,
   "UK": "73"
 },
 {
   "Non-Eu Member States": "Pakistan",
   "BE": "3",
   "BG": null,
   "CZ": null,
   "DK": null,
   "DE": 3,
   "EE": null,
   "IE": 2,
   "GR": 22,
   "ES": "11",
   "FR": 1,
   "HR": 2,
   "IT": 26,
   "CY": "",
   "LV": null,
   "LT": null,
   "LU": 1,
   "HU": null,
   "MT": null,
   "NL": 1,
   "AT": null,
   "PL": null,
   "PT": 5,
   "RO": null,
   "SI": null,
   "SK": null,
   "FI": null,
   "SE": null,
   "UK": "126"
 },
 {
   "Non-Eu Member States": "Ukraine",
   "BE": "",
   "BG": null,
   "CZ": 3,
   "DK": 2,
   "DE": 49,
   "EE": null,
   "IE": null,
   "GR": 17,
   "ES": "2",
   "FR": 1,
   "HR": null,
   "IT": 9,
   "CY": "4",
   "LV": null,
   "LT": null,
   "LU": null,
   "HU": null,
   "MT": 2,
   "NL": 13,
   "AT": 9,
   "PL": 48,
   "PT": 0,
   "RO": null,
   "SI": 21,
   "SK": null,
   "FI": 4,
   "SE": null,
   "UK": ""
 },
 {
   "Non-Eu Member States": "Sudan",
   "BE": "",
   "BG": null,
   "CZ": null,
   "DK": 1,
   "DE": null,
   "EE": null,
   "IE": null,
   "GR": 1,
   "ES": "",
   "FR": null,
   "HR": null,
   "IT": null,
   "CY": "",
   "LV": null,
   "LT": null,
   "LU": null,
   "HU": null,
   "MT": null,
   "NL": 3,
   "AT": null,
   "PL": null,
   "PT": null,
   "RO": null,
   "SI": null,
   "SK": null,
   "FI": null,
   "SE": null,
   "UK": "162"
 },
 {
   "Non-Eu Member States": "Bangladesh",
   "BE": "3",
   "BG": null,
   "CZ": null,
   "DK": 1,
   "DE": null,
   "EE": null,
   "IE": null,
   "GR": 2,
   "ES": "",
   "FR": 15,
   "HR": null,
   "IT": 12,
   "CY": "8",
   "LV": null,
   "LT": null,
   "LU": null,
   "HU": null,
   "MT": null,
   "NL": 2,
   "AT": null,
   "PL": null,
   "PT": 0,
   "RO": null,
   "SI": null,
   "SK": null,
   "FI": 10,
   "SE": null,
   "UK": "98"
 },
 {
   "Non-Eu Member States": "Bosnia and Herzegovina",
   "BE": "",
   "BG": null,
   "CZ": null,
   "DK": null,
   "DE": 9,
   "EE": null,
   "IE": null,
   "GR": null,
   "ES": "9",
   "FR": 5,
   "HR": 2,
   "IT": 11,
   "CY": "",
   "LV": null,
   "LT": null,
   "LU": null,
   "HU": null,
   "MT": null,
   "NL": 11,
   "AT": 83,
   "PL": null,
   "PT": null,
   "RO": null,
   "SI": 1,
   "SK": null,
   "FI": null,
   "SE": null,
   "UK": ""
 },
 {
   "Non-Eu Member States": "Ghana",
   "BE": "3",
   "BG": null,
   "CZ": null,
   "DK": null,
   "DE": 5,
   "EE": null,
   "IE": 2,
   "GR": 2,
   "ES": "3",
   "FR": 1,
   "HR": null,
   "IT": 27,
   "CY": "",
   "LV": null,
   "LT": null,
   "LU": null,
   "HU": null,
   "MT": null,
   "NL": 6,
   "AT": null,
   "PL": null,
   "PT": null,
   "RO": null,
   "SI": null,
   "SK": null,
   "FI": null,
   "SE": null,
   "UK": "80"
 },
 {
   "Non-Eu Member States": "Ethiopia",
   "BE": "3",
   "BG": null,
   "CZ": null,
   "DK": 1,
   "DE": null,
   "EE": null,
   "IE": 1,
   "GR": null,
   "ES": "",
   "FR": null,
   "HR": null,
   "IT": null,
   "CY": "",
   "LV": null,
   "LT": null,
   "LU": null,
   "HU": null,
   "MT": 1,
   "NL": 1,
   "AT": 7,
   "PL": null,
   "PT": null,
   "RO": null,
   "SI": null,
   "SK": null,
   "FI": 4,
   "SE": null,
   "UK": "101"
 },
 {
   "Non-Eu Member States": "Iran, Islam ic Republic of",
   "BE": "1",
   "BG": null,
   "CZ": null,
   "DK": null,
   "DE": null,
   "EE": null,
   "IE": null,
   "GR": 7,
   "ES": "",
   "FR": null,
   "HR": null,
   "IT": null,
   "CY": "",
   "LV": null,
   "LT": null,
   "LU": null,
   "HU": null,
   "MT": null,
   "NL": 10,
   "AT": 2,
   "PL": null,
   "PT": null,
   "RO": null,
   "SI": null,
   "SK": null,
   "FI": 1,
   "SE": null,
   "UK": "84"
 },
 {
   "Non-Eu Member States": "Thailand",
   "BE": "9",
   "BG": null,
   "CZ": null,
   "DK": 9,
   "DE": 6,
   "EE": null,
   "IE": null,
   "GR": null,
   "ES": "",
   "FR": 3,
   "HR": 2,
   "IT": null,
   "CY": "",
   "LV": null,
   "LT": null,
   "LU": null,
   "HU": null,
   "MT": null,
   "NL": 9,
   "AT": null,
   "PL": null,
   "PT": 0,
   "RO": null,
   "SI": null,
   "SK": null,
   "FI": 27,
   "SE": null,
   "UK": "39"
 },
 {
   "Non-Eu Member States": "Som alia",
   "BE": "",
   "BG": null,
   "CZ": null,
   "DK": 2,
   "DE": null,
   "EE": null,
   "IE": null,
   "GR": 1,
   "ES": "",
   "FR": null,
   "HR": null,
   "IT": null,
   "CY": "",
   "LV": null,
   "LT": null,
   "LU": null,
   "HU": null,
   "MT": null,
   "NL": 8,
   "AT": 5,
   "PL": null,
   "PT": null,
   "RO": null,
   "SI": null,
   "SK": null,
   "FI": 29,
   "SE": null,
   "UK": "58"
 },
 {
   "Non-Eu Member States": "Cam eroon",
   "BE": "4",
   "BG": null,
   "CZ": null,
   "DK": null,
   "DE": 3,
   "EE": null,
   "IE": null,
   "GR": 7,
   "ES": "1",
   "FR": 17,
   "HR": null,
   "IT": 13,
   "CY": "6",
   "LV": null,
   "LT": null,
   "LU": null,
   "HU": null,
   "MT": null,
   "NL": 8,
   "AT": 3,
   "PL": null,
   "PT": 0,
   "RO": null,
   "SI": null,
   "SK": null,
   "FI": 3,
   "SE": null,
   "UK": "35"
 },
 {
   "Non-Eu Member States": "Uganda",
   "BE": "",
   "BG": null,
   "CZ": null,
   "DK": 3,
   "DE": null,
   "EE": null,
   "IE": 1,
   "GR": 2,
   "ES": "1",
   "FR": null,
   "HR": null,
   "IT": null,
   "CY": "",
   "LV": null,
   "LT": null,
   "LU": null,
   "HU": null,
   "MT": null,
   "NL": 44,
   "AT": null,
   "PL": null,
   "PT": null,
   "RO": null,
   "SI": null,
   "SK": null,
   "FI": 1,
   "SE": null,
   "UK": "47"
 },
 {
   "Non-Eu Member States": "Brazil",
   "BE": "3",
   "BG": null,
   "CZ": null,
   "DK": null,
   "DE": null,
   "EE": null,
   "IE": 4,
   "GR": null,
   "ES": "8",
   "FR": 20,
   "HR": null,
   "IT": 13,
   "CY": "",
   "LV": null,
   "LT": null,
   "LU": 5,
   "HU": null,
   "MT": null,
   "NL": 17,
   "AT": 1,
   "PL": null,
   "PT": 14,
   "RO": null,
   "SI": null,
   "SK": null,
   "FI": null,
   "SE": null,
   "UK": ""
 },
 {
   "Non-Eu Member States": "Serbia",
   "BE": "5",
   "BG": null,
   "CZ": null,
   "DK": 1,
   "DE": 10,
   "EE": null,
   "IE": 1,
   "GR": null,
   "ES": "",
   "FR": 3,
   "HR": null,
   "IT": 6,
   "CY": "",
   "LV": null,
   "LT": null,
   "LU": null,
   "HU": null,
   "MT": null,
   "NL": 4,
   "AT": 23,
   "PL": null,
   "PT": null,
   "RO": null,
   "SI": 15,
   "SK": null,
   "FI": null,
   "SE": null,
   "UK": ""
 },
 {
   "Non-Eu Member States": "Sierra Leone",
   "BE": "",
   "BG": null,
   "CZ": null,
   "DK": null,
   "DE": null,
   "EE": null,
   "IE": null,
   "GR": null,
   "ES": "",
   "FR": null,
   "HR": null,
   "IT": 6,
   "CY": "",
   "LV": null,
   "LT": null,
   "LU": null,
   "HU": null,
   "MT": null,
   "NL": null,
   "AT": 30,
   "PL": null,
   "PT": null,
   "RO": null,
   "SI": null,
   "SK": null,
   "FI": null,
   "SE": null,
   "UK": "20"
 },
 {
   "Non-Eu Member States": "Congo",
   "BE": " the Dem ocratic\"",
   "BG": 1,
   "CZ": null,
   "DK": null,
   "DE": null,
   "EE": null,
   "IE": null,
   "GR": 1,
   "ES": "",
   "FR": null,
   "HR": 1,
   "IT": null,
   "CY": "6",
   "LV": null,
   "LT": null,
   "LU": null,
   "HU": null,
   "MT": null,
   "NL": null,
   "AT": 30,
   "PL": 1,
   "PT": 4,
   "RO": 0,
   "SI": null,
   "SK": null,
   "FI": null,
   "SE": null,
   "UK": "20"
 },
 {
   "Non-Eu Member States": "Republic of the",
   "BE": "1",
   "BG": null,
   "CZ": null,
   "DK": null,
   "DE": null,
   "EE": null,
   "IE": null,
   "GR": null,
   "ES": "1",
   "FR": 1,
   "HR": null,
   "IT": null,
   "CY": "",
   "LV": null,
   "LT": null,
   "LU": null,
   "HU": null,
   "MT": null,
   "NL": 16,
   "AT": null,
   "PL": null,
   "PT": 0,
   "RO": null,
   "SI": null,
   "SK": null,
   "FI": null,
   "SE": null,
   "UK": "42"
 },
 {
   "Non-Eu Member States": "Iraq",
   "BE": "",
   "BG": null,
   "CZ": null,
   "DK": null,
   "DE": null,
   "EE": null,
   "IE": null,
   "GR": 1,
   "ES": "",
   "FR": 1,
   "HR": null,
   "IT": null,
   "CY": "",
   "LV": null,
   "LT": null,
   "LU": null,
   "HU": null,
   "MT": null,
   "NL": 7,
   "AT": 1,
   "PL": null,
   "PT": null,
   "RO": null,
   "SI": null,
   "SK": null,
   "FI": 12,
   "SE": null,
   "UK": "39"
 },
 {
   "Non-Eu Member States": "Moldova, Republic of",
   "BE": "1",
   "BG": null,
   "CZ": null,
   "DK": null,
   "DE": 9,
   "EE": null,
   "IE": null,
   "GR": 11,
   "ES": "5",
   "FR": 2,
   "HR": null,
   "IT": 13,
   "CY": "2",
   "LV": null,
   "LT": null,
   "LU": 1,
   "HU": null,
   "MT": null,
   "NL": 3,
   "AT": 1,
   "PL": null,
   "PT": 0,
   "RO": null,
   "SI": 7,
   "SK": null,
   "FI": null,
   "SE": null,
   "UK": ""
 },
 {
   "Non-Eu Member States": "Nepal",
   "BE": "",
   "BG": null,
   "CZ": null,
   "DK": null,
   "DE": 2,
   "EE": null,
   "IE": null,
   "GR": null,
   "ES": "",
   "FR": null,
   "HR": null,
   "IT": null,
   "CY": "",
   "LV": null,
   "LT": null,
   "LU": null,
   "HU": null,
   "MT": null,
   "NL": 6,
   "AT": 4,
   "PL": null,
   "PT": 40,
   "RO": null,
   "SI": null,
   "SK": null,
   "FI": 3,
   "SE": null,
   "UK": ""
 },
 {
   "Non-Eu Member States": "Other non-EU citizenship",
   "BE": "33",
   "BG": null,
   "CZ": 0,
   "DK": 6,
   "DE": 30,
   "EE": 1,
   "IE": 11,
   "GR": 32,
   "ES": "53 181",
   "FR": null,
   "HR": 0,
   "IT": 99,
   "CY": "6",
   "LV": 0,
   "LT": 2,
   "LU": 3,
   "HU": 0,
   "MT": 0,
   "NL": 211,
   "AT": 28,
   "PL": 2,
   "PT": 5,
   "RO": null,
   "SI": 4,
   "SK": 0,
   "FI": 14,
   "SE": 0,
   "UK": "128"
 }
]