[
 {
   "Destination Country": "Belgium",
   "2015 N": "15",
   "2015 N Known": "16",
   "2015 % Female": "44",
   "2016 N": "12",
   "2016 N Known": "12",
   "2016 % Female": "58",
   "2015-2016 N": "27",
   "2015-2016 N Known": "28",
   "2015-2016 % Female": "50"
 },
 {
   "Destination Country": "Bulgaria",
   "2015 N": ":",
   "2015 N Known": ":",
   "2015 % Female": ":",
   "2016 N": "1",
   "2016 N Known": "1",
   "2016 % Female": "0",
   "2015-2016 N": "1",
   "2015-2016 N Known": "1",
   "2015-2016 % Female": "0"
 },
 {
   "Destination Country": "Czech Republic",
   "2015 N": "7",
   "2015 N Known": "7",
   "2015 % Female": "29",
   "2016 N": "11",
   "2016 N Known": "8",
   "2016 % Female": "25",
   "2015-2016 N": "18",
   "2015-2016 N Known": "15",
   "2015-2016 % Female": "27"
 },
 {
   "Destination Country": "Denmark",
   "2015 N": "55",
   "2015 N Known": "55",
   "2015 % Female": "9",
   "2016 N": "4",
   "2016 N Known": "4",
   "2016 % Female": "75",
   "2015-2016 N": "59",
   "2015-2016 N Known": "59",
   "2015-2016 % Female": "14"
 },
 {
   "Destination Country": "Germany",
   "2015 N": "93",
   "2015 N Known": "93",
   "2015 % Female": "71",
   "2016 N": "86",
   "2016 N Known": "55",
   "2016 % Female": "85",
   "2015-2016 N": "179",
   "2015-2016 N Known": "148",
   "2015-2016 % Female": "76\""
 },
 {
   "Destination Country": "Estonia",
   "2015 N": "11",
   "2015 N Known": "11",
   "2015 % Female": "73",
   "2016 N": "8",
   "2016 N Known": "8",
   "2016 % Female": "88",
   "2015-2016 N": "19",
   "2015-2016 N Known": "19",
   "2015-2016 % Female": "79"
 },
 {
   "Destination Country": "Ireland",
   "2015 N": "21",
   "2015 N Known": "21",
   "2015 % Female": "48",
   "2016 N": "17",
   "2016 N Known": "18",
   "2016 % Female": "56",
   "2015-2016 N": "38",
   "2015-2016 N Known": "39",
   "2015-2016 % Female": "51"
 },
 {
   "Destination Country": "Greece",
   "2015 N": "17",
   "2015 N Known": "17",
   "2015 % Female": "65",
   "2016 N": "15",
   "2016 N Known": "15",
   "2016 % Female": "47",
   "2015-2016 N": "32",
   "2015-2016 N Known": "32",
   "2015-2016 % Female": "56"
 },
 {
   "Destination Country": "Spain",
   "2015 N": "121",
   "2015 N Known": "119",
   "2015 % Female": "18",
   "2016 N": "48",
   "2016 N Known": "48",
   "2016 % Female": "60",
   "2015-2016 N": "169",
   "2015-2016 N Known": "167",
   "2015-2016 % Female": "31"
 },
 {
   "Destination Country": "France",
   "2015 N": "33",
   "2015 N Known": "33",
   "2015 % Female": "79",
   "2016 N": "16",
   "2016 N Known": "18",
   "2016 % Female": "61",
   "2015-2016 N": "49",
   "2015-2016 N Known": "51",
   "2015-2016 % Female": "73"
 },
 {
   "Destination Country": "Croatia",
   "2015 N": "19",
   "2015 N Known": "19",
   "2015 % Female": "100",
   "2016 N": "25",
   "2016 N Known": "25",
   "2016 % Female": "84\"",
   "2015-2016 N": "44",
   "2015-2016 N Known": "44",
   "2015-2016 % Female": "91"
 },
 {
   "Destination Country": "Italy",
   "2015 N": "120",
   "2015 N Known": "123",
   "2015 % Female": "63",
   "2016 N": "72",
   "2016 N Known": "70",
   "2016 % Female": "91",
   "2015-2016 N": "192",
   "2015-2016 N Known": "193",
   "2015-2016 % Female": "73"
 },
 {
   "Destination Country": "Cyprus",
   "2015 N": "4",
   "2015 N Known": "4",
   "2015 % Female": "25",
   "2016 N": "5",
   "2016 N Known": "5",
   "2016 % Female": "100",
   "2015-2016 N": "9",
   "2015-2016 N Known": "9",
   "2015-2016 % Female": "67"
 },
 {
   "Destination Country": "Latvia",
   "2015 N": "5",
   "2015 N Known": "5",
   "2015 % Female": "80",
   "2016 N": "14",
   "2016 N Known": "14",
   "2016 % Female": "71",
   "2015-2016 N": "19",
   "2015-2016 N Known": "19",
   "2015-2016 % Female": "74"
 },
 {
   "Destination Country": "Lithuania",
   "2015 N": "14",
   "2015 N Known": "14",
   "2015 % Female": "86",
   "2016 N": "10",
   "2016 N Known": "10",
   "2016 % Female": "100",
   "2015-2016 N": "24",
   "2015-2016 N Known": "24",
   "2015-2016 % Female": "92"
 },
 {
   "Destination Country": "Luxembourg",
   "2015 N": "0",
   "2015 N Known": ":",
   "2015 % Female": ":",
   "2016 N": "0",
   "2016 N Known": ":",
   "2016 % Female": ":",
   "2015-2016 N": "0",
   "2015-2016 N Known": ":",
   "2015-2016 % Female": ":"
 },
 {
   "Destination Country": "Hungary",
   "2015 N": "2",
   "2015 N Known": "2",
   "2015 % Female": "50",
   "2016 N": "2",
   "2016 N Known": "2",
   "2016 % Female": "0",
   "2015-2016 N": "4",
   "2015-2016 N Known": "425",
   "2015-2016 % Female": ""
 },
 {
   "Destination Country": "Malta",
   "2015 N": "3",
   "2015 N Known": "3",
   "2015 % Female": "100",
   "2016 N": "34",
   "2016 N Known": "34",
   "2016 % Female": "47",
   "2015-2016 N": "37",
   "2015-2016 N Known": "37",
   "2015-2016 % Female": "51"
 },
 {
   "Destination Country": "Netherlands",
   "2015 N": "15",
   "2015 N Known": "15",
   "2015 % Female": "73",
   "2016 N": "7",
   "2016 N Known": "5",
   "2016 % Female": "100",
   "2015-2016 N": "22",
   "2015-2016 N Known": "20",
   "2015-2016 % Female": "80"
 },
 {
   "Destination Country": "Austria",
   "2015 N": "252",
   "2015 N Known": "252",
   "2015 % Female": "99",
   "2016 N": "245",
   "2016 N Known": "250",
   "2016 % Female": "100",
   "2015-2016 N": "497",
   "2015-2016 N Known": "502",
   "2015-2016 % Female": "100"
 },
 {
   "Destination Country": "Poland",
   "2015 N": ":",
   "2015 N Known": ":",
   "2015 % Female": ":",
   "2016 N": ":",
   "2016 N Known": ":",
   "2016 % Female": ":",
   "2015-2016 N": "0",
   "2015-2016 N Known": ":",
   "2015-2016 % Female": ":"
 },
 {
   "Destination Country": "Portugal",
   "2015 N": "17",
   "2015 N Known": "17",
   "2015 % Female": "47",
   "2016 N": "11",
   "2016 N Known": "11",
   "2016 % Female": "36",
   "2015-2016 N": "28",
   "2015-2016 N Known": "28",
   "2015-2016 % Female": "43"
 },
 {
   "Destination Country": "Romania",
   "2015 N": "389",
   "2015 N Known": "389",
   "2015 % Female": "84",
   "2016 N": "433",
   "2016 N Known": "432",
   "2016 % Female": "82",
   "2015-2016 N": "822",
   "2015-2016 N Known": "821",
   "2015-2016 % Female": "83"
 },
 {
   "Destination Country": "Slovenia",
   "2015 N": "24",
   "2015 N Known": "24",
   "2015 % Female": "33",
   "2016 N": "9",
   "2016 N Known": "9",
   "2016 % Female": "22",
   "2015-2016 N": "33",
   "2015-2016 N Known": "33",
   "2015-2016 % Female": "30"
 },
 {
   "Destination Country": "Slovakia",
   "2015 N": ":",
   "2015 N Known": ":",
   "2015 % Female": ":",
   "2016 N": "7",
   "2016 N Known": "2",
   "2016 % Female": "50",
   "2015-2016 N": "7",
   "2015-2016 N Known": "2",
   "2015-2016 % Female": "50"
 },
 {
   "Destination Country": "Finland",
   "2015 N": "62",
   "2015 N Known": "59",
   "2015 % Female": "95",
   "2016 N": "39",
   "2016 N Known": "39",
   "2016 % Female": "82",
   "2015-2016 N": "101",
   "2015-2016 N Known": "98",
   "2015-2016 % Female": "90"
 },
 {
   "Destination Country": "Sweden",
   "2015 N": "5",
   "2015 N Known": "5",
   "2015 % Female": "40",
   "2016 N": "5",
   "2016 N Known": "5",
   "2016 % Female": "40",
   "2015-2016 N": "10",
   "2015-2016 N Known": "10",
   "2015-2016 % Female": "40"
 },
 {
   "Destination Country": "United Kingdom",
   "2015 N": "60",
   "2015 N Known": "79",
   "2015 % Female": "63",
   "2016 N": "60",
   "2016 N Known": "53",
   "2016 % Female": "55",
   "2015-2016 N": "120",
   "2015-2016 N Known": "132",
   "2015-2016 % Female": "60"
 },
 {
   "Destination Country": "Europe non-EU",
   "2015 N": "18",
   "2015 N Known": "18",
   "2015 % Female": "56",
   "2016 N": "5",
   "2016 N Known": "5",
   "2016 % Female": "100",
   "2015-2016 N": "23",
   "2015-2016 N Known": "23",
   "2015-2016 % Female": "65"
 },
 {
   "Destination Country": "Non-Europe",
   "2015 N": "25",
   "2015 N Known": "25",
   "2015 % Female": "48",
   "2016 N": "27",
   "2016 N Known": "27",
   "2016 % Female": "63",
   "2015-2016 N": "52",
   "2015-2016 N Known": "52",
   "2015-2016 % Female": "56"
 },
 {
   "Destination Country": "Overall total",
   "2015 N": "1,407",
   "2015 N Known": "1,425",
   "2015 % Female": "71",
   "2016 N": "1,228",
   "2016 N Known": "1,185",
   "2016 % Female": "80",
   "2015-2016 N": "2,635",
   "2015-2016 N Known": "2,610",
   "2015-2016 % Female": "75"
 }
]