<?xml version="1.0" encoding="UTF-8"?>
<rdf:RDF xmlns:odohteu="http://www.odohteu.github.io/" xmlns:rdf="http://www.w3.org/1999/02/22-rdf-syntax-ns#">
<root>
  <row>
    <odohteu:DestinationCountry>Belgium</odohteu:DestinationCountry>
    <odohteu:_2015N>15</odohteu:_2015N>
    <odohteu:_2015NKnown>16</odohteu:_2015NKnown>
    <odohteu:_2015Female>44</odohteu:_2015Female>
    <odohteu:_2016N>12</odohteu:_2016N>
    <odohteu:_2016NKnown>12</odohteu:_2016NKnown>
    <odohteu:_2016Female>58</odohteu:_2016Female>
    <odohteu:_2015-2016N>27</odohteu:_2015-2016N>
    <odohteu:_2015-2016NKnown>28</odohteu:_2015-2016NKnown>
    <odohteu:_2015-2016Female>50</odohteu:_2015-2016Female>
  </row>
  <row>
    <odohteu:DestinationCountry>Bulgaria</odohteu:DestinationCountry>
    <odohteu:_2015N>:</odohteu:_2015N>
    <odohteu:_2015NKnown>:</odohteu:_2015NKnown>
    <odohteu:_2015Female>:</odohteu:_2015Female>
    <odohteu:_2016N>1</odohteu:_2016N>
    <odohteu:_2016NKnown>1</odohteu:_2016NKnown>
    <odohteu:_2016Female>0</odohteu:_2016Female>
    <odohteu:_2015-2016N>1</odohteu:_2015-2016N>
    <odohteu:_2015-2016NKnown>1</odohteu:_2015-2016NKnown>
    <odohteu:_2015-2016Female>0</odohteu:_2015-2016Female>
  </row>
  <row>
    <odohteu:DestinationCountry>Czech Republic</odohteu:DestinationCountry>
    <odohteu:_2015N>7</odohteu:_2015N>
    <odohteu:_2015NKnown>7</odohteu:_2015NKnown>
    <odohteu:_2015Female>29</odohteu:_2015Female>
    <odohteu:_2016N>11</odohteu:_2016N>
    <odohteu:_2016NKnown>8</odohteu:_2016NKnown>
    <odohteu:_2016Female>25</odohteu:_2016Female>
    <odohteu:_2015-2016N>18</odohteu:_2015-2016N>
    <odohteu:_2015-2016NKnown>15</odohteu:_2015-2016NKnown>
    <odohteu:_2015-2016Female>27</odohteu:_2015-2016Female>
  </row>
  <row>
    <odohteu:DestinationCountry>Denmark</odohteu:DestinationCountry>
    <odohteu:_2015N>55</odohteu:_2015N>
    <odohteu:_2015NKnown>55</odohteu:_2015NKnown>
    <odohteu:_2015Female>9</odohteu:_2015Female>
    <odohteu:_2016N>4</odohteu:_2016N>
    <odohteu:_2016NKnown>4</odohteu:_2016NKnown>
    <odohteu:_2016Female>75</odohteu:_2016Female>
    <odohteu:_2015-2016N>59</odohteu:_2015-2016N>
    <odohteu:_2015-2016NKnown>59</odohteu:_2015-2016NKnown>
    <odohteu:_2015-2016Female>14</odohteu:_2015-2016Female>
  </row>
  <row>
    <odohteu:DestinationCountry>Germany</odohteu:DestinationCountry>
    <odohteu:_2015N>93</odohteu:_2015N>
    <odohteu:_2015NKnown>93</odohteu:_2015NKnown>
    <odohteu:_2015Female>71</odohteu:_2015Female>
    <odohteu:_2016N>86</odohteu:_2016N>
    <odohteu:_2016NKnown>55</odohteu:_2016NKnown>
    <odohteu:_2016Female>85</odohteu:_2016Female>
    <odohteu:_2015-2016N>179</odohteu:_2015-2016N>
    <odohteu:_2015-2016NKnown>148</odohteu:_2015-2016NKnown>
    <odohteu:_2015-2016Female>76&quot;</odohteu:_2015-2016Female>
  </row>
  <row>
    <odohteu:DestinationCountry>Estonia</odohteu:DestinationCountry>
    <odohteu:_2015N>11</odohteu:_2015N>
    <odohteu:_2015NKnown>11</odohteu:_2015NKnown>
    <odohteu:_2015Female>73</odohteu:_2015Female>
    <odohteu:_2016N>8</odohteu:_2016N>
    <odohteu:_2016NKnown>8</odohteu:_2016NKnown>
    <odohteu:_2016Female>88</odohteu:_2016Female>
    <odohteu:_2015-2016N>19</odohteu:_2015-2016N>
    <odohteu:_2015-2016NKnown>19</odohteu:_2015-2016NKnown>
    <odohteu:_2015-2016Female>79</odohteu:_2015-2016Female>
  </row>
  <row>
    <odohteu:DestinationCountry>Ireland</odohteu:DestinationCountry>
    <odohteu:_2015N>21</odohteu:_2015N>
    <odohteu:_2015NKnown>21</odohteu:_2015NKnown>
    <odohteu:_2015Female>48</odohteu:_2015Female>
    <odohteu:_2016N>17</odohteu:_2016N>
    <odohteu:_2016NKnown>18</odohteu:_2016NKnown>
    <odohteu:_2016Female>56</odohteu:_2016Female>
    <odohteu:_2015-2016N>38</odohteu:_2015-2016N>
    <odohteu:_2015-2016NKnown>39</odohteu:_2015-2016NKnown>
    <odohteu:_2015-2016Female>51</odohteu:_2015-2016Female>
  </row>
  <row>
    <odohteu:DestinationCountry>Greece</odohteu:DestinationCountry>
    <odohteu:_2015N>17</odohteu:_2015N>
    <odohteu:_2015NKnown>17</odohteu:_2015NKnown>
    <odohteu:_2015Female>65</odohteu:_2015Female>
    <odohteu:_2016N>15</odohteu:_2016N>
    <odohteu:_2016NKnown>15</odohteu:_2016NKnown>
    <odohteu:_2016Female>47</odohteu:_2016Female>
    <odohteu:_2015-2016N>32</odohteu:_2015-2016N>
    <odohteu:_2015-2016NKnown>32</odohteu:_2015-2016NKnown>
    <odohteu:_2015-2016Female>56</odohteu:_2015-2016Female>
  </row>
  <row>
    <odohteu:DestinationCountry>Spain</odohteu:DestinationCountry>
    <odohteu:_2015N>121</odohteu:_2015N>
    <odohteu:_2015NKnown>119</odohteu:_2015NKnown>
    <odohteu:_2015Female>18</odohteu:_2015Female>
    <odohteu:_2016N>48</odohteu:_2016N>
    <odohteu:_2016NKnown>48</odohteu:_2016NKnown>
    <odohteu:_2016Female>60</odohteu:_2016Female>
    <odohteu:_2015-2016N>169</odohteu:_2015-2016N>
    <odohteu:_2015-2016NKnown>167</odohteu:_2015-2016NKnown>
    <odohteu:_2015-2016Female>31</odohteu:_2015-2016Female>
  </row>
  <row>
    <odohteu:DestinationCountry>France</odohteu:DestinationCountry>
    <odohteu:_2015N>33</odohteu:_2015N>
    <odohteu:_2015NKnown>33</odohteu:_2015NKnown>
    <odohteu:_2015Female>79</odohteu:_2015Female>
    <odohteu:_2016N>16</odohteu:_2016N>
    <odohteu:_2016NKnown>18</odohteu:_2016NKnown>
    <odohteu:_2016Female>61</odohteu:_2016Female>
    <odohteu:_2015-2016N>49</odohteu:_2015-2016N>
    <odohteu:_2015-2016NKnown>51</odohteu:_2015-2016NKnown>
    <odohteu:_2015-2016Female>73</odohteu:_2015-2016Female>
  </row>
  <row>
    <odohteu:DestinationCountry>Croatia</odohteu:DestinationCountry>
    <odohteu:_2015N>19</odohteu:_2015N>
    <odohteu:_2015NKnown>19</odohteu:_2015NKnown>
    <odohteu:_2015Female>100</odohteu:_2015Female>
    <odohteu:_2016N>25</odohteu:_2016N>
    <odohteu:_2016NKnown>25</odohteu:_2016NKnown>
    <odohteu:_2016Female>84&quot;</odohteu:_2016Female>
    <odohteu:_2015-2016N>44</odohteu:_2015-2016N>
    <odohteu:_2015-2016NKnown>44</odohteu:_2015-2016NKnown>
    <odohteu:_2015-2016Female>91</odohteu:_2015-2016Female>
  </row>
  <row>
    <odohteu:DestinationCountry>Italy</odohteu:DestinationCountry>
    <odohteu:_2015N>120</odohteu:_2015N>
    <odohteu:_2015NKnown>123</odohteu:_2015NKnown>
    <odohteu:_2015Female>63</odohteu:_2015Female>
    <odohteu:_2016N>72</odohteu:_2016N>
    <odohteu:_2016NKnown>70</odohteu:_2016NKnown>
    <odohteu:_2016Female>91</odohteu:_2016Female>
    <odohteu:_2015-2016N>192</odohteu:_2015-2016N>
    <odohteu:_2015-2016NKnown>193</odohteu:_2015-2016NKnown>
    <odohteu:_2015-2016Female>73</odohteu:_2015-2016Female>
  </row>
  <row>
    <odohteu:DestinationCountry>Cyprus</odohteu:DestinationCountry>
    <odohteu:_2015N>4</odohteu:_2015N>
    <odohteu:_2015NKnown>4</odohteu:_2015NKnown>
    <odohteu:_2015Female>25</odohteu:_2015Female>
    <odohteu:_2016N>5</odohteu:_2016N>
    <odohteu:_2016NKnown>5</odohteu:_2016NKnown>
    <odohteu:_2016Female>100</odohteu:_2016Female>
    <odohteu:_2015-2016N>9</odohteu:_2015-2016N>
    <odohteu:_2015-2016NKnown>9</odohteu:_2015-2016NKnown>
    <odohteu:_2015-2016Female>67</odohteu:_2015-2016Female>
  </row>
  <row>
    <odohteu:DestinationCountry>Latvia</odohteu:DestinationCountry>
    <odohteu:_2015N>5</odohteu:_2015N>
    <odohteu:_2015NKnown>5</odohteu:_2015NKnown>
    <odohteu:_2015Female>80</odohteu:_2015Female>
    <odohteu:_2016N>14</odohteu:_2016N>
    <odohteu:_2016NKnown>14</odohteu:_2016NKnown>
    <odohteu:_2016Female>71</odohteu:_2016Female>
    <odohteu:_2015-2016N>19</odohteu:_2015-2016N>
    <odohteu:_2015-2016NKnown>19</odohteu:_2015-2016NKnown>
    <odohteu:_2015-2016Female>74</odohteu:_2015-2016Female>
  </row>
  <row>
    <odohteu:DestinationCountry>Lithuania</odohteu:DestinationCountry>
    <odohteu:_2015N>14</odohteu:_2015N>
    <odohteu:_2015NKnown>14</odohteu:_2015NKnown>
    <odohteu:_2015Female>86</odohteu:_2015Female>
    <odohteu:_2016N>10</odohteu:_2016N>
    <odohteu:_2016NKnown>10</odohteu:_2016NKnown>
    <odohteu:_2016Female>100</odohteu:_2016Female>
    <odohteu:_2015-2016N>24</odohteu:_2015-2016N>
    <odohteu:_2015-2016NKnown>24</odohteu:_2015-2016NKnown>
    <odohteu:_2015-2016Female>92</odohteu:_2015-2016Female>
  </row>
  <row>
    <odohteu:DestinationCountry>Luxembourg</odohteu:DestinationCountry>
    <odohteu:_2015N>0</odohteu:_2015N>
    <odohteu:_2015NKnown>:</odohteu:_2015NKnown>
    <odohteu:_2015Female>:</odohteu:_2015Female>
    <odohteu:_2016N>0</odohteu:_2016N>
    <odohteu:_2016NKnown>:</odohteu:_2016NKnown>
    <odohteu:_2016Female>:</odohteu:_2016Female>
    <odohteu:_2015-2016N>0</odohteu:_2015-2016N>
    <odohteu:_2015-2016NKnown>:</odohteu:_2015-2016NKnown>
    <odohteu:_2015-2016Female>:</odohteu:_2015-2016Female>
  </row>
  <row>
    <odohteu:DestinationCountry>Hungary</odohteu:DestinationCountry>
    <odohteu:_2015N>2</odohteu:_2015N>
    <odohteu:_2015NKnown>2</odohteu:_2015NKnown>
    <odohteu:_2015Female>50</odohteu:_2015Female>
    <odohteu:_2016N>2</odohteu:_2016N>
    <odohteu:_2016NKnown>2</odohteu:_2016NKnown>
    <odohteu:_2016Female>0</odohteu:_2016Female>
    <odohteu:_2015-2016N>4</odohteu:_2015-2016N>
    <odohteu:_2015-2016NKnown>425</odohteu:_2015-2016NKnown>
    <odohteu:_2015-2016Female></odohteu:_2015-2016Female>
  </row>
  <row>
    <odohteu:DestinationCountry>Malta</odohteu:DestinationCountry>
    <odohteu:_2015N>3</odohteu:_2015N>
    <odohteu:_2015NKnown>3</odohteu:_2015NKnown>
    <odohteu:_2015Female>100</odohteu:_2015Female>
    <odohteu:_2016N>34</odohteu:_2016N>
    <odohteu:_2016NKnown>34</odohteu:_2016NKnown>
    <odohteu:_2016Female>47</odohteu:_2016Female>
    <odohteu:_2015-2016N>37</odohteu:_2015-2016N>
    <odohteu:_2015-2016NKnown>37</odohteu:_2015-2016NKnown>
    <odohteu:_2015-2016Female>51</odohteu:_2015-2016Female>
  </row>
  <row>
    <odohteu:DestinationCountry>Netherlands</odohteu:DestinationCountry>
    <odohteu:_2015N>15</odohteu:_2015N>
    <odohteu:_2015NKnown>15</odohteu:_2015NKnown>
    <odohteu:_2015Female>73</odohteu:_2015Female>
    <odohteu:_2016N>7</odohteu:_2016N>
    <odohteu:_2016NKnown>5</odohteu:_2016NKnown>
    <odohteu:_2016Female>100</odohteu:_2016Female>
    <odohteu:_2015-2016N>22</odohteu:_2015-2016N>
    <odohteu:_2015-2016NKnown>20</odohteu:_2015-2016NKnown>
    <odohteu:_2015-2016Female>80</odohteu:_2015-2016Female>
  </row>
  <row>
    <odohteu:DestinationCountry>Austria</odohteu:DestinationCountry>
    <odohteu:_2015N>252</odohteu:_2015N>
    <odohteu:_2015NKnown>252</odohteu:_2015NKnown>
    <odohteu:_2015Female>99</odohteu:_2015Female>
    <odohteu:_2016N>245</odohteu:_2016N>
    <odohteu:_2016NKnown>250</odohteu:_2016NKnown>
    <odohteu:_2016Female>100</odohteu:_2016Female>
    <odohteu:_2015-2016N>497</odohteu:_2015-2016N>
    <odohteu:_2015-2016NKnown>502</odohteu:_2015-2016NKnown>
    <odohteu:_2015-2016Female>100</odohteu:_2015-2016Female>
  </row>
  <row>
    <odohteu:DestinationCountry>Poland</odohteu:DestinationCountry>
    <odohteu:_2015N>:</odohteu:_2015N>
    <odohteu:_2015NKnown>:</odohteu:_2015NKnown>
    <odohteu:_2015Female>:</odohteu:_2015Female>
    <odohteu:_2016N>:</odohteu:_2016N>
    <odohteu:_2016NKnown>:</odohteu:_2016NKnown>
    <odohteu:_2016Female>:</odohteu:_2016Female>
    <odohteu:_2015-2016N>0</odohteu:_2015-2016N>
    <odohteu:_2015-2016NKnown>:</odohteu:_2015-2016NKnown>
    <odohteu:_2015-2016Female>:</odohteu:_2015-2016Female>
  </row>
  <row>
    <odohteu:DestinationCountry>Portugal</odohteu:DestinationCountry>
    <odohteu:_2015N>17</odohteu:_2015N>
    <odohteu:_2015NKnown>17</odohteu:_2015NKnown>
    <odohteu:_2015Female>47</odohteu:_2015Female>
    <odohteu:_2016N>11</odohteu:_2016N>
    <odohteu:_2016NKnown>11</odohteu:_2016NKnown>
    <odohteu:_2016Female>36</odohteu:_2016Female>
    <odohteu:_2015-2016N>28</odohteu:_2015-2016N>
    <odohteu:_2015-2016NKnown>28</odohteu:_2015-2016NKnown>
    <odohteu:_2015-2016Female>43</odohteu:_2015-2016Female>
  </row>
  <row>
    <odohteu:DestinationCountry>Romania</odohteu:DestinationCountry>
    <odohteu:_2015N>389</odohteu:_2015N>
    <odohteu:_2015NKnown>389</odohteu:_2015NKnown>
    <odohteu:_2015Female>84</odohteu:_2015Female>
    <odohteu:_2016N>433</odohteu:_2016N>
    <odohteu:_2016NKnown>432</odohteu:_2016NKnown>
    <odohteu:_2016Female>82</odohteu:_2016Female>
    <odohteu:_2015-2016N>822</odohteu:_2015-2016N>
    <odohteu:_2015-2016NKnown>821</odohteu:_2015-2016NKnown>
    <odohteu:_2015-2016Female>83</odohteu:_2015-2016Female>
  </row>
  <row>
    <odohteu:DestinationCountry>Slovenia</odohteu:DestinationCountry>
    <odohteu:_2015N>24</odohteu:_2015N>
    <odohteu:_2015NKnown>24</odohteu:_2015NKnown>
    <odohteu:_2015Female>33</odohteu:_2015Female>
    <odohteu:_2016N>9</odohteu:_2016N>
    <odohteu:_2016NKnown>9</odohteu:_2016NKnown>
    <odohteu:_2016Female>22</odohteu:_2016Female>
    <odohteu:_2015-2016N>33</odohteu:_2015-2016N>
    <odohteu:_2015-2016NKnown>33</odohteu:_2015-2016NKnown>
    <odohteu:_2015-2016Female>30</odohteu:_2015-2016Female>
  </row>
  <row>
    <odohteu:DestinationCountry>Slovakia</odohteu:DestinationCountry>
    <odohteu:_2015N>:</odohteu:_2015N>
    <odohteu:_2015NKnown>:</odohteu:_2015NKnown>
    <odohteu:_2015Female>:</odohteu:_2015Female>
    <odohteu:_2016N>7</odohteu:_2016N>
    <odohteu:_2016NKnown>2</odohteu:_2016NKnown>
    <odohteu:_2016Female>50</odohteu:_2016Female>
    <odohteu:_2015-2016N>7</odohteu:_2015-2016N>
    <odohteu:_2015-2016NKnown>2</odohteu:_2015-2016NKnown>
    <odohteu:_2015-2016Female>50</odohteu:_2015-2016Female>
  </row>
  <row>
    <odohteu:DestinationCountry>Finland</odohteu:DestinationCountry>
    <odohteu:_2015N>62</odohteu:_2015N>
    <odohteu:_2015NKnown>59</odohteu:_2015NKnown>
    <odohteu:_2015Female>95</odohteu:_2015Female>
    <odohteu:_2016N>39</odohteu:_2016N>
    <odohteu:_2016NKnown>39</odohteu:_2016NKnown>
    <odohteu:_2016Female>82</odohteu:_2016Female>
    <odohteu:_2015-2016N>101</odohteu:_2015-2016N>
    <odohteu:_2015-2016NKnown>98</odohteu:_2015-2016NKnown>
    <odohteu:_2015-2016Female>90</odohteu:_2015-2016Female>
  </row>
  <row>
    <odohteu:DestinationCountry>Sweden</odohteu:DestinationCountry>
    <odohteu:_2015N>5</odohteu:_2015N>
    <odohteu:_2015NKnown>5</odohteu:_2015NKnown>
    <odohteu:_2015Female>40</odohteu:_2015Female>
    <odohteu:_2016N>5</odohteu:_2016N>
    <odohteu:_2016NKnown>5</odohteu:_2016NKnown>
    <odohteu:_2016Female>40</odohteu:_2016Female>
    <odohteu:_2015-2016N>10</odohteu:_2015-2016N>
    <odohteu:_2015-2016NKnown>10</odohteu:_2015-2016NKnown>
    <odohteu:_2015-2016Female>40</odohteu:_2015-2016Female>
  </row>
  <row>
    <odohteu:DestinationCountry>United Kingdom</odohteu:DestinationCountry>
    <odohteu:_2015N>60</odohteu:_2015N>
    <odohteu:_2015NKnown>79</odohteu:_2015NKnown>
    <odohteu:_2015Female>63</odohteu:_2015Female>
    <odohteu:_2016N>60</odohteu:_2016N>
    <odohteu:_2016NKnown>53</odohteu:_2016NKnown>
    <odohteu:_2016Female>55</odohteu:_2016Female>
    <odohteu:_2015-2016N>120</odohteu:_2015-2016N>
    <odohteu:_2015-2016NKnown>132</odohteu:_2015-2016NKnown>
    <odohteu:_2015-2016Female>60</odohteu:_2015-2016Female>
  </row>
  <row>
    <odohteu:DestinationCountry>Europe non-EU</odohteu:DestinationCountry>
    <odohteu:_2015N>18</odohteu:_2015N>
    <odohteu:_2015NKnown>18</odohteu:_2015NKnown>
    <odohteu:_2015Female>56</odohteu:_2015Female>
    <odohteu:_2016N>5</odohteu:_2016N>
    <odohteu:_2016NKnown>5</odohteu:_2016NKnown>
    <odohteu:_2016Female>100</odohteu:_2016Female>
    <odohteu:_2015-2016N>23</odohteu:_2015-2016N>
    <odohteu:_2015-2016NKnown>23</odohteu:_2015-2016NKnown>
    <odohteu:_2015-2016Female>65</odohteu:_2015-2016Female>
  </row>
  <row>
    <odohteu:DestinationCountry>Non-Europe</odohteu:DestinationCountry>
    <odohteu:_2015N>25</odohteu:_2015N>
    <odohteu:_2015NKnown>25</odohteu:_2015NKnown>
    <odohteu:_2015Female>48</odohteu:_2015Female>
    <odohteu:_2016N>27</odohteu:_2016N>
    <odohteu:_2016NKnown>27</odohteu:_2016NKnown>
    <odohteu:_2016Female>63</odohteu:_2016Female>
    <odohteu:_2015-2016N>52</odohteu:_2015-2016N>
    <odohteu:_2015-2016NKnown>52</odohteu:_2015-2016NKnown>
    <odohteu:_2015-2016Female>56</odohteu:_2015-2016Female>
  </row>
  <row>
    <odohteu:DestinationCountry>Overall total</odohteu:DestinationCountry>
    <odohteu:_2015N>1,407</odohteu:_2015N>
    <odohteu:_2015NKnown>1,425</odohteu:_2015NKnown>
    <odohteu:_2015Female>71</odohteu:_2015Female>
    <odohteu:_2016N>1,228</odohteu:_2016N>
    <odohteu:_2016NKnown>1,185</odohteu:_2016NKnown>
    <odohteu:_2016Female>80</odohteu:_2016Female>
    <odohteu:_2015-2016N>2,635</odohteu:_2015-2016N>
    <odohteu:_2015-2016NKnown>2,610</odohteu:_2015-2016NKnown>
    <odohteu:_2015-2016Female>75</odohteu:_2015-2016Female>
  </row>
</root>
</rdf:RDF>