[
 {
   "Country": "Belgium",
   "2015 Children": "14",
   "2015 Adults": "103",
   "2015 % children": "12.0",
   "2016 Children": "6",
   "2016 Adults": "113",
   "2016 % children": "5.0",
   "2015-2016 Children": "20",
   "2015-2016 Adults": "216",
   "2015-2016 % children": "8.5"
 },
 {
   "Country": "Bulgaria",
   "2015 Children": "33",
   "2015 Adults": "376",
   "2015 % children": "8.1",
   "2016 Children": "25",
   "2016 Adults": "422",
   "2016 % children": "5.6",
   "2015-2016 Children": "58",
   "2015-2016 Adults": "798",
   "2015-2016 % children": "6.8"
 },
 {
   "Country": "Czech Republic",
   "2015 Children": "0",
   "2015 Adults": "0,4",
   "2015 % children": "0.0",
   "2016 Children": "0",
   "2016 Adults": "14",
   "2016 % children": "0.0",
   "2015-2016 Children": "0",
   "2015-2016 Adults": "18",
   "2015-2016 % children": "0.0"
 },
 {
   "Country": "Denm ark",
   "2015 Children": "6",
   "2015 Adults": "87",
   "2015 % children": "6.5",
   "2016 Children": "9",
   "2016 Adults": "112",
   "2016 % children": "7.4",
   "2015-2016 Children": "15",
   "2015-2016 Adults": "199",
   "2015-2016 % children": "7.0"
 },
 {
   "Country": "Germ any",
   "2015 Children": "78",
   "2015 Adults": "361",
   "2015 % children": "17.8",
   "2016 Children": "96",
   "2016 Adults": "413",
   "2016 % children": "18.9",
   "2015-2016 Children": "174",
   "2015-2016 Adults": "774",
   "2015-2016 % children": "18.4"
 },
 {
   "Country": "Estonia",
   "2015 Children": "11",
   "2015 Adults": "2",
   "2015 % children": "84.6",
   "2016 Children": "8",
   "2016 Adults": "2",
   "2016 % children": "80.0",
   "2015-2016 Children": "19",
   "2015-2016 Adults": "4",
   "2015-2016 % children": "82.6"
 },
 {
   "Country": "Ireland",
   "2015 Children": "8",
   "2015 Adults": "54",
   "2015 % children": "12.9",
   "2016 Children": "1",
   "2016 Adults": "74",
   "2016 % children": "1.3",
   "2015-2016 Children": "9",
   "2015-2016 Adults": "128",
   "2015-2016 % children": "6.6"
 },
 {
   "Country": "Greece",
   "2015 Children": "69",
   "2015 Adults": "81",
   "2015 % children": "46.0",
   "2016 Children": "159",
   "2016 Adults": "97",
   "2016 % children": "62.1",
   "2015-2016 Children": "228",
   "2015-2016 Adults": "178",
   "2015-2016 % children": "56.2"
 },
 {
   "Country": "Spain",
   "2015 Children": "8",
   "2015 Adults": "259",
   "2015 % children": "3.0",
   "2016 Children": "20",
   "2016 Adults": "173",
   "2016 % children": "10.4",
   "2015-2016 Children": "28",
   "2015-2016 Adults": "432",
   "2015-2016 % children": "6.1"
 },
 {
   "Country": "France",
   "2015 Children": ":",
   "2015 Adults": ":",
   "2015 % children": ":",
   "2016 Children": "306",
   "2016 Adults": "1.182",
   "2016 % children": "20.6",
   "2015-2016 Children": "306",
   "2015-2016 Adults": "1.182",
   "2015-2016 % children": "20.6"
 },
 {
   "Country": "Croatia",
   "2015 Children": "7",
   "2015 Adults": "31",
   "2015 % children": "18.4",
   "2016 Children": "11",
   "2016 Adults": "19",
   "2016 % children": "36.7",
   "2015-2016 Children": "18",
   "2015-2016 Adults": "50",
   "2015-2016 % children": "26.5"
 },
 {
   "Country": "Italy",
   "2015 Children": "71",
   "2015 Adults": "710",
   "2015 % children": "9.1",
   "2016 Children": "117",
   "2016 Adults": "762",
   "2016 % children": "13.3",
   "2015-2016 Children": "188",
   "2015-2016 Adults": "1.472",
   "2015-2016 % children": "11.3"
 },
 {
   "Country": "Cyprus",
   "2015 Children": "4",
   "2015 Adults": "42",
   "2015 % children": "8.7",
   "2016 Children": "1",
   "2016 Adults": "43",
   "2016 % children": "2.3",
   "2015-2016 Children": "5",
   "2015-2016 Adults": "85",
   "2015-2016 % children": "5.6"
 },
 {
   "Country": "Latvia",
   "2015 Children": "5",
   "2015 Adults": "6",
   "2015 % children": "45.5",
   "2016 Children": "6",
   "2016 Adults": "13",
   "2016 % children": "31.6",
   "2015-2016 Children": "11",
   "2015-2016 Adults": "19",
   "2015-2016 % children": "36.7"
 },
 {
   "Country": "Lithuania",
   "2015 Children": "17",
   "2015 Adults": "45",
   "2015 % children": "27.4",
   "2016 Children": "4",
   "2016 Adults": "41",
   "2016 % children": "8.9",
   "2015-2016 Children": "21",
   "2015-2016 Adults": "86",
   "2015-2016 % children": "19.6"
 },
 {
   "Country": "Luxem bourg",
   "2015 Children": "0",
   "2015 Adults": "7",
   "2015 % children": "0.0",
   "2016 Children": "7",
   "2016 Adults": "11",
   "2016 % children": "38.9",
   "2015-2016 Children": "7",
   "2015-2016 Adults": "18",
   "2015-2016 % children": "28.0"
 },
 {
   "Country": "Hungary",
   "2015 Children": "356",
   "2015 Adults": "151",
   "2015 % children": "70.2",
   "2016 Children": "271",
   "2016 Adults": "218",
   "2016 % children": "55.4",
   "2015-2016 Children": "627",
   "2015-2016 Adults": "369\"",
   "2015-2016 % children": "63.0"
 },
 {
   "Country": "Malta",
   "2015 Children": "2",
   "2015 Adults": "2",
   "2015 % children": "50.0",
   "2016 Children": "0",
   "2016 Adults": "34",
   "2016 % children": "0.0",
   "2015-2016 Children": "2",
   "2015-2016 Adults": "36",
   "2015-2016 % children": "5.3"
 },
 {
   "Country": "Netherlands",
   "2015 Children": "288",
   "2015 Adults": "716",
   "2015 % children": "28.7",
   "2016 Children": "227",
   "2016 Adults": "581",
   "2016 % children": "28.1",
   "2015-2016 Children": "515",
   "2015-2016 Adults": "1.297",
   "2015-2016 % children": "28.4"
 },
 {
   "Country": "Austria",
   "2015 Children": "150",
   "2015 Adults": "206",
   "2015 % children": "42.1",
   "2016 Children": "12",
   "2016 Adults": "240",
   "2016 % children": "4.8",
   "2015-2016 Children": "162",
   "2015-2016 Adults": "446",
   "2015-2016 % children": "26.6"
 },
 {
   "Country": "Poland",
   "2015 Children": ":",
   "2015 Adults": ":",
   "2015 % children": ":",
   "2016 Children": ":",
   "2016 Adults": ":",
   "2016 % children": ":",
   "2015-2016 Children": ":",
   "2015-2016 Adults": ":",
   "2015-2016 % children": ":"
 },
 {
   "Country": "Portugal",
   "2015 Children": "13",
   "2015 Adults": "119",
   "2015 % children": "9.8",
   "2016 Children": "9",
   "2016 Adults": "180",
   "2016 % children": "4.8",
   "2015-2016 Children": "22",
   "2015-2016 Adults": "299",
   "2015-2016 % children": "6.9"
 },
 {
   "Country": "Rom ania",
   "2015 Children": ":",
   "2015 Adults": ":",
   "2015 % children": ":",
   "2016 Children": ":",
   "2016 Adults": ":",
   "2016 % children": ":",
   "2015-2016 Children": ":",
   "2015-2016 Adults": ":",
   "2015-2016 % children": ":"
 },
 {
   "Country": "Slovenia",
   "2015 Children": "2",
   "2015 Adults": "45",
   "2015 % children": "4.3",
   "2016 Children": "0",
   "2016 Adults": "27",
   "2016 % children": "0.0",
   "2015-2016 Children": "2",
   "2015-2016 Adults": "72",
   "2015-2016 % children": "2.7"
 },
 {
   "Country": "Slovakia",
   "2015 Children": "5",
   "2015 Adults": "76",
   "2015 % children": "6.2",
   "2016 Children": "8",
   "2016 Adults": "37",
   "2016 % children": "17.8",
   "2015-2016 Children": "13",
   "2015-2016 Adults": "113",
   "2015-2016 % children": "10.3"
 },
 {
   "Country": "Finland",
   "2015 Children": "0",
   "2015 Adults": "52",
   "2015 % children": "0.0",
   "2016 Children": "23",
   "2016 Adults": "107",
   "2016 % children": "17.7",
   "2015-2016 Children": "23",
   "2015-2016 Adults": "159",
   "2015-2016 % children": "12.6"
 },
 {
   "Country": "Sw eden",
   "2015 Children": ":",
   "2015 Adults": "2",
   "2015 % children": ":",
   "2016 Children": "1",
   "2016 Adults": "6",
   "2016 % children": "14.3",
   "2015-2016 Children": "1",
   "2015-2016 Adults": "8",
   "2015-2016 % children": "11.1"
 },
 {
   "Country": "United Kingdom",
   "2015 Children": ":",
   "2015 Adults": ":",
   "2015 % children": ":",
   "2016 Children": ":",
   "2016 Adults": ":",
   "2016 % children": ":",
   "2015-2016 Children": ":",
   "2015-2016 Adults": ":",
   "2015-2016 % children": ":"
 }
]