<?xml version="1.0" encoding="UTF-8"?>
<rdf:RDF xmlns:odohteu="http://www.odohteu.github.io/" xmlns:rdf="http://www.w3.org/1999/02/22-rdf-syntax-ns#">
<root>
  <row>
    <odohteu:Country>Belgium</odohteu:Country>
    <odohteu:_2015Children>14</odohteu:_2015Children>
    <odohteu:_2015Adults>103</odohteu:_2015Adults>
    <odohteu:_2015PercentageChildren>12</odohteu:_2015PercentageChildren>
    <odohteu:_2016Children>6</odohteu:_2016Children>
    <odohteu:_2016Adults>113</odohteu:_2016Adults>
    <odohteu:_2016PercentageChildren>5</odohteu:_2016PercentageChildren>
    <odohteu:_2015-2016Children>20</odohteu:_2015-2016Children>
    <odohteu:_2015-2016Adults>216</odohteu:_2015-2016Adults>
    <odohteu:_2015-2016PercentageChildren>8,5</odohteu:_2015-2016PercentageChildren>
  </row>
  <row>
    <odohteu:Country>Bulgaria</odohteu:Country>
    <odohteu:_2015Children>33</odohteu:_2015Children>
    <odohteu:_2015Adults>376</odohteu:_2015Adults>
    <odohteu:_2015PercentageChildren>8,1</odohteu:_2015PercentageChildren>
    <odohteu:_2016Children>25</odohteu:_2016Children>
    <odohteu:_2016Adults>422</odohteu:_2016Adults>
    <odohteu:_2016PercentageChildren>5,6</odohteu:_2016PercentageChildren>
    <odohteu:_2015-2016Children>58</odohteu:_2015-2016Children>
    <odohteu:_2015-2016Adults>798</odohteu:_2015-2016Adults>
    <odohteu:_2015-2016PercentageChildren>6,8</odohteu:_2015-2016PercentageChildren>
  </row>
  <row>
      <odohteu:Country> Czech Republic</odohteu:Country>                 
    <odohteu:_2015Children>0</odohteu:_2015Children>
    <odohteu:_2015Adults>0,4</odohteu:_2015Adults>
    <odohteu:_2015PercentageChildren>0</odohteu:_2015PercentageChildren>
    <odohteu:_2016Children>0</odohteu:_2016Children>
    <odohteu:_2016Adults>14</odohteu:_2016Adults>
    <odohteu:_2016PercentageChildren>0</odohteu:_2016PercentageChildren>
    <odohteu:_2015-2016Children>0</odohteu:_2015-2016Children>
    <odohteu:_2015-2016Adults>18</odohteu:_2015-2016Adults>
    <odohteu:_2015-2016PercentageChildren>0</odohteu:_2015-2016PercentageChildren>
  </row>
  <row>
    <odohteu:Country>Denmark</odohteu:Country>
       <odohteu:_2015Children>6</odohteu:_2015Children>
    <odohteu:_2015Adults>87</odohteu:_2015Adults>
    <odohteu:_2015PercentageChildren>6,5</odohteu:_2015PercentageChildren>
    <odohteu:_2016Children>9</odohteu:_2016Children>
    <odohteu:_2016Adults>112</odohteu:_2016Adults>
    <odohteu:_2016PercentageChildren>7,4</odohteu:_2016PercentageChildren>
    <odohteu:_2015-2016Children>15</odohteu:_2015-2016Children>
    <odohteu:_2015-2016Adults>199</odohteu:_2015-2016Adults>
    <odohteu:_2015-2016PercentageChildren>7</odohteu:_2015-2016PercentageChildren>
  </row>
  <row>
     <odohteu:Country>Germany</odohteu:Country>
     <odohteu:_2015Children>78</odohteu:_2015Children>
    <odohteu:_2015Adults>361</odohteu:_2015Adults>
    <odohteu:_2015PercentageChildren>17,8</odohteu:_2015PercentageChildren>
    <odohteu:_2016Children>96</odohteu:_2016Children>
    <odohteu:_2016Adults>413</odohteu:_2016Adults>
    <odohteu:_2016PercentageChildren>18,9</odohteu:_2016PercentageChildren>
    <odohteu:_2015-2016Children>174</odohteu:_2015-2016Children>
    <odohteu:_2015-2016Adults>774</odohteu:_2015-2016Adults>
    <odohteu:_2015-2016PercentageChildren>18,4</odohteu:_2015-2016PercentageChildren>
  </row>
  <row>
    <odohteu:Country>Estonia</odohteu:Country>
     <odohteu:_2015Children>11</odohteu:_2015Children>
    <odohteu:_2015Adults>2</odohteu:_2015Adults>
    <odohteu:_2015PercentageChildren>84,6</odohteu:_2015PercentageChildren>
    <odohteu:_2016Children>8</odohteu:_2016Children>
    <odohteu:_2016Adults>2</odohteu:_2016Adults>
    <odohteu:_2016PercentageChildren>80</odohteu:_2016PercentageChildren>
    <odohteu:_2015-2016Children>19</odohteu:_2015-2016Children>
    <odohteu:_2015-2016Adults>4</odohteu:_2015-2016Adults>
    <odohteu:_2015-2016PercentageChildren>82,6</odohteu:_2015-2016PercentageChildren>
  </row>
  <row>
     <odohteu:Country>Ireland</odohteu:Country>
   <odohteu:_2015Children>8</odohteu:_2015Children>
    <odohteu:_2015Adults>54</odohteu:_2015Adults>
    <odohteu:_2015PercentageChildren>12,9</odohteu:_2015PercentageChildren>
    <odohteu:_2016Children>1</odohteu:_2016Children>
    <odohteu:_2016Adults>74</odohteu:_2016Adults>
    <odohteu:_2016PercentageChildren>1,3</odohteu:_2016PercentageChildren>
    <odohteu:_2015-2016Children>9</odohteu:_2015-2016Children>
    <odohteu:_2015-2016Adults>128</odohteu:_2015-2016Adults>
    <odohteu:_2015-2016PercentageChildren>6,6</odohteu:_2015-2016PercentageChildren>
  </row>
  <row>
    <odohteu:Country>Greece</odohteu:Country>
   <odohteu:_2015Children>69</odohteu:_2015Children>
    <odohteu:_2015Adults>81</odohteu:_2015Adults>
    <odohteu:_2015PercentageChildren>46</odohteu:_2015PercentageChildren>
    <odohteu:_2016Children>159</odohteu:_2016Children>
    <odohteu:_2016Adults>97</odohteu:_2016Adults>
    <odohteu:_2016PercentageChildren>62,1</odohteu:_2016PercentageChildren>
    <odohteu:_2015-2016Children>228</odohteu:_2015-2016Children>
    <odohteu:_2015-2016Adults>178</odohteu:_2015-2016Adults>
    <odohteu:_2015-2016PercentageChildren>56,2</odohteu:_2015-2016PercentageChildren>
  </row>
  <row>
   <odohteu:Country>Spain</odohteu:Country>
      <odohteu:_2015Children>8</odohteu:_2015Children>
    <odohteu:_2015Adults>259</odohteu:_2015Adults>
    <odohteu:_2015PercentageChildren>3</odohteu:_2015PercentageChildren>
    <odohteu:_2016Children>20</odohteu:_2016Children>
    <odohteu:_2016Adults>173</odohteu:_2016Adults>
    <odohteu:_2016PercentageChildren>10,4</odohteu:_2016PercentageChildren>
    <odohteu:_2015-2016Children>28</odohteu:_2015-2016Children>
    <odohteu:_2015-2016Adults>432</odohteu:_2015-2016Adults>
    <odohteu:_2015-2016PercentageChildren>6,1</odohteu:_2015-2016PercentageChildren>
  </row>
  <row>
    <odohteu:Country>France</odohteu:Country>
 <odohteu:_2015Children>:</odohteu:_2015Children>
    <odohteu:_2015Adults>:</odohteu:_2015Adults>
    <odohteu:_2015PercentageChildren>:</odohteu:_2015PercentageChildren>
    <odohteu:_2016Children>306</odohteu:_2016Children>
    <odohteu:_2016Adults>1,182</odohteu:_2016Adults>
    <odohteu:_2016PercentageChildren>20,6</odohteu:_2016PercentageChildren>
    <odohteu:_2015-2016Children>306</odohteu:_2015-2016Children>
    <odohteu:_2015-2016Adults>1,182</odohteu:_2015-2016Adults>
    <odohteu:_2015-2016PercentageChildren>20,6</odohteu:_2015-2016PercentageChildren>
  </row>
  <row>
    <odohteu:Country>Croatia</odohteu:Country>
    <odohteu:_2015Children>7</odohteu:_2015Children>
    <odohteu:_2015Adults>31</odohteu:_2015Adults>
    <odohteu:_2015PercentageChildren>18,4</odohteu:_2015PercentageChildren>
    <odohteu:_2016Children>11</odohteu:_2016Children>
    <odohteu:_2016Adults>19</odohteu:_2016Adults>
    <odohteu:_2016PercentageChildren>36,7</odohteu:_2016PercentageChildren>
    <odohteu:_2015-2016Children>18</odohteu:_2015-2016Children>
    <odohteu:_2015-2016Adults>50</odohteu:_2015-2016Adults>
    <odohteu:_2015-2016PercentageChildren>26,5</odohteu:_2015-2016PercentageChildren>
  </row>
  <row>
    <odohteu:Country>Italy</odohteu:Country>
     <odohteu:_2015Children>71</odohteu:_2015Children>
    <odohteu:_2015Adults>710</odohteu:_2015Adults>
    <odohteu:_2015PercentageChildren>9,1</odohteu:_2015PercentageChildren>
    <odohteu:_2016Children>117</odohteu:_2016Children>
    <odohteu:_2016Adults>762</odohteu:_2016Adults>
    <odohteu:_2016PercentageChildren>13,3</odohteu:_2016PercentageChildren>
    <odohteu:_2015-2016Children>188</odohteu:_2015-2016Children>
    <odohteu:_2015-2016Adults>1,472</odohteu:_2015-2016Adults>
    <odohteu:_2015-2016PercentageChildren>11,3</odohteu:_2015-2016PercentageChildren>
  </row>
  <row>
      <odohteu:Country>Cyprus</odohteu:Country>
    <odohteu:_2015Children>4</odohteu:_2015Children>
    <odohteu:_2015Adults>42</odohteu:_2015Adults>
    <odohteu:_2015PercentageChildren>8,7</odohteu:_2015PercentageChildren>
    <odohteu:_2016Children>1</odohteu:_2016Children>
    <odohteu:_2016Adults>43</odohteu:_2016Adults>
    <odohteu:_2016PercentageChildren>2,3</odohteu:_2016PercentageChildren>
    <odohteu:_2015-2016Children>5</odohteu:_2015-2016Children>
    <odohteu:_2015-2016Adults>85</odohteu:_2015-2016Adults>
    <odohteu:_2015-2016PercentageChildren>5,6</odohteu:_2015-2016PercentageChildren>
  </row>
  <row>
   <odohteu:Country>Latvia</odohteu:Country>
     <odohteu:_2015Children>6</odohteu:_2015Children>
    <odohteu:_2015Adults>45,5</odohteu:_2015Adults>
    <odohteu:_2015PercentageChildren>6</odohteu:_2015PercentageChildren>
    <odohteu:_2016Children>13</odohteu:_2016Children>
    <odohteu:_2016Adults>31,6</odohteu:_2016Adults>
    <odohteu:_2016PercentageChildren>11</odohteu:_2016PercentageChildren>
    <odohteu:_2015-2016Children>19</odohteu:_2015-2016Children>
    <odohteu:_2015-2016Adults>36,7</odohteu:_2015-2016Adults>
    <odohteu:_2015-2016PercentageChildren>11</odohteu:_2015-2016PercentageChildren>
  </row>
  <row>
    <odohteu:Country>Lithuania</odohteu:Country>
      <odohteu:_2015Children>17</odohteu:_2015Children>
    <odohteu:_2015Adults>45</odohteu:_2015Adults>
    <odohteu:_2015PercentageChildren>27,4</odohteu:_2015PercentageChildren>
    <odohteu:_2016Children>4</odohteu:_2016Children>
    <odohteu:_2016Adults>41</odohteu:_2016Adults>
    <odohteu:_2016PercentageChildren>8,9</odohteu:_2016PercentageChildren>
    <odohteu:_2015-2016Children>21</odohteu:_2015-2016Children>
    <odohteu:_2015-2016Adults>86</odohteu:_2015-2016Adults>
    <odohteu:_2015-2016PercentageChildren>19,6</odohteu:_2015-2016PercentageChildren>
  </row>
  <row>
     <odohteu:Country>Luxembourg</odohteu:Country>
      <odohteu:_2015Children>7</odohteu:_2015Children>
    <odohteu:_2015Adults>0</odohteu:_2015Adults>
    <odohteu:_2015PercentageChildren>7</odohteu:_2015PercentageChildren>
    <odohteu:_2016Children>11</odohteu:_2016Children>
    <odohteu:_2016Adults>38,9</odohteu:_2016Adults>
    <odohteu:_2016PercentageChildren>7</odohteu:_2016PercentageChildren>
    <odohteu:_2015-2016Children>18</odohteu:_2015-2016Children>
    <odohteu:_2015-2016Adults>28</odohteu:_2015-2016Adults>
    <odohteu:_2015-2016PercentageChildren>1</odohteu:_2015-2016PercentageChildren>
    
  </row>
  <row>
    <odohteu:Country>Hungary</odohteu:Country>
  <odohteu:_2015Children>356</odohteu:_2015Children>
    <odohteu:_2015Adults>151</odohteu:_2015Adults>
    <odohteu:_2015PercentageChildren>70,2</odohteu:_2015PercentageChildren>
    <odohteu:_2016Children>271</odohteu:_2016Children>
    <odohteu:_2016Adults>218</odohteu:_2016Adults>
    <odohteu:_2016PercentageChildren>55,4</odohteu:_2016PercentageChildren>
    <odohteu:_2015-2016Children>627</odohteu:_2015-2016Children>
    <odohteu:_2015-2016Adults>369</odohteu:_2015-2016Adults>
    <odohteu:_2015-2016PercentageChildren>63</odohteu:_2015-2016PercentageChildren>
  </row>
  <row>
      <odohteu:Country>Malta</odohteu:Country>
   <odohteu:_2015Children>2</odohteu:_2015Children>
    <odohteu:_2015Adults>2</odohteu:_2015Adults>
    <odohteu:_2015PercentageChildren>50</odohteu:_2015PercentageChildren>
    <odohteu:_2016Children>0</odohteu:_2016Children>
    <odohteu:_2016Adults>34</odohteu:_2016Adults>
    <odohteu:_2016PercentageChildren>0</odohteu:_2016PercentageChildren>
    <odohteu:_2015-2016Children>2</odohteu:_2015-2016Children>
    <odohteu:_2015-2016Adults>36</odohteu:_2015-2016Adults>
    <odohteu:_2015-2016PercentageChildren>5,3</odohteu:_2015-2016PercentageChildren>
    
  </row>
  <row>
    <odohteu:Country>Netherlands</odohteu:Country>
   <odohteu:_2015Children>288</odohteu:_2015Children>
    <odohteu:_2015Adults>716</odohteu:_2015Adults>
    <odohteu:_2015PercentageChildren>28,7</odohteu:_2015PercentageChildren>
    <odohteu:_2016Children>227</odohteu:_2016Children>
    <odohteu:_2016Adults>581</odohteu:_2016Adults>
    <odohteu:_2016PercentageChildren>28,1</odohteu:_2016PercentageChildren>
    <odohteu:_2015-2016Children>515</odohteu:_2015-2016Children>
    <odohteu:_2015-2016Adults>1,297</odohteu:_2015-2016Adults>
    <odohteu:_2015-2016PercentageChildren>28,4</odohteu:_2015-2016PercentageChildren>
  </row>
  <row>
     <odohteu:Country>Austria</odohteu:Country>
    <odohteu:_2015Children>150</odohteu:_2015Children>
    <odohteu:_2015Adults>206</odohteu:_2015Adults>
    <odohteu:_2015PercentageChildren>42,1</odohteu:_2015PercentageChildren>
    <odohteu:_2016Children>12</odohteu:_2016Children>
    <odohteu:_2016Adults>240</odohteu:_2016Adults>
    <odohteu:_2016PercentageChildren>4,8</odohteu:_2016PercentageChildren>
    <odohteu:_2015-2016Children>162</odohteu:_2015-2016Children>
    <odohteu:_2015-2016Adults>446</odohteu:_2015-2016Adults>
    <odohteu:_2015-2016PercentageChildren>26,6</odohteu:_2015-2016PercentageChildren>
  </row>
  <row>
     <odohteu:Country>Poland</odohteu:Country>
   <odohteu:_2015Children>:</odohteu:_2015Children>
    <odohteu:_2015Adults>:</odohteu:_2015Adults>
    <odohteu:_2015PercentageChildren>:</odohteu:_2015PercentageChildren>
    <odohteu:_2016Children>:</odohteu:_2016Children>
    <odohteu:_2016Adults>:</odohteu:_2016Adults>
    <odohteu:_2016PercentageChildren>:</odohteu:_2016PercentageChildren>
    <odohteu:_2015-2016Children>:</odohteu:_2015-2016Children>
    <odohteu:_2015-2016Adults>:</odohteu:_2015-2016Adults>
    <odohteu:_2015-2016PercentageChildren>:</odohteu:_2015-2016PercentageChildren>
  </row>
  <row>
    <odohteu:Country>Portugal</odohteu:Country>
      <odohteu:_2015Children>13</odohteu:_2015Children>
    <odohteu:_2015Adults>119</odohteu:_2015Adults>
    <odohteu:_2015PercentageChildren>9,8</odohteu:_2015PercentageChildren>
    <odohteu:_2016Children>9</odohteu:_2016Children>
    <odohteu:_2016Adults>180</odohteu:_2016Adults>
    <odohteu:_2016PercentageChildren>4,8</odohteu:_2016PercentageChildren>
    <odohteu:_2015-2016Children>22</odohteu:_2015-2016Children>
    <odohteu:_2015-2016Adults>299</odohteu:_2015-2016Adults>
    <odohteu:_2015-2016PercentageChildren>6,9</odohteu:_2015-2016PercentageChildren>
  </row>
  <row>
     <odohteu:Country>Romania</odohteu:Country>
     <odohteu:_2015Children>:</odohteu:_2015Children>
    <odohteu:_2015Adults>:</odohteu:_2015Adults>
    <odohteu:_2015PercentageChildren>:</odohteu:_2015PercentageChildren>
    <odohteu:_2016Children>:</odohteu:_2016Children>
    <odohteu:_2016Adults>:</odohteu:_2016Adults>
    <odohteu:_2016PercentageChildren>:</odohteu:_2016PercentageChildren>
    <odohteu:_2015-2016Children>:</odohteu:_2015-2016Children>
    <odohteu:_2015-2016Adults>:</odohteu:_2015-2016Adults>
    <odohteu:_2015-2016PercentageChildren>86</odohteu:_2015-2016PercentageChildren>
  </row>
  <row>
    <odohteu:Country>Slovenia</odohteu:Country>
    <odohteu:_2015Children>2</odohteu:_2015Children>
    <odohteu:_2015Adults>45</odohteu:_2015Adults>
    <odohteu:_2015PercentageChildren>4,3</odohteu:_2015PercentageChildren>
    <odohteu:_2016Children>0</odohteu:_2016Children>
    <odohteu:_2016Adults>27</odohteu:_2016Adults>
    <odohteu:_2016PercentageChildren>0</odohteu:_2016PercentageChildren>
    <odohteu:_2015-2016Children>2</odohteu:_2015-2016Children>
    <odohteu:_2015-2016Adults>72</odohteu:_2015-2016Adults>
    <odohteu:_2015-2016PercentageChildren>2,7</odohteu:_2015-2016PercentageChildren>
  </row>
  <row>
    <odohteu:Country>Slovakia</odohteu:Country>
      <odohteu:_2015Children>5</odohteu:_2015Children>
    <odohteu:_2015Adults>76</odohteu:_2015Adults>
    <odohteu:_2015PercentageChildren>6,2</odohteu:_2015PercentageChildren>
    <odohteu:_2016Children>8</odohteu:_2016Children>
    <odohteu:_2016Adults>37</odohteu:_2016Adults>
    <odohteu:_2016PercentageChildren>17,8</odohteu:_2016PercentageChildren>
    <odohteu:_2015-2016Children>13</odohteu:_2015-2016Children>
    <odohteu:_2015-2016Adults>113</odohteu:_2015-2016Adults>
    <odohteu:_2015-2016PercentageChildren>10,3</odohteu:_2015-2016PercentageChildren>
  </row>
  <row>
     <odohteu:Country>Finland</odohteu:Country>
    <odohteu:_2015Children>0</odohteu:_2015Children>
    <odohteu:_2015Adults>52</odohteu:_2015Adults>
    <odohteu:_2015PercentageChildren>0</odohteu:_2015PercentageChildren>
    <odohteu:_2016Children>23</odohteu:_2016Children>
    <odohteu:_2016Adults>107</odohteu:_2016Adults>
    <odohteu:_2016PercentageChildren>17,7</odohteu:_2016PercentageChildren>
    <odohteu:_2015-2016Children>23</odohteu:_2015-2016Children>
    <odohteu:_2015-2016Adults>159</odohteu:_2015-2016Adults>
    <odohteu:_2015-2016PercentageChildren>12,6</odohteu:_2015-2016PercentageChildren>
  </row>
  <row>
   <odohteu:Country>Sweden</odohteu:Country>
  <odohteu:_2015Children>:</odohteu:_2015Children>
    <odohteu:_2015Adults>2</odohteu:_2015Adults>
    <odohteu:_2015PercentageChildren>:</odohteu:_2015PercentageChildren>
    <odohteu:_2016Children>1</odohteu:_2016Children>
    <odohteu:_2016Adults>6</odohteu:_2016Adults>
    <odohteu:_2016PercentageChildren>14,3</odohteu:_2016PercentageChildren>
    <odohteu:_2015-2016Children>1</odohteu:_2015-2016Children>
    <odohteu:_2015-2016Adults>8</odohteu:_2015-2016Adults>
    <odohteu:_2015-2016PercentageChildren>11,1</odohteu:_2015-2016PercentageChildren>
  </row>
  <row>
     <odohteu:Country>United Kingdom</odohteu:Country>
 <odohteu:_2015Children>:</odohteu:_2015Children>
    <odohteu:_2015Adults>:</odohteu:_2015Adults>
    <odohteu:_2015PercentageChildren>:</odohteu:_2015PercentageChildren>
    <odohteu:_2016Children>:</odohteu:_2016Children>
    <odohteu:_2016Adults>:</odohteu:_2016Adults>
    <odohteu:_2016PercentageChildren>:</odohteu:_2016PercentageChildren>
    <odohteu:_2015-2016Children>:</odohteu:_2015-2016Children>
    <odohteu:_2015-2016Adults>:</odohteu:_2015-2016Adults>
    <odohteu:_2015-2016PercentageChildren>:</odohteu:_2015-2016PercentageChildren>
  </row>
</odohteu:root>
</odohteu:rdf:RDF>