[
 {
   "Country": "Belgium",
   "2015 male": "63",
   "2015 female": "54",
   "2015 % female": 46.2,
   "2016 male": "59",
   "2016 female": "60",
   "2016 % female": 50.4,
   "2015-2016 male": 122,
   "2015-2016 female": 114,
   "2015-2016 % female": 48.3
 },
 {
   "Country": "Bulgaria",
   "2015 male": "28",
   "2015 female": "381",
   "2015 % female": 93.2,
   "2016 male": "38",
   "2016 female": "409",
   "2016 % female": 91.5,
   "2015-2016 male": 66,
   "2015-2016 female": 790,
   "2015-2016 % female": 92.3
 },
 {
   "Country": "Czech Republic",
   "2015 male": "0",
   "2015 female": "4",
   "2015 % female": 100,
   "2016 male": "7",
   "2016 female": "7",
   "2016 % female": 50,
   "2015-2016 male": 7,
   "2015-2016 female": 11,
   "2015-2016 % female": 61.1
 },
 {
   "Country": "Denmark",
   "2015 male": "42",
   "2015 female": "52",
   "2015 % female": 55.3,
   "2016 male": "7",
   "2016 female": "114",
   "2016 % female": 94.2,
   "2015-2016 male": 49,
   "2015-2016 female": 166,
   "2015-2016 % female": 77.2
 },
 {
   "Country": "Germany",
   "2015 male": "55",
   "2015 female": "406",
   "2015 % female": 88.1,
   "2016 male": "51",
   "2016 female": "479",
   "2016 % female": 90.4,
   "2015-2016 male": 106,
   "2015-2016 female": 885,
   "2015-2016 % female": 89.3
 },
 {
   "Country": "Estonia",
   "2015 male": "4",
   "2015 female": "9",
   "2015 % female": 69.2,
   "2016 male": "3",
   "2016 female": "7",
   "2016 % female": 70,
   "2015-2016 male": 7,
   "2015-2016 female": 16,
   "2015-2016 % female": 69.6
 },
 {
   "Country": "Ireland",
   "2015 male": "20",
   "2015 female": "41",
   "2015 % female": 67.2,
   "2016 male": "36",
   "2016 female": "39",
   "2016 % female": 52,
   "2015-2016 male": 56,
   "2015-2016 female": 80,
   "2015-2016 % female": 58.8
 },
 {
   "Country": "Greece",
   "2015 male": "55",
   "2015 female": "95",
   "2015 % female": 63.3,
   "2016 male": "188",
   "2016 female": "138",
   "2016 % female": 53.9,
   "2015-2016 male": 173,
   "2015-2016 female": 233,
   "2015-2016 % female": 57.4
 },
 {
   "Country": "Spain",
   "2015 male": "101",
   "2015 female": "166",
   "2015 % female": 62.2,
   "2016 male": "28",
   "2016 female": "165",
   "2016 % female": 85.5,
   "2015-2016 male": 129,
   "2015-2016 female": 331,
   "2015-2016 % female": 72
 },
 {
   "Country": "France",
   "2015 male": ":",
   "2015 female": ":",
   "2015 % female": null,
   "2016 male": "356",
   "2016 female": "1.154",
   "2016 % female": 76.4,
   "2015-2016 male": 356,
   "2015-2016 female": 1154,
   "2015-2016 % female": 76.4
 },
 {
   "Country": "Croatia",
   "2015 male": "0",
   "2015 female": "38",
   "2015 % female": 100,
   "2016 male": "9",
   "2016 female": "21",
   "2016 % female": 70,
   "2015-2016 male": 9,
   "2015-2016 female": 59,
   "2015-2016 % female": 86.8
 },
 {
   "Country": "Italy",
   "2015 male": "120",
   "2015 female": "659",
   "2015 % female": 84.6,
   "2016 male": "122",
   "2016 female": "747",
   "2016 % female": 86,
   "2015-2016 male": 242,
   "2015-2016 female": 1406,
   "2015-2016 % female": 85.3
 },
 {
   "Country": "Cyprus",
   "2015 male": "23",
   "2015 female": "23",
   "2015 % female": 50,
   "2016 male": "4",
   "2016 female": "40",
   "2016 % female": 90.9,
   "2015-2016 male": 27,
   "2015-2016 female": 63,
   "2015-2016 % female": 70
 },
 {
   "Country": "Latvia",
   "2015 male": "78.9",
   "2015 female": "10,1",
   "2015 % female": 90.9,
   "2016 male": "83.3",
   "2016 female": "4",
   "2016 % female": 5,
   "2015-2016 male": 25,
   "2015-2016 female": 15,
   "2015-2016 % female": null
 },
 {
   "Country": "Lithuania",
   "2015 male": "26",
   "2015 female": "36",
   "2015 % female": 58.1,
   "2016 male": "25",
   "2016 female": "20\"",
   "2016 % female": 44.4,
   "2015-2016 male": 51,
   "2015-2016 female": 56,
   "2015-2016 % female": 52.3
 },
 {
   "Country": "Luxembourg",
   "2015 male": "75.0",
   "2015 female": ":",
   "2015 % female": 7,
   "2016 male": "81.5",
   "2016 female": "5",
   "2016 % female": 5,
   "2015-2016 male": 22,
   "2015-2016 female": 15,
   "2015-2016 % female": null
 },
 {
   "Country": "Hungary",
   "2015 male": "58",
   "2015 female": "449",
   "2015 % female": 88.6,
   "2016 male": "56",
   "2016 female": "443",
   "2016 % female": 88.5,
   "2015-2016 male": 114,
   "2015-2016 female": 882,
   "2015-2016 % female": 88.6
 },
 {
   "Country": "Malta",
   "2015 male": "4",
   "2015 female": ":",
   "2015 % female": null,
   "2016 male": "18",
   "2016 female": "16",
   "2016 % female": 47.1,
   "2015-2016 male": 18,
   "2015-2016 female": 20,
   "2015-2016 % female": 52.6
 },
 {
   "Country": "Netherlands",
   "2015 male": "273",
   "2015 female": "877",
   "2015 % female": 76.3,
   "2016 male": "222",
   "2016 female": "726",
   "2016 % female": 76.6,
   "2015-2016 male": 495,
   "2015-2016 female": 1603,
   "2015-2016 % female": 76.4
 },
 {
   "Country": "Austria",
   "2015 male": "23",
   "2015 female": "226",
   "2015 % female": 90.8,
   "2016 male": "42",
   "2016 female": "242",
   "2016 % female": 85.2,
   "2015-2016 male": 65,
   "2015-2016 female": 468,
   "2015-2016 % female": 87.8
 },
 {
   "Country": "Poland",
   "2015 male": "67",
   "2015 female": "48",
   "2015 % female": 41.7,
   "2016 male": "44",
   "2016 female": "34",
   "2016 % female": 43.6,
   "2015-2016 male": 111,
   "2015-2016 female": 82,
   "2015-2016 % female": 42.5
 },
 {
   "Country": "Portugal",
   "2015 male": "82",
   "2015 female": "54",
   "2015 % female": 39.7,
   "2016 male": "138",
   "2016 female": "58",
   "2016 % female": 29.6,
   "2015-2016 male": 220,
   "2015-2016 female": 112,
   "2015-2016 % female": 33.7
 },
 {
   "Country": "Romania",
   "2015 male": ":",
   "2015 female": ":",
   "2015 % female": null,
   "2016 male": ":",
   "2016 female": ":",
   "2016 % female": null,
   "2015-2016 male": 0,
   "2015-2016 female": 0,
   "2015-2016 % female": null
 },
 {
   "Country": "Slovenia",
   "2015 male": "0",
   "2015 female": "47",
   "2015 % female": 100,
   "2016 male": "2",
   "2016 female": "25",
   "2016 % female": 92.6,
   "2015-2016 male": 2,
   "2015-2016 female": 72,
   "2015-2016 % female": 97.3
 },
 {
   "Country": "Slovakia",
   "2015 male": "42",
   "2015 female": "39",
   "2015 % female": 48.1,
   "2016 male": "27",
   "2016 female": "18",
   "2016 % female": 40,
   "2015-2016 male": 69,
   "2015-2016 female": 57,
   "2015-2016 % female": 45.2
 },
 {
   "Country": "Finland",
   "2015 male": "15",
   "2015 female": "37",
   "2015 % female": 71.2,
   "2016 male": "44",
   "2016 female": "86",
   "2016 % female": 66.2,
   "2015-2016 male": 59,
   "2015-2016 female": 123,
   "2015-2016 % female": 67.6
 },
 {
   "Country": "Sweden",
   "2015 male": "2",
   "2015 female": ":",
   "2015 % female": null,
   "2016 male": "4",
   "2016 female": "3",
   "2016 % female": 42.9,
   "2015-2016 male": 4,
   "2015-2016 female": 5,
   "2015-2016 % female": 55.6
 },
 {
   "Country": "United Kingdom",
   "2015 male": "1518",
   "2015 female": "1744",
   "2015 % female": 53.5,
   "2016 male": "1864",
   "2016 female": "1936",
   "2016 % female": 50.9,
   "2015-2016 male": 3382,
   "2015-2016 female": 3680,
   "2015-2016 % female": 52.1
 }
]