<?xml version="1.0" encoding="UTF-8"?>
<rdf:RDF xmlns:odohteu="http://www.odohteu.github.io/" xmlns:rdf="http://www.w3.org/1999/02/22-rdf-syntax-ns#">
<root>
  <row>
      <odohteu:Country>Belgium</odohteu:Country>
     <odohteu:_2015Male>63</odohteu:_2015Male>
    <odohteu:_2015Female>54</odohteu:_2015Female>
    <odohteu:_2015PercentageFemale>46,2</odohteu:_2015PercentageFemale>
    <odohteu:_2016Male>59</odohteu:_2016Male>
    <odohteu:_2016Female>60</odohteu:_2016Female>
    <odohteu:_2016PercentageFemale>50,4</odohteu:_2016PercentageFemale>
    <odohteu:_2015-2016Male>122</odohteu:_2015-2016Male>
    <odohteu:_2015-2016Female>114</odohteu:_2015-2016Female>
    <odohteu:_2015-2016PercentageFemale>48,3</odohteu:_2015-2016PercentageFemale>
  </row>
  <row>
    <odohteu:Country>Bulgaria</odohteu:Country>
    <odohteu:_2015Male>28</odohteu:_2015Male>
    <odohteu:_2015Female>381</odohteu:_2015Female>
    <odohteu:_2015PercentageFemale>93,2</odohteu:_2015PercentageFemale>
    <odohteu:_2016Male>38</odohteu:_2016Male>
    <odohteu:_2016Female>409</odohteu:_2016Female>
    <odohteu:_2016PercentageFemale>91,5</odohteu:_2016PercentageFemale>
    <odohteu:_2015-2016Male>66</odohteu:_2015-2016Male>
    <odohteu:_2015-2016Female>790</odohteu:_2015-2016Female>
    <odohteu:_2015-2016PercentageFemale>92,3</odohteu:_2015-2016PercentageFemale>
  </row>
  <row>
     <odohteu:Country>Czech Republic</odohteu:Country>
 <odohteu:_2015Male>0</odohteu:_2015Male>
    <odohteu:_2015Female>4</odohteu:_2015Female>
    <odohteu:_2015PercentageFemale>100</odohteu:_2015PercentageFemale>
    <odohteu:_2016Male>7</odohteu:_2016Male>
    <odohteu:_2016Female>7</odohteu:_2016Female>
    <odohteu:_2016PercentageFemale>50</odohteu:_2016PercentageFemale>
    <odohteu:_2015-2016Male>7</odohteu:_2015-2016Male>
    <odohteu:_2015-2016Female>11</odohteu:_2015-2016Female>
    <odohteu:_2015-2016PercentageFemale>61,1</odohteu:_2015-2016PercentageFemale>
  </row>
  <row>
     <odohteu:Country>Denmark</odohteu:Country>
   <odohteu:_2015Male>42</odohteu:_2015Male>
    <odohteu:_2015Female>52</odohteu:_2015Female>
    <odohteu:_2015PercentageFemale>55,3</odohteu:_2015PercentageFemale>
    <odohteu:_2016Male>7</odohteu:_2016Male>
    <odohteu:_2016Female>114</odohteu:_2016Female>
    <odohteu:_2016PercentageFemale>94,2</odohteu:_2016PercentageFemale>
    <odohteu:_2015-2016Male>49</odohteu:_2015-2016Male>
    <odohteu:_2015-2016Female>166</odohteu:_2015-2016Female>
    <odohteu:_2015-2016PercentageFemale>77,2</odohteu:_2015-2016PercentageFemale>
  </row>
  <row>
    <odohteu:Country>Germany</odohteu:Country>
    <odohteu:_2015Male>55</odohteu:_2015Male>
    <odohteu:_2015Female>406</odohteu:_2015Female>
    <odohteu:_2015PercentageFemale>88,1</odohteu:_2015PercentageFemale>
    <odohteu:_2016Male>51</odohteu:_2016Male>
    <odohteu:_2016Female>479</odohteu:_2016Female>
    <odohteu:_2016PercentageFemale>90,4</odohteu:_2016PercentageFemale>
    <odohteu:_2015-2016Male>106</odohteu:_2015-2016Male>
    <odohteu:_2015-2016Female>885</odohteu:_2015-2016Female>
    <odohteu:_2015-2016PercentageFemale>89,3</odohteu:_2015-2016PercentageFemale>
  </row>
  <row>
    <odohteu:Country>Estonia</odohteu:Country>
  <odohteu:_2015Male>4</odohteu:_2015Male>
    <odohteu:_2015Female>9</odohteu:_2015Female>
    <odohteu:_2015PercentageFemale>69,2</odohteu:_2015PercentageFemale>
    <odohteu:_2016Male>3</odohteu:_2016Male>
    <odohteu:_2016Female>7</odohteu:_2016Female>
    <odohteu:_2016PercentageFemale>70</odohteu:_2016PercentageFemale>
    <odohteu:_2015-2016Male>7</odohteu:_2015-2016Male>
    <odohteu:_2015-2016Female>16</odohteu:_2015-2016Female>
    <odohteu:_2015-2016PercentageFemale>69,6</odohteu:_2015-2016PercentageFemale>
  </row>
  <row>
    <odohteu:Country>Ireland</odohteu:Country>
   <odohteu:_2015Male>20</odohteu:_2015Male>
    <odohteu:_2015Female>41</odohteu:_2015Female>
    <odohteu:_2015PercentageFemale>67,2</odohteu:_2015PercentageFemale>
    <odohteu:_2016Male>36</odohteu:_2016Male>
    <odohteu:_2016Female>39</odohteu:_2016Female>
    <odohteu:_2016PercentageFemale>52</odohteu:_2016PercentageFemale>
    <odohteu:_2015-2016Male>56</odohteu:_2015-2016Male>
    <odohteu:_2015-2016Female>80</odohteu:_2015-2016Female>
    <odohteu:_2015-2016PercentageFemale>58,8</odohteu:_2015-2016PercentageFemale>
  </row>
  <row>
    <odohteu:Country>Greece</odohteu:Country>
   <odohteu:_2015Male>55</odohteu:_2015Male>
    <odohteu:_2015Female>95</odohteu:_2015Female>
    <odohteu:_2015PercentageFemale>63,3</odohteu:_2015PercentageFemale>
    <odohteu:_2016Male>188</odohteu:_2016Male>
    <odohteu:_2016Female>138</odohteu:_2016Female>
    <odohteu:_2016PercentageFemale>53,9</odohteu:_2016PercentageFemale>
    <odohteu:_2015-2016Male>173</odohteu:_2015-2016Male>
    <odohteu:_2015-2016Female>233</odohteu:_2015-2016Female>
    <odohteu:_2015-2016PercentageFemale>57,4</odohteu:_2015-2016PercentageFemale>
  </row>
  <row>
    <odohteu:Country>Spain</odohteu:Country>
      <odohteu:_2015Male>101</odohteu:_2015Male>
    <odohteu:_2015Female>166</odohteu:_2015Female>
    <odohteu:_2015PercentageFemale>62,2</odohteu:_2015PercentageFemale>
    <odohteu:_2016Male>28</odohteu:_2016Male>
    <odohteu:_2016Female>165</odohteu:_2016Female>
    <odohteu:_2016PercentageFemale>85,5</odohteu:_2016PercentageFemale>
    <odohteu:_2015-2016Male>129</odohteu:_2015-2016Male>
    <odohteu:_2015-2016Female>331</odohteu:_2015-2016Female>
    <odohteu:_2015-2016PercentageFemale>72</odohteu:_2015-2016PercentageFemale>
    
  </row>
  <row>
      <odohteu:Country>France</odohteu:Country>
   <odohteu:_2015Male>:</odohteu:_2015Male>
    <odohteu:_2015Female>:</odohteu:_2015Female>
    <odohteu:_2015PercentageFemale></odohteu:_2015PercentageFemale>
    <odohteu:_2016Male>356</odohteu:_2016Male>
    <odohteu:_2016Female>1,154</odohteu:_2016Female>
    <odohteu:_2016PercentageFemale>76,4</odohteu:_2016PercentageFemale>
    <odohteu:_2015-2016Male>356</odohteu:_2015-2016Male>
    <odohteu:_2015-2016Female>1154</odohteu:_2015-2016Female>
    <odohteu:_2015-2016PercentageFemale>76,4</odohteu:_2015-2016PercentageFemale>
  </row>
  <row>
    <odohteu:Country>Croatia</odohteu:Country>
     <odohteu:_2015Male>0</odohteu:_2015Male>
    <odohteu:_2015Female>38</odohteu:_2015Female>
    <odohteu:_2015PercentageFemale>100</odohteu:_2015PercentageFemale>
    <odohteu:_2016Male>9</odohteu:_2016Male>
    <odohteu:_2016Female>21</odohteu:_2016Female>
    <odohteu:_2016PercentageFemale>70</odohteu:_2016PercentageFemale>
    <odohteu:_2015-2016Male>9</odohteu:_2015-2016Male>
    <odohteu:_2015-2016Female>59</odohteu:_2015-2016Female>
    <odohteu:_2015-2016PercentageFemale>86,8</odohteu:_2015-2016PercentageFemale>
  </row>
  <row>
     <odohteu:Country>Italy</odohteu:Country>
    <odohteu:_2015Male>120</odohteu:_2015Male>
    <odohteu:_2015Female>659</odohteu:_2015Female>
    <odohteu:_2015PercentageFemale>84,6</odohteu:_2015PercentageFemale>
    <odohteu:_2016Male>122</odohteu:_2016Male>
    <odohteu:_2016Female>747</odohteu:_2016Female>
    <odohteu:_2016PercentageFemale>86</odohteu:_2016PercentageFemale>
    <odohteu:_2015-2016Male>242</odohteu:_2015-2016Male>
    <odohteu:_2015-2016Female>1406</odohteu:_2015-2016Female>
    <odohteu:_2015-2016PercentageFemale>85,3</odohteu:_2015-2016PercentageFemale>
  </row>
  <row>
    <odohteu:Country>Cyprus</odohteu:Country>
   <odohteu:_2015Male>23</odohteu:_2015Male>
    <odohteu:_2015Female>23</odohteu:_2015Female>
    <odohteu:_2015PercentageFemale>50</odohteu:_2015PercentageFemale>
    <odohteu:_2016Male>4</odohteu:_2016Male>
    <odohteu:_2016Female>40</odohteu:_2016Female>
    <odohteu:_2016PercentageFemale>90,9</odohteu:_2016PercentageFemale>
    <odohteu:_2015-2016Male>27</odohteu:_2015-2016Male>
    <odohteu:_2015-2016Female>63</odohteu:_201>
 </row>
  <row>
   <odohteu:Country>Latvia</odohteu:Country>
   <odohteu:_2015Male>78,9</odohteu:_2015Male>
    <odohteu:_2015Female>10,1</odohteu:_2015Female>
    <odohteu:_2015PercentageFemale>90,9</odohteu:_2015PercentageFemale>
    <odohteu:_2016Male>83,3</odohteu:_2016Male>
    <odohteu:_2016Female>4</odohteu:_2016Female>
    <odohteu:_2016PercentageFemale>5</odohteu:_2016PercentageFemale>
    <odohteu:_2015-2016Male>25</odohteu:_2015-2016Male>
    <odohteu:_2015-2016Female>15</odohteu:_2015-2016Female>
    <odohteu:_2015-2016PercentageFemale></odohteu:_2015-2016PercentageFemale>
  </row>
  <row>
    <odohteu:Country>Lithuania</odohteu:Country>
   <odohteu:_2015Male>26</odohteu:_2015Male>
    <odohteu:_2015Female>36</odohteu:_2015Female>
    <odohteu:_2015PercentageFemale>58,1</odohteu:_2015PercentageFemale>
    <odohteu:_2016Male>25</odohteu:_2016Male>
    <odohteu:_2016Female>20&quot;</odohteu:_2016Female>
    <odohteu:_2016PercentageFemale>44,4</odohteu:_2016PercentageFemale>
    <odohteu:_2015-2016Male>51</odohteu:_2015-2016Male>
    <odohteu:_2015-2016Female>56</odohteu:_2015-2016Female>
    <odohteu:_2015-2016PercentageFemale>52,3</odohteu:_2015-2016PercentageFemale>
  </row>
  <row>
    <odohteu:Country>Luxembourg</odohteu:Country>
 <odohteu:_2015Male>75</odohteu:_2015Male>
    <odohteu:_2015Female>:</odohteu:_2015Female>
    <odohteu:_2015PercentageFemale>7</odohteu:_2015PercentageFemale>
    <odohteu:_2016Male>81,5</odohteu:_2016Male>
    <odohteu:_2016Female>5</odohteu:_2016Female>
    <odohteu:_2016PercentageFemale>5</odohteu:_2016PercentageFemale>
    <odohteu:_2015-2016Male>22</odohteu:_2015-2016Male>
    <odohteu:_2015-2016Female>15</odohteu:_2015-2016Female>
    <odohteu:_2015-2016PercentageFemale>0</odohteu:_2015-2016PercentageFemale>
  </row>
  <row>
    <odohteu:Country>Hungary</odohteu:Country>
    <odohteu:_2015Male>58</odohteu:_2015Male>
    <odohteu:_2015Female>449</odohteu:_2015Female>
    <odohteu:_2015PercentageFemale>88,6</odohteu:_2015PercentageFemale>
    <odohteu:_2016Male>56</odohteu:_2016Male>
    <odohteu:_2016Female>443</odohteu:_2016Female>
    <odohteu:_2016PercentageFemale>88,5</odohteu:_2016PercentageFemale>
    <odohteu:_2015-2016Male>114</odohteu:_2015-2016Male>
    <odohteu:_2015-2016Female>882</odohteu:_2015-2016Female>
    <odohteu:_2015-2016PercentageFemale>88,6</odohteu:_2015-2016PercentageFemale>
  </row>
  <row>
  <odohteu:Country>Malta</odohteu:Country>
    <odohteu:_2015Male>4</odohteu:_2015Male>
    <odohteu:_2015Female>:</odohteu:_2015Female>
    <odohteu:_2015PercentageFemale></odohteu:_2015PercentageFemale>
    <odohteu:_2016Male>18</odohteu:_2016Male>
    <odohteu:_2016Female>16</odohteu:_2016Female>
    <odohteu:_2016PercentageFemale>47,1</odohteu:_2016PercentageFemale>
    <odohteu:_2015-2016Male>18</odohteu:_2015-2016Male>
    <odohteu:_2015-2016Female>20</odohteu:_2015-2016Female>
    <odohteu:_2015-2016PercentageFemale>52,6</odohteu:_2015-2016PercentageFemale>
  </row>
  <row>
     <odohteu:Country>Netherlands</odohteu:Country>
    <odohteu:_2015Male>273</odohteu:_2015Male>
    <odohteu:_2015Female>877</odohteu:_2015Female>
    <odohteu:_2015PercentageFemale>76,3</odohteu:_2015PercentageFemale>
    <odohteu:_2016Male>222</odohteu:_2016Male>
    <odohteu:_2016Female>726</odohteu:_2016Female>
    <odohteu:_2016PercentageFemale>76,6</odohteu:_2016PercentageFemale>
    <odohteu:_2015-2016Male>495</odohteu:_2015-2016Male>
    <odohteu:_2015-2016Female>1603</odohteu:_2015-2016Female>
    <odohteu:_2015-2016PercentageFemale>76,4</odohteu:_2015-2016PercentageFemale>
  </row>
  <row>
    <odohteu:Country>Austria</odohteu:Country>
     <odohteu:_2015Male>23</odohteu:_2015Male>
    <odohteu:_2015Female>226</odohteu:_2015Female>
    <odohteu:_2015PercentageFemale>90,8</odohteu:_2015PercentageFemale>
    <odohteu:_2016Male>42</odohteu:_2016Male>
    <odohteu:_2016Female>242</odohteu:_2016Female>
    <odohteu:_2016PercentageFemale>85,2</odohteu:_2016PercentageFemale>
    <odohteu:_2015-2016Male>65</odohteu:_2015-2016Male>
    <odohteu:_2015-2016Female>468</odohteu:_2015-2016Female>
    <odohteu:_2015-2016PercentageFemale>87,8</odohteu:_2015-2016PercentageFemale>
  </row>
  <row>
    <odohteu:Country>Poland</odohteu:Country>
     <odohteu:_2015Male>67</odohteu:_2015Male>
    <odohteu:_2015Female>48</odohteu:_2015Female>
    <odohteu:_2015PercentageFemale>41,7</odohteu:_2015PercentageFemale>
    <odohteu:_2016Male>44</odohteu:_2016Male>
    <odohteu:_2016Female>34</odohteu:_2016Female>
    <odohteu:_2016PercentageFemale>43,6</odohteu:_2016PercentageFemale>
    <odohteu:_2015-2016Male>111</odohteu:_2015-2016Male>
    <odohteu:_2015-2016Female>82</odohteu:_2015-2016Female>
    <odohteu:_2015-2016PercentageFemale>42,5</odohteu:_2015-2016PercentageFemale>
  </row>
  <row>
     <odohteu:Country>Portugal</odohteu:Country>
      <odohteu:_2015Male>82</odohteu:_2015Male>
    <odohteu:_2015Female>54</odohteu:_2015Female>
    <odohteu:_2015PercentageFemale>39,7</odohteu:_2015PercentageFemale>
    <odohteu:_2016Male>138</odohteu:_2016Male>
    <odohteu:_2016Female>58</odohteu:_2016Female>
    <odohteu:_2016PercentageFemale>29,6</odohteu:_2016PercentageFemale>
    <odohteu:_2015-2016Male>220</odohteu:_2015-2016Male>
    <odohteu:_2015-2016Female>112</odohteu:_2015-2016Female>
    <odohteu:_2015-2016PercentageFemale>33,7</odohteu:_2015-2016PercentageFemale>
  </row>
  <row>
   <odohteu:Country>Romania</odohteu:Country>
    <odohteu:_2015Male>:</odohteu:_2015Male>
    <odohteu:_2015Female>:</odohteu:_2015Female>
    <odohteu:_2015PercentageFemale></odohteu:_2015PercentageFemale>
    <odohteu:_2016Male>:</odohteu:_2016Male>
    <odohteu:_2016Female>:</odohteu:_2016Female>
    <odohteu:_2016PercentageFemale></odohteu:_2016PercentageFemale>
    <odohteu:_2015-2016Male>0</odohteu:_2015-2016Male>
    <odohteu:_2015-2016Female>0</odohteu:_2015-2016Female>
    <odohteu:_2015-2016PercentageFemale>:</odohteu:_2015-2016PercentageFemale>
  </row>
  <row>
    <odohteu:Country>Slovenia</odohteu:Country>
 <odohteu:_2015Male>0</odohteu:_2015Male>
    <odohteu:_2015Female>47</odohteu:_2015Female>
    <odohteu:_2015PercentageFemale>100</odohteu:_2015PercentageFemale>
    <odohteu:_2016Male>2</odohteu:_2016Male>
    <odohteu:_2016Female>25</odohteu:_2016Female>
    <odohteu:_2016PercentageFemale>92,6</odohteu:_2016PercentageFemale>
    <odohteu:_2015-2016Male>2</odohteu:_2015-2016Male>
    <odohteu:_2015-2016Female>72</odohteu:_2015-2016Female>
    <odohteu:_2015-2016PercentageFemale>97,3</odohteu:_2015-2016PercentageFemale>
  </row>
  <row>
      <odohteu:Country>Slovakia</odohteu:Country>
    <odohteu:_2015Male>42</odohteu:_2015Male>
    <odohteu:_2015Female>39</odohteu:_2015Female>
    <odohteu:_2015PercentageFemale>48,1</odohteu:_2015PercentageFemale>
    <odohteu:_2016Male>27</odohteu:_2016Male>
    <odohteu:_2016Female>18</odohteu:_2016Female>
    <odohteu:_2016PercentageFemale>40</odohteu:_2016PercentageFemale>
    <odohteu:_2015-2016Male>69</odohteu:_2015-2016Male>
    <odohteu:_2015-2016Female>57</odohteu:_2015-2016Female>
    <odohteu:_2015-2016PercentageFemale>45,2</odohteu:_2015-2016PercentageFemale>
  </row>
  <row>
   <odohteu:Country>Finland</odohteu:Country>
 <odohteu:_2015Male>15</odohteu:_2015Male>
    <odohteu:_2015Female>37</odohteu:_2015Female>
    <odohteu:_2015PercentageFemale>71,2</odohteu:_2015PercentageFemale>
    <odohteu:_2016Male>44</odohteu:_2016Male>
    <odohteu:_2016Female>86</odohteu:_2016Female>
    <odohteu:_2016PercentageFemale>66,2</odohteu:_2016PercentageFemale>
    <odohteu:_2015-2016Male>59</odohteu:_2015-2016Male>
    <odohteu:_2015-2016Female>123</odohteu:_2015-2016Female>
    <odohteu:_2015-2016PercentageFemale>67,6</odohteu:_2015-2016PercentageFemale>
  </row>
  <row>
    <odohteu:Country>Sweden</odohteu:Country>
     <odohteu:_2015Male>2</odohteu:_2015Male>
    <odohteu:_2015Female>:</odohteu:_2015Female>
    <odohteu:_2015PercentageFemale></odohteu:_2015PercentageFemale>
    <odohteu:_2016Male>4</odohteu:_2016Male>
    <odohteu:_2016Female>3</odohteu:_2016Female>
    <odohteu:_2016PercentageFemale>42,9</odohteu:_2016PercentageFemale>
    <odohteu:_2015-2016Male>4</odohteu:_2015-2016Male>
    <odohteu:_2015-2016Female>5</odohteu:_2015-2016Female>
    <odohteu:_2015-2016PercentageFemale>55,6</odohteu:_2015-2016PercentageFemale>
  </row>
  <row>
    <odohteu:Country>United Kingdom</odohteu:Country>
   <odohteu:_2015Male>1518</odohteu:_2015Male>
    <odohteu:_2015Female>1744</odohteu:_2015Female>
    <odohteu:_2015PercentageFemale>53,5</odohteu:_2015PercentageFemale>
    <odohteu:_2016Male>1864</odohteu:_2016Male>
    <odohteu:_2016Female>1936</odohteu:_2016Female>
    <odohteu:_2016PercentageFemale>50,9</odohteu:_2016PercentageFemale>
    <odohteu:_2015-2016Male>3382</odohteu:_2015-2016Male>
    <odohteu:_2015-2016Female>3680</odohteu:_2015-2016Female>
    <odohteu:_2015-2016PercentageFemale>52,1</odohteu:_2015-2016PercentageFemale>
  </row>
</odohteu:root>
</odohteu:rdf:RDF>