[
 {
   "Country": "Belgium",
   "2015": 117,
   "2016": 119,
   "2015-2016": 236
 },
 {
   "Country": "Bulgaria",
   "2015": null,
   "2016": null,
   "2015-2016": null
 },
 {
   "Country": "Czech Republic",
   "2015": 4,
   "2016": 14,
   "2015-2016": 18
 },
 {
   "Country": "Denmark",
   "2015": 93,
   "2016": 121,
   "2015-2016": 214
 },
 {
   "Country": "Germany",
   "2015": 470,
   "2016": 536,
   "2015-2016": 1006
 },
 {
   "Country": "Estonia",
   "2015": 13,
   "2016": 10,
   "2015-2016": 23
 },
 {
   "Country": "Ireland",
   "2015": 62,
   "2016": 75,
   "2015-2016": 137
 },
 {
   "Country": "Greece",
   "2015": 158,
   "2016": 346,
   "2015-2016": 504
 },
 {
   "Country": "Spain",
   "2015": 267,
   "2016": 193,
   "2015-2016": 460
 },
 {
   "Country": "France",
   "2015": null,
   "2016": 1516,
   "2015-2016": 1516
 },
 {
   "Country": "Croatia",
   "2015": 38,
   "2016": 30,
   "2015-2016": 68
 },
 {
   "Country": "Italy",
   "2015": 781,
   "2016": 879,
   "2015-2016": 1660
 },
 {
   "Country": "Cyprus",
   "2015": 46,
   "2016": 44,
   "2015-2016": 90
 },
 {
   "Country": "Latvia",
   "2015": 24,
   "2016": 33,
   "2015-2016": 57
 },
 {
   "Country": "Lithuania",
   "2015": 62,
   "2016": 45,
   "2015-2016": 107
 },
 {
   "Country": "Luxembourg",
   "2015": 7,
   "2016": 20,
   "2015-2016": 27
 },
 {
   "Country": "Hungary",
   "2015": 507,
   "2016": 489,
   "2015-2016": 996
 },
 {
   "Country": "Malta",
   "2015": 3,
   "2016": 34,
   "2015-2016": 37
 },
 {
   "Country": "Netherlands",
   "2015": 1295,
   "2016": 1147,
   "2015-2016": 2442
 },
 {
   "Country": "Austria",
   "2015": 384,
   "2016": 375,
   "2015-2016": 759
 },
 {
   "Country": "Poland",
   "2015": 173,
   "2016": 197,
   "2015-2016": 370
 },
 {
   "Country": "Portugal",
   "2015": 137,
   "2016": 202,
   "2015-2016": 339
 },
 {
   "Country": "Romania",
   "2015": 880,
   "2016": 756,
   "2015-2016": 1636
 },
 {
   "Country": "Slovenia",
   "2015": 47,
   "2016": 27,
   "2015-2016": 74
 },
 {
   "Country": "Slovakia",
   "2015": 81,
   "2016": 45,
   "2015-2016": 126
 },
 {
   "Country": "Finland",
   "2015": 52,
   "2016": 130,
   "2015-2016": 182
 },
 {
   "Country": "Sweden",
   "2015": 180,
   "2016": 197,
   "2015-2016": 377
 },
 {
   "Country": "United Kingdom",
   "2015": 3266,
   "2016": 3805,
   "2015-2016": 7071
 }
]