<?xml version="1.0" encoding="UTF-8"?>
<rdf:RDF xmlns:odohteu="http://www.odohteu.github.io/" xmlns:rdf="http://www.w3.org/1999/02/22-rdf-syntax-ns#">
<root>
  <row>
     <odohteu:Country>Belgium</odohteu:Country>
    <odohteu:victims2015>117</odohteu:victims2015>
    <odohteu:victims2016>119</odohteu:victims2016>
    <odohteu:victims2015-2016>236</odohteu:victims2015-2016>
  </row>
  <row>
      <odohteu:Country>Bulgaria</odohteu:Country>
    <odohteu:victims2015>:</odohteu:victims2015>
    <odohteu:victims2016>:</odohteu:victims2016>
    <odohteu:victims2015-2016>:</odohteu:victims2015-2016>
  </row>
  <row>
       <odohteu:Country>Czech Republic</odohteu:Country>
    <odohteu:victims2015>4</odohteu:victims2015>
    <odohteu:victims2016>14</odohteu:victims2016>
    <odohteu:victims2015-2016>18</odohteu:victims2015-2016>
  
  </row>
  <row>
      <odohteu:Country>Denmark</odohteu:Country>
    <odohteu:victims2015>93</odohteu:victims2015>
    <odohteu:victims2016>121</odohteu:victims2016>
    <odohteu:victims2015-2016>214</odohteu:victims2015-2016>
  </row>
  <row>
  <odohteu:Country>Germany</odohteu:Country>
    <odohteu:victims2015>470</odohteu:victims2015>
    <odohteu:victims2016>536</odohteu:victims2016>
    <odohteu:victims2015-2016>1 006</odohteu:victims2015-2016>
  </row>
  <row>
    <odohteu:Country>Estonia</odohteu:Country>
    <odohteu:victims2015>13</odohteu:victims2015>
    <odohteu:victims2016>10</odohteu:victims2016>
    <odohteu:victims2015-2016>23</odohteu:victims2015-2016>
  </row>
  <row>
     <odohteu:Country>Ireland</odohteu:Country>
    <odohteu:victims2015>62</odohteu:victims2015>
    <odohteu:victims2016>75</odohteu:victims2016>
    <odohteu:victims2015-2016>137</odohteu:victims2015-2016>
  </row>
  <row>
   <odohteu:Country>Greece</odohteu:Country>
    <odohteu:victims2015>158</odohteu:victims2015>
    <odohteu:victims2016>346</odohteu:victims2016>
    <odohteu:victims2015-2016>504</odohteu:victims2015-2016>
  </row>
  <row>
 <odohteu:Country>Spain</odohteu:Country>
    <odohteu:victims2015>267</odohteu:victims2015>
    <odohteu:victims2016>193</odohteu:victims2016>
    <odohteu:victims2015-2016>460</odohteu:victims2015-2016>
  </row>
  <row>
  <odohteu:Country>France</odohteu:Country>
    <odohteu:victims2015>:</odohteu:victims2015>
    <odohteu:victims2016>1 516</odohteu:victims2016>
    <odohteu:victims2015-2016>1 516</odohteu:victims2015-2016>
  </row>
  <row>
     <odohteu:Country>Croatia</odohteu:Country>
    <odohteu:victims2015>38</odohteu:victims2015>
    <odohteu:victims2016>30</odohteu:victims2016>
    <odohteu:victims2015-2016>68</odohteu:victims2015-2016>
  </row>
  <row>
    <odohteu:Country>Italy</odohteu:Country>
    <odohteu:victims2015>781</odohteu:victims2015>
    <odohteu:victims2016>879</odohteu:victims2016>
    <odohteu:victims2015-2016>1 660</odohteu:victims2015-2016>
  </row>
  <row>
    <odohteu:Country>Cyprus</odohteu:Country>
    <odohteu:victims2015>46</odohteu:victims2015>
    <odohteu:victims2016>44</odohteu:victims2016>
    <odohteu:victims2015-2016>90</odohteu:victims2015-2016>>
  </row>
  <row>
     <odohteu:Country>Latvia</odohteu:Country>
    <odohteu:victims2015>24</odohteu:victims2015>
    <odohteu:victims2016>33</odohteu:victims2016>
    <odohteu:victims2015-2016>57</odohteu:victims2015-2016>
  </row>
  <row>
     <odohteu:Country>Lithuania</odohteu:Country>
    <odohteu:victims2015>62</odohteu:victims2015>
    <odohteu:victims2016>45</odohteu:victims2016>
    <odohteu:victims2015-2016>107</odohteu:victims2015-2016>>
  </row>
  <row>
   <odohteu:Country>Luxembourg</odohteu:Country>
    <odohteu:victims2015>7</odohteu:victims2015>
    <odohteu:victims2016>20</odohteu:victims2016>
    <odohteu:victims2015-2016>27</odohteu:victims2015-2016>
  </row>
  <row>
     <odohteu:Country>Hungary</odohteu:Country>
    <odohteu:victims2015>507</odohteu:victims2015>
    <odohteu:victims2016>489</odohteu:victims2016>
    <odohteu:victims2015-2016>996</odohteu:victims2015-2016>
  </row>
  <row>
       <odohteu:Country>Malta</odohteu:Country>
    <odohteu:victims2015>3</odohteu:victims2015>
    <odohteu:victims2016>34</odohteu:victims2016>
    <odohteu:victims2015-2016>37</odohteu:victims2015-2016>
  </row>
  <row>
      <odohteu:Country>Netherlands</odohteu:Country>
    <odohteu:victims2015>1 295</odohteu:victims2015>
    <odohteu:victims2016>1 147</odohteu:victims2016>
    <odohteu:victims2015-2016>2 442</odohteu:victims2015-2016>
   
  </row>
  <row>
      <odohteu:Country>Austria</odohteu:Country>
    <odohteu:victims2015>384</odohteu:victims2015>
    <odohteu:victims2016>375</odohteu:victims2016>
    <odohteu:victims2015-2016>759</odohteu:victims2015-2016>
  </row>
  <row>
   <odohteu:Country>Poland</odohteu:Country>
    <odohteu:victims2015>173</odohteu:victims2015>
    <odohteu:victims2016>197</odohteu:victims2016>
    <odohteu:victims2015-2016>370</odohteu:victims2015-2016>
  </row>
  <row>
    <odohteu:Country>Portugal</odohteu:Country>
    <odohteu:victims2015>137</odohteu:victims2015>
    <odohteu:victims2016>202</odohteu:victims2016>
    <odohteu:victims2015-2016>339</odohteu:victims2015-2016>
  </row>
  <row>
    <odohteu:Country>Romania</odohteu:Country>
    <odohteu:victims2015>880</odohteu:victims2015>
    <odohteu:victims2016>756</odohteu:victims2016>
    <odohteu:victims2015-2016>1 636</odohteu:victims2015-2016>
  </row>
  <row>
     <odohteu:Country>Slovenia</odohteu:Country>
    <odohteu:victims2015>47</odohteu:victims2015>
    <odohteu:victims2016>27</odohteu:victims2016>
    <odohteu:victims2015-2016>74</odohteu:victims2015-2016>
  </row>
  <row>
      <odohteu:Country>Slovakia</odohteu:Country>
    <odohteu:victims2015>81</odohteu:victims2015>
    <odohteu:victims2016>45</odohteu:victims2016>
    <odohteu:victims2015-2016>126</odohteu:victims2015-2016>
  </row>
  <row>
     <odohteu:Country>Finland</odohteu:Country>
    <odohteu:victims2015>52</odohteu:victims2015>
    <odohteu:victims2016>130</odohteu:victims2016>
    <odohteu:victims2015-2016>182</odohteu:victims2015-2016>
  </row>
  <row>
  <odohteu:Country>Sweden</odohteu:Country>
    <odohteu:victims2015>180</odohteu:victims2015>
    <odohteu:victims2016>197</odohteu:victims2016>
    <odohteu:victims2015-2016>377</odohteu:victims2015-2016>
  </row>
  <row>
 <odohteu:Country>United Kingdom</odohteu:Country>
    <odohteu:victims2015>3 266</odohteu:victims2015>
    <odohteu:victims2016>3 805</odohteu:victims2016>
    <odohteu:victims2015-2016>7 071</odohteu:victims2015-2016>16>
  </row>
</root>
</odohteu:root>
</odohteu:rdf:RDF>