<?xml version="1.0" encoding="UTF-8"?>
<rdf:RDF xmlns:odohteu="http://www.odohteu.github.io/" xmlns:rdf="http://www.w3.org/1999/02/22-rdf-syntax-ns#">
<root>
  <row>
    <odohteu:Country>Belgium</odohteu:Country>
    <odohteu:victims2015>117</odohteu:victims2015>
    <odohteu:victims2016>119</odohteu:victims2016>
    <odohteu:victims2015-2016>236</odohteu:victims2015-2016>
    <odohteu:_2015Male>63</odohteu:_2015Male>
    <odohteu:_2015Female>54</odohteu:_2015Female>
    <odohteu:_2015PercentageFemale>46,2</odohteu:_2015PercentageFemale>
    <odohteu:_2016Male>59</odohteu:_2016Male>
    <odohteu:_2016Female>60</odohteu:_2016Female>
    <odohteu:_2016PercentageFemale>50,4</odohteu:_2016PercentageFemale>
    <odohteu:_2015-2016Male>122</odohteu:_2015-2016Male>
    <odohteu:_2015-2016Female>114</odohteu:_2015-2016Female>
    <odohteu:_2015-2016PercentageFemale>48,3</odohteu:_2015-2016PercentageFemale>
    <odohteu:_2015Children>14</odohteu:_2015Children>
    <odohteu:_2015Adults>103</odohteu:_2015Adults>
    <odohteu:_2015PercentageChildren>12</odohteu:_2015PercentageChildren>
    <odohteu:_2016Children>6</odohteu:_2016Children>
    <odohteu:_2016Adults>113</odohteu:_2016Adults>
    <odohteu:_2016PercentageChildren>5</odohteu:_2016PercentageChildren>
    <odohteu:_2015-2016Children>20</odohteu:_2015-2016Children>
    <odohteu:_2015-2016Adults>216</odohteu:_2015-2016Adults>
    <odohteu:_2015-2016PercentageChildren>8,5</odohteu:_2015-2016PercentageChildren>
    <odohteu:TotalNumberOfChildRegisteredVictims>1</odohteu:TotalNumberOfChildRegisteredVictims>
    <odohteu:GenderPercentageMale>0</odohteu:GenderPercentageMale>
    <odohteu:GenderPercentageFemale>100</odohteu:GenderPercentageFemale>
    <odohteu:PercentageOfTotalNumberOfRegisteredVictim>17</odohteu:PercentageOfTotalNumberOfRegisteredVictim>
  </row>
  <row>
    <odohteu:Country>Bulgaria</odohteu:Country>
    <odohteu:victims2015>:</odohteu:victims2015>
    <odohteu:victims2016>:</odohteu:victims2016>
    <odohteu:victims2015-2016>:</odohteu:victims2015-2016>
    <odohteu:_2015Male>28</odohteu:_2015Male>
    <odohteu:_2015Female>381</odohteu:_2015Female>
    <odohteu:_2015PercentageFemale>93,2</odohteu:_2015PercentageFemale>
    <odohteu:_2016Male>38</odohteu:_2016Male>
    <odohteu:_2016Female>409</odohteu:_2016Female>
    <odohteu:_2016PercentageFemale>91,5</odohteu:_2016PercentageFemale>
    <odohteu:_2015-2016Male>66</odohteu:_2015-2016Male>
    <odohteu:_2015-2016Female>790</odohteu:_2015-2016Female>
    <odohteu:_2015-2016PercentageFemale>92,3</odohteu:_2015-2016PercentageFemale>
    <odohteu:_2015Children>33</odohteu:_2015Children>
    <odohteu:_2015Adults>376</odohteu:_2015Adults>
    <odohteu:_2015PercentageChildren>8,1</odohteu:_2015PercentageChildren>
    <odohteu:_2016Children>25</odohteu:_2016Children>
    <odohteu:_2016Adults>422</odohteu:_2016Adults>
    <odohteu:_2016PercentageChildren>5,6</odohteu:_2016PercentageChildren>
    <odohteu:_2015-2016Children>58</odohteu:_2015-2016Children>
    <odohteu:_2015-2016Adults>798</odohteu:_2015-2016Adults>
    <odohteu:_2015-2016PercentageChildren>6,8</odohteu:_2015-2016PercentageChildren>
    <odohteu:TotalNumberOfChildRegisteredVictims>13</odohteu:TotalNumberOfChildRegisteredVictims>
    <odohteu:GenderPercentageMale>23</odohteu:GenderPercentageMale>
    <odohteu:GenderPercentageFemale>77</odohteu:GenderPercentageFemale>
    <odohteu:PercentageOfTotalNumberOfRegisteredVictim>4</odohteu:PercentageOfTotalNumberOfRegisteredVictim>
  </row>
  <row>
    <odohteu:Country>Czech Republic</odohteu:Country>
    <odohteu:victims2015>4</odohteu:victims2015>
    <odohteu:victims2016>14</odohteu:victims2016>
    <odohteu:victims2015-2016>18</odohteu:victims2015-2016>
    <odohteu:_2015Male>0</odohteu:_2015Male>
    <odohteu:_2015Female>4</odohteu:_2015Female>
    <odohteu:_2015PercentageFemale>100</odohteu:_2015PercentageFemale>
    <odohteu:_2016Male>7</odohteu:_2016Male>
    <odohteu:_2016Female>7</odohteu:_2016Female>
    <odohteu:_2016PercentageFemale>50</odohteu:_2016PercentageFemale>
    <odohteu:_2015-2016Male>7</odohteu:_2015-2016Male>
    <odohteu:_2015-2016Female>11</odohteu:_2015-2016Female>
    <odohteu:_2015-2016PercentageFemale>61,1</odohteu:_2015-2016PercentageFemale>
    <odohteu:_2015Children>0</odohteu:_2015Children>
    <odohteu:_2015Adults>0,4</odohteu:_2015Adults>
    <odohteu:_2015PercentageChildren>0</odohteu:_2015PercentageChildren>
    <odohteu:_2016Children>0</odohteu:_2016Children>
    <odohteu:_2016Adults>14</odohteu:_2016Adults>
    <odohteu:_2016PercentageChildren>0</odohteu:_2016PercentageChildren>
    <odohteu:_2015-2016Children>0</odohteu:_2015-2016Children>
    <odohteu:_2015-2016Adults>18</odohteu:_2015-2016Adults>
    <odohteu:_2015-2016PercentageChildren>0</odohteu:_2015-2016PercentageChildren>
    <odohteu:TotalNumberOfChildRegisteredVictims>0</odohteu:TotalNumberOfChildRegisteredVictims>
    <odohteu:GenderPercentageMale>:</odohteu:GenderPercentageMale>
    <odohteu:GenderPercentageFemale>:</odohteu:GenderPercentageFemale>
    <odohteu:PercentageOfTotalNumberOfRegisteredVictim>0</odohteu:PercentageOfTotalNumberOfRegisteredVictim>
  </row>
  <row>
    <odohteu:Country>Denmark</odohteu:Country>
    <odohteu:victims2015>93</odohteu:victims2015>
    <odohteu:victims2016>121</odohteu:victims2016>
    <odohteu:victims2015-2016>214</odohteu:victims2015-2016>
    <odohteu:_2015Male>42</odohteu:_2015Male>
    <odohteu:_2015Female>52</odohteu:_2015Female>
    <odohteu:_2015PercentageFemale>55,3</odohteu:_2015PercentageFemale>
    <odohteu:_2016Male>7</odohteu:_2016Male>
    <odohteu:_2016Female>114</odohteu:_2016Female>
    <odohteu:_2016PercentageFemale>94,2</odohteu:_2016PercentageFemale>
    <odohteu:_2015-2016Male>49</odohteu:_2015-2016Male>
    <odohteu:_2015-2016Female>166</odohteu:_2015-2016Female>
    <odohteu:_2015-2016PercentageFemale>77,2</odohteu:_2015-2016PercentageFemale>
    <odohteu:_2015Children>6</odohteu:_2015Children>
    <odohteu:_2015Adults>87</odohteu:_2015Adults>
    <odohteu:_2015PercentageChildren>6,5</odohteu:_2015PercentageChildren>
    <odohteu:_2016Children>9</odohteu:_2016Children>
    <odohteu:_2016Adults>112</odohteu:_2016Adults>
    <odohteu:_2016PercentageChildren>7,4</odohteu:_2016PercentageChildren>
    <odohteu:_2015-2016Children>15</odohteu:_2015-2016Children>
    <odohteu:_2015-2016Adults>199</odohteu:_2015-2016Adults>
    <odohteu:_2015-2016PercentageChildren>7</odohteu:_2015-2016PercentageChildren>
    <odohteu:TotalNumberOfChildRegisteredVictims>0</odohteu:TotalNumberOfChildRegisteredVictims>
    <odohteu:GenderPercentageMale>:</odohteu:GenderPercentageMale>
    <odohteu:GenderPercentageFemale>:</odohteu:GenderPercentageFemale>
    <odohteu:PercentageOfTotalNumberOfRegisteredVictim>0</odohteu:PercentageOfTotalNumberOfRegisteredVictim>
  </row>
  <row>
    <odohteu:Country>Germany</odohteu:Country>
    <odohteu:victims2015>470</odohteu:victims2015>
    <odohteu:victims2016>536</odohteu:victims2016>
    <odohteu:victims2015-2016>1 006</odohteu:victims2015-2016>
    <odohteu:_2015Male>55</odohteu:_2015Male>
    <odohteu:_2015Female>406</odohteu:_2015Female>
    <odohteu:_2015PercentageFemale>88,1</odohteu:_2015PercentageFemale>
    <odohteu:_2016Male>51</odohteu:_2016Male>
    <odohteu:_2016Female>479</odohteu:_2016Female>
    <odohteu:_2016PercentageFemale>90,4</odohteu:_2016PercentageFemale>
    <odohteu:_2015-2016Male>106</odohteu:_2015-2016Male>
    <odohteu:_2015-2016Female>885</odohteu:_2015-2016Female>
    <odohteu:_2015-2016PercentageFemale>89,3</odohteu:_2015-2016PercentageFemale>
    <odohteu:_2015Children>78</odohteu:_2015Children>
    <odohteu:_2015Adults>361</odohteu:_2015Adults>
    <odohteu:_2015PercentageChildren>17,8</odohteu:_2015PercentageChildren>
    <odohteu:_2016Children>96</odohteu:_2016Children>
    <odohteu:_2016Adults>413</odohteu:_2016Adults>
    <odohteu:_2016PercentageChildren>18,9</odohteu:_2016PercentageChildren>
    <odohteu:_2015-2016Children>174</odohteu:_2015-2016Children>
    <odohteu:_2015-2016Adults>774</odohteu:_2015-2016Adults>
    <odohteu:_2015-2016PercentageChildren>18,4</odohteu:_2015-2016PercentageChildren>
    <odohteu:TotalNumberOfChildRegisteredVictims>1</odohteu:TotalNumberOfChildRegisteredVictims>
    <odohteu:GenderPercentageMale>0</odohteu:GenderPercentageMale>
    <odohteu:GenderPercentageFemale>100</odohteu:GenderPercentageFemale>
    <odohteu:PercentageOfTotalNumberOfRegisteredVictim>17</odohteu:PercentageOfTotalNumberOfRegisteredVictim>
  </row>
  <row>
    <odohteu:Country>Estonia</odohteu:Country>
    <odohteu:victims2015>13</odohteu:victims2015>
    <odohteu:victims2016>10</odohteu:victims2016>
    <odohteu:victims2015-2016>23</odohteu:victims2015-2016>
    <odohteu:_2015Male>4</odohteu:_2015Male>
    <odohteu:_2015Female>9</odohteu:_2015Female>
    <odohteu:_2015PercentageFemale>69,2</odohteu:_2015PercentageFemale>
    <odohteu:_2016Male>3</odohteu:_2016Male>
    <odohteu:_2016Female>7</odohteu:_2016Female>
    <odohteu:_2016PercentageFemale>70</odohteu:_2016PercentageFemale>
    <odohteu:_2015-2016Male>7</odohteu:_2015-2016Male>
    <odohteu:_2015-2016Female>16</odohteu:_2015-2016Female>
    <odohteu:_2015-2016PercentageFemale>69,6</odohteu:_2015-2016PercentageFemale>
    <odohteu:_2015Children>11</odohteu:_2015Children>
    <odohteu:_2015Adults>2</odohteu:_2015Adults>
    <odohteu:_2015PercentageChildren>84,6</odohteu:_2015PercentageChildren>
    <odohteu:_2016Children>8</odohteu:_2016Children>
    <odohteu:_2016Adults>2</odohteu:_2016Adults>
    <odohteu:_2016PercentageChildren>80</odohteu:_2016PercentageChildren>
    <odohteu:_2015-2016Children>19</odohteu:_2015-2016Children>
    <odohteu:_2015-2016Adults>4</odohteu:_2015-2016Adults>
    <odohteu:_2015-2016PercentageChildren>82,6</odohteu:_2015-2016PercentageChildren>
    <odohteu:TotalNumberOfChildRegisteredVictims>16</odohteu:TotalNumberOfChildRegisteredVictims>
    <odohteu:GenderPercentageMale>19</odohteu:GenderPercentageMale>
    <odohteu:GenderPercentageFemale>81</odohteu:GenderPercentageFemale>
    <odohteu:PercentageOfTotalNumberOfRegisteredVictim>84</odohteu:PercentageOfTotalNumberOfRegisteredVictim>
  </row>
  <row>
    <odohteu:Country>Ireland</odohteu:Country>
    <odohteu:victims2015>62</odohteu:victims2015>
    <odohteu:victims2016>75</odohteu:victims2016>
    <odohteu:victims2015-2016>137</odohteu:victims2015-2016>
    <odohteu:_2015Male>20</odohteu:_2015Male>
    <odohteu:_2015Female>41</odohteu:_2015Female>
    <odohteu:_2015PercentageFemale>67,2</odohteu:_2015PercentageFemale>
    <odohteu:_2016Male>36</odohteu:_2016Male>
    <odohteu:_2016Female>39</odohteu:_2016Female>
    <odohteu:_2016PercentageFemale>52</odohteu:_2016PercentageFemale>
    <odohteu:_2015-2016Male>56</odohteu:_2015-2016Male>
    <odohteu:_2015-2016Female>80</odohteu:_2015-2016Female>
    <odohteu:_2015-2016PercentageFemale>58,8</odohteu:_2015-2016PercentageFemale>
    <odohteu:_2015Children>8</odohteu:_2015Children>
    <odohteu:_2015Adults>54</odohteu:_2015Adults>
    <odohteu:_2015PercentageChildren>12,9</odohteu:_2015PercentageChildren>
    <odohteu:_2016Children>1</odohteu:_2016Children>
    <odohteu:_2016Adults>74</odohteu:_2016Adults>
    <odohteu:_2016PercentageChildren>1,3</odohteu:_2016PercentageChildren>
    <odohteu:_2015-2016Children>9</odohteu:_2015-2016Children>
    <odohteu:_2015-2016Adults>128</odohteu:_2015-2016Adults>
    <odohteu:_2015-2016PercentageChildren>6,6</odohteu:_2015-2016PercentageChildren>
    <odohteu:TotalNumberOfChildRegisteredVictims>0</odohteu:TotalNumberOfChildRegisteredVictims>
    <odohteu:GenderPercentageMale>:</odohteu:GenderPercentageMale>
    <odohteu:GenderPercentageFemale>:</odohteu:GenderPercentageFemale>
    <odohteu:PercentageOfTotalNumberOfRegisteredVictim>0</odohteu:PercentageOfTotalNumberOfRegisteredVictim>
  </row>
  <row>
    <odohteu:Country>Greece</odohteu:Country>
    <odohteu:victims2015>158</odohteu:victims2015>
    <odohteu:victims2016>346</odohteu:victims2016>
    <odohteu:victims2015-2016>504</odohteu:victims2015-2016>
    <odohteu:_2015Male>55</odohteu:_2015Male>
    <odohteu:_2015Female>95</odohteu:_2015Female>
    <odohteu:_2015PercentageFemale>63,3</odohteu:_2015PercentageFemale>
    <odohteu:_2016Male>188</odohteu:_2016Male>
    <odohteu:_2016Female>138</odohteu:_2016Female>
    <odohteu:_2016PercentageFemale>53,9</odohteu:_2016PercentageFemale>
    <odohteu:_2015-2016Male>173</odohteu:_2015-2016Male>
    <odohteu:_2015-2016Female>233</odohteu:_2015-2016Female>
    <odohteu:_2015-2016PercentageFemale>57,4</odohteu:_2015-2016PercentageFemale>
    <odohteu:_2015Children>69</odohteu:_2015Children>
    <odohteu:_2015Adults>81</odohteu:_2015Adults>
    <odohteu:_2015PercentageChildren>46</odohteu:_2015PercentageChildren>
    <odohteu:_2016Children>159</odohteu:_2016Children>
    <odohteu:_2016Adults>97</odohteu:_2016Adults>
    <odohteu:_2016PercentageChildren>62,1</odohteu:_2016PercentageChildren>
    <odohteu:_2015-2016Children>228</odohteu:_2015-2016Children>
    <odohteu:_2015-2016Adults>178</odohteu:_2015-2016Adults>
    <odohteu:_2015-2016PercentageChildren>56,2</odohteu:_2015-2016PercentageChildren>
    <odohteu:TotalNumberOfChildRegisteredVictims>8</odohteu:TotalNumberOfChildRegisteredVictims>
    <odohteu:GenderPercentageMale>0</odohteu:GenderPercentageMale>
    <odohteu:GenderPercentageFemale>100</odohteu:GenderPercentageFemale>
    <odohteu:PercentageOfTotalNumberOfRegisteredVictim>44</odohteu:PercentageOfTotalNumberOfRegisteredVictim>
  </row>
  <row>
    <odohteu:Country>Spain</odohteu:Country>
    <odohteu:victims2015>267</odohteu:victims2015>
    <odohteu:victims2016>193</odohteu:victims2016>
    <odohteu:victims2015-2016>460</odohteu:victims2015-2016>
    <odohteu:_2015Male>101</odohteu:_2015Male>
    <odohteu:_2015Female>166</odohteu:_2015Female>
    <odohteu:_2015PercentageFemale>62,2</odohteu:_2015PercentageFemale>
    <odohteu:_2016Male>28</odohteu:_2016Male>
    <odohteu:_2016Female>165</odohteu:_2016Female>
    <odohteu:_2016PercentageFemale>85,5</odohteu:_2016PercentageFemale>
    <odohteu:_2015-2016Male>129</odohteu:_2015-2016Male>
    <odohteu:_2015-2016Female>331</odohteu:_2015-2016Female>
    <odohteu:_2015-2016PercentageFemale>72</odohteu:_2015-2016PercentageFemale>
    <odohteu:_2015Children>8</odohteu:_2015Children>
    <odohteu:_2015Adults>259</odohteu:_2015Adults>
    <odohteu:_2015PercentageChildren>3</odohteu:_2015PercentageChildren>
    <odohteu:_2016Children>20</odohteu:_2016Children>
    <odohteu:_2016Adults>173</odohteu:_2016Adults>
    <odohteu:_2016PercentageChildren>10,4</odohteu:_2016PercentageChildren>
    <odohteu:_2015-2016Children>28</odohteu:_2015-2016Children>
    <odohteu:_2015-2016Adults>432</odohteu:_2015-2016Adults>
    <odohteu:_2015-2016PercentageChildren>6,1</odohteu:_2015-2016PercentageChildren>
    <odohteu:TotalNumberOfChildRegisteredVictims>1</odohteu:TotalNumberOfChildRegisteredVictims>
    <odohteu:GenderPercentageMale>0</odohteu:GenderPercentageMale>
    <odohteu:GenderPercentageFemale>100</odohteu:GenderPercentageFemale>
    <odohteu:PercentageOfTotalNumberOfRegisteredVictim>2</odohteu:PercentageOfTotalNumberOfRegisteredVictim>
  </row>
  <row>
    <odohteu:Country>France</odohteu:Country>
    <odohteu:victims2015>:</odohteu:victims2015>
    <odohteu:victims2016>1 516</odohteu:victims2016>
    <odohteu:victims2015-2016>1 516</odohteu:victims2015-2016>
    <odohteu:_2015Male>:</odohteu:_2015Male>
    <odohteu:_2015Female>:</odohteu:_2015Female>
    <odohteu:_2015PercentageFemale></odohteu:_2015PercentageFemale>
    <odohteu:_2016Male>356</odohteu:_2016Male>
    <odohteu:_2016Female>1,154</odohteu:_2016Female>
    <odohteu:_2016PercentageFemale>76,4</odohteu:_2016PercentageFemale>
    <odohteu:_2015-2016Male>356</odohteu:_2015-2016Male>
    <odohteu:_2015-2016Female>1154</odohteu:_2015-2016Female>
    <odohteu:_2015-2016PercentageFemale>76,4</odohteu:_2015-2016PercentageFemale>
    <odohteu:_2015Children>:</odohteu:_2015Children>
    <odohteu:_2015Adults>:</odohteu:_2015Adults>
    <odohteu:_2015PercentageChildren>:</odohteu:_2015PercentageChildren>
    <odohteu:_2016Children>306</odohteu:_2016Children>
    <odohteu:_2016Adults>1,182</odohteu:_2016Adults>
    <odohteu:_2016PercentageChildren>20,6</odohteu:_2016PercentageChildren>
    <odohteu:_2015-2016Children>306</odohteu:_2015-2016Children>
    <odohteu:_2015-2016Adults>1,182</odohteu:_2015-2016Adults>
    <odohteu:_2015-2016PercentageChildren>20,6</odohteu:_2015-2016PercentageChildren>
    <odohteu:TotalNumberOfChildRegisteredVictims>191</odohteu:TotalNumberOfChildRegisteredVictims>
    <odohteu:GenderPercentageMale>24</odohteu:GenderPercentageMale>
    <odohteu:GenderPercentageFemale>76</odohteu:GenderPercentageFemale>
    <odohteu:PercentageOfTotalNumberOfRegisteredVictim>34</odohteu:PercentageOfTotalNumberOfRegisteredVictim>
  </row>
  <row>
    <odohteu:Country>Croatia</odohteu:Country>
    <odohteu:victims2015>38</odohteu:victims2015>
    <odohteu:victims2016>30</odohteu:victims2016>
    <odohteu:victims2015-2016>68</odohteu:victims2015-2016>
    <odohteu:_2015Male>0</odohteu:_2015Male>
    <odohteu:_2015Female>38</odohteu:_2015Female>
    <odohteu:_2015PercentageFemale>100</odohteu:_2015PercentageFemale>
    <odohteu:_2016Male>9</odohteu:_2016Male>
    <odohteu:_2016Female>21</odohteu:_2016Female>
    <odohteu:_2016PercentageFemale>70</odohteu:_2016PercentageFemale>
    <odohteu:_2015-2016Male>9</odohteu:_2015-2016Male>
    <odohteu:_2015-2016Female>59</odohteu:_2015-2016Female>
    <odohteu:_2015-2016PercentageFemale>86,8</odohteu:_2015-2016PercentageFemale>
    <odohteu:_2015Children>7</odohteu:_2015Children>
    <odohteu:_2015Adults>31</odohteu:_2015Adults>
    <odohteu:_2015PercentageChildren>18,4</odohteu:_2015PercentageChildren>
    <odohteu:_2016Children>11</odohteu:_2016Children>
    <odohteu:_2016Adults>19</odohteu:_2016Adults>
    <odohteu:_2016PercentageChildren>36,7</odohteu:_2016PercentageChildren>
    <odohteu:_2015-2016Children>18</odohteu:_2015-2016Children>
    <odohteu:_2015-2016Adults>50</odohteu:_2015-2016Adults>
    <odohteu:_2015-2016PercentageChildren>26,5</odohteu:_2015-2016PercentageChildren>
    <odohteu:TotalNumberOfChildRegisteredVictims>27</odohteu:TotalNumberOfChildRegisteredVictims>
    <odohteu:GenderPercentageMale>11</odohteu:GenderPercentageMale>
    <odohteu:GenderPercentageFemale>85</odohteu:GenderPercentageFemale>
    <odohteu:PercentageOfTotalNumberOfRegisteredVictim>35</odohteu:PercentageOfTotalNumberOfRegisteredVictim>
  </row>
  <row>
    <odohteu:Country>Italy</odohteu:Country>
    <odohteu:victims2015>781</odohteu:victims2015>
    <odohteu:victims2016>879</odohteu:victims2016>
    <odohteu:victims2015-2016>1 660</odohteu:victims2015-2016>
    <odohteu:_2015Male>120</odohteu:_2015Male>
    <odohteu:_2015Female>659</odohteu:_2015Female>
    <odohteu:_2015PercentageFemale>84,6</odohteu:_2015PercentageFemale>
    <odohteu:_2016Male>122</odohteu:_2016Male>
    <odohteu:_2016Female>747</odohteu:_2016Female>
    <odohteu:_2016PercentageFemale>86</odohteu:_2016PercentageFemale>
    <odohteu:_2015-2016Male>242</odohteu:_2015-2016Male>
    <odohteu:_2015-2016Female>1406</odohteu:_2015-2016Female>
    <odohteu:_2015-2016PercentageFemale>85,3</odohteu:_2015-2016PercentageFemale>
    <odohteu:_2015Children>71</odohteu:_2015Children>
    <odohteu:_2015Adults>710</odohteu:_2015Adults>
    <odohteu:_2015PercentageChildren>9,1</odohteu:_2015PercentageChildren>
    <odohteu:_2016Children>117</odohteu:_2016Children>
    <odohteu:_2016Adults>762</odohteu:_2016Adults>
    <odohteu:_2016PercentageChildren>13,3</odohteu:_2016PercentageChildren>
    <odohteu:_2015-2016Children>188</odohteu:_2015-2016Children>
    <odohteu:_2015-2016Adults>1,472</odohteu:_2015-2016Adults>
    <odohteu:_2015-2016PercentageChildren>11,3</odohteu:_2015-2016PercentageChildren>
    <odohteu:TotalNumberOfChildRegisteredVictims>4</odohteu:TotalNumberOfChildRegisteredVictims>
    <odohteu:GenderPercentageMale>50</odohteu:GenderPercentageMale>
    <odohteu:GenderPercentageFemale>50</odohteu:GenderPercentageFemale>
    <odohteu:PercentageOfTotalNumberOfRegisteredVictim>17</odohteu:PercentageOfTotalNumberOfRegisteredVictim>
  </row>
  <row>
    <odohteu:Country>Cyprus</odohteu:Country>
    <odohteu:victims2015>46</odohteu:victims2015>
    <odohteu:victims2016>44</odohteu:victims2016>
    <odohteu:victims2015-2016>90</odohteu:victims2015-2016>
    <odohteu:_2015Male>23</odohteu:_2015Male>
    <odohteu:_2015Female>23</odohteu:_2015Female>
    <odohteu:_2015PercentageFemale>50</odohteu:_2015PercentageFemale>
    <odohteu:_2016Male>4</odohteu:_2016Male>
    <odohteu:_2016Female>40</odohteu:_2016Female>
    <odohteu:_2016PercentageFemale>90,9</odohteu:_2016PercentageFemale>
    <odohteu:_2015-2016Male>27</odohteu:_2015-2016Male>
    <odohteu:_2015-2016Female>63</odohteu:_2015-2016Female>
    <odohteu:_2015-2016PercentageFemale>70</odohteu:_2015-2016PercentageFemale>
    <odohteu:_2015Children>4</odohteu:_2015Children>
    <odohteu:_2015Adults>42</odohteu:_2015Adults>
    <odohteu:_2015PercentageChildren>8,7</odohteu:_2015PercentageChildren>
    <odohteu:_2016Children>1</odohteu:_2016Children>
    <odohteu:_2016Adults>43</odohteu:_2016Adults>
    <odohteu:_2016PercentageChildren>2,3</odohteu:_2016PercentageChildren>
    <odohteu:_2015-2016Children>5</odohteu:_2015-2016Children>
    <odohteu:_2015-2016Adults>85</odohteu:_2015-2016Adults>
    <odohteu:_2015-2016PercentageChildren>5,6</odohteu:_2015-2016PercentageChildren>
    <odohteu:TotalNumberOfChildRegisteredVictims>0</odohteu:TotalNumberOfChildRegisteredVictims>
    <odohteu:GenderPercentageMale>:</odohteu:GenderPercentageMale>
    <odohteu:GenderPercentageFemale>:</odohteu:GenderPercentageFemale>
    <odohteu:PercentageOfTotalNumberOfRegisteredVictim>0</odohteu:PercentageOfTotalNumberOfRegisteredVictim>
  </row>
  <row>
    <odohteu:Country>Latvia</odohteu:Country>
    <odohteu:victims2015>24</odohteu:victims2015>
    <odohteu:victims2016>33</odohteu:victims2016>
    <odohteu:victims2015-2016>57</odohteu:victims2015-2016>
    <odohteu:_2015Male>78,9</odohteu:_2015Male>
    <odohteu:_2015Female>10,1</odohteu:_2015Female>
    <odohteu:_2015PercentageFemale>90,9</odohteu:_2015PercentageFemale>
    <odohteu:_2016Male>83,3</odohteu:_2016Male>
    <odohteu:_2016Female>4</odohteu:_2016Female>
    <odohteu:_2016PercentageFemale>5</odohteu:_2016PercentageFemale>
    <odohteu:_2015-2016Male>25</odohteu:_2015-2016Male>
    <odohteu:_2015-2016Female>15</odohteu:_2015-2016Female>
    <odohteu:_2015-2016PercentageFemale>5</odohteu:_2015-2016PercentageFemale>
    <odohteu:_2015Children>6</odohteu:_2015Children>
    <odohteu:_2015Adults>45,5</odohteu:_2015Adults>
    <odohteu:_2015PercentageChildren>6</odohteu:_2015PercentageChildren>
    <odohteu:_2016Children>13</odohteu:_2016Children>
    <odohteu:_2016Adults>31,6</odohteu:_2016Adults>
    <odohteu:_2016PercentageChildren>11</odohteu:_2016PercentageChildren>
    <odohteu:_2015-2016Children>19</odohteu:_2015-2016Children>
    <odohteu:_2015-2016Adults>36,7</odohteu:_2015-2016Adults>
    <odohteu:_2015-2016PercentageChildren>11</odohteu:_2015-2016PercentageChildren>
    <odohteu:TotalNumberOfChildRegisteredVictims>0</odohteu:TotalNumberOfChildRegisteredVictims>
    <odohteu:GenderPercentageMale>100</odohteu:GenderPercentageMale>
    <odohteu:GenderPercentageFemale>26</odohteu:GenderPercentageFemale>
    <odohteu:PercentageOfTotalNumberOfRegisteredVictim></odohteu:PercentageOfTotalNumberOfRegisteredVictim>
  </row>
  <row>
    <odohteu:Country>Lithuania</odohteu:Country>
    <odohteu:victims2015>62</odohteu:victims2015>
    <odohteu:victims2016>45</odohteu:victims2016>
    <odohteu:victims2015-2016>107</odohteu:victims2015-2016>
    <odohteu:_2015Male>26</odohteu:_2015Male>
    <odohteu:_2015Female>36</odohteu:_2015Female>
    <odohteu:_2015PercentageFemale>58,1</odohteu:_2015PercentageFemale>
    <odohteu:_2016Male>25</odohteu:_2016Male>
    <odohteu:_2016Female>20&quot;</odohteu:_2016Female>
    <odohteu:_2016PercentageFemale>44,4</odohteu:_2016PercentageFemale>
    <odohteu:_2015-2016Male>51</odohteu:_2015-2016Male>
    <odohteu:_2015-2016Female>56</odohteu:_2015-2016Female>
    <odohteu:_2015-2016PercentageFemale>52,3</odohteu:_2015-2016PercentageFemale>
    <odohteu:_2015Children>17</odohteu:_2015Children>
    <odohteu:_2015Adults>45</odohteu:_2015Adults>
    <odohteu:_2015PercentageChildren>27,4</odohteu:_2015PercentageChildren>
    <odohteu:_2016Children>4</odohteu:_2016Children>
    <odohteu:_2016Adults>41</odohteu:_2016Adults>
    <odohteu:_2016PercentageChildren>8,9</odohteu:_2016PercentageChildren>
    <odohteu:_2015-2016Children>21</odohteu:_2015-2016Children>
    <odohteu:_2015-2016Adults>86</odohteu:_2015-2016Adults>
    <odohteu:_2015-2016PercentageChildren>19,6</odohteu:_2015-2016PercentageChildren>
    <odohteu:TotalNumberOfChildRegisteredVictims>23</odohteu:TotalNumberOfChildRegisteredVictims>
    <odohteu:GenderPercentageMale>43</odohteu:GenderPercentageMale>
    <odohteu:GenderPercentageFemale>57</odohteu:GenderPercentageFemale>
    <odohteu:PercentageOfTotalNumberOfRegisteredVictim>16</odohteu:PercentageOfTotalNumberOfRegisteredVictim>
  </row>
  <row>
    <odohteu:Country>Luxembourg</odohteu:Country>
    <odohteu:victims2015>7</odohteu:victims2015>
    <odohteu:victims2016>20</odohteu:victims2016>
    <odohteu:victims2015-2016>27</odohteu:victims2015-2016>
    <odohteu:_2015Male>75</odohteu:_2015Male>
    <odohteu:_2015Female>:</odohteu:_2015Female>
    <odohteu:_2015PercentageFemale>7</odohteu:_2015PercentageFemale>
    <odohteu:_2016Male>81,5</odohteu:_2016Male>
    <odohteu:_2016Female>5</odohteu:_2016Female>
    <odohteu:_2016PercentageFemale>5</odohteu:_2016PercentageFemale>
    <odohteu:_2015-2016Male>22</odohteu:_2015-2016Male>
    <odohteu:_2015-2016Female>15</odohteu:_2015-2016Female>
    <odohteu:_2015-2016PercentageFemale>0</odohteu:_2015-2016PercentageFemale>
    <odohteu:_2015Children>7</odohteu:_2015Children>
    <odohteu:_2015Adults>0</odohteu:_2015Adults>
    <odohteu:_2015PercentageChildren>7</odohteu:_2015PercentageChildren>
    <odohteu:_2016Children>11</odohteu:_2016Children>
    <odohteu:_2016Adults>38,9</odohteu:_2016Adults>
    <odohteu:_2016PercentageChildren>7</odohteu:_2016PercentageChildren>
    <odohteu:_2015-2016Children>18</odohteu:_2015-2016Children>
    <odohteu:_2015-2016Adults>28</odohteu:_2015-2016Adults>
    <odohteu:_2015-2016PercentageChildren>1</odohteu:_2015-2016PercentageChildren>
    <odohteu:TotalNumberOfChildRegisteredVictims>0</odohteu:TotalNumberOfChildRegisteredVictims>
    <odohteu:GenderPercentageMale>100</odohteu:GenderPercentageMale>
    <odohteu:GenderPercentageFemale>100</odohteu:GenderPercentageFemale>
    <odohteu:PercentageOfTotalNumberOfRegisteredVictim></odohteu:PercentageOfTotalNumberOfRegisteredVictim>
  </row>
  <row>
    <odohteu:Country>Hungary</odohteu:Country>
    <odohteu:victims2015>507</odohteu:victims2015>
    <odohteu:victims2016>489</odohteu:victims2016>
    <odohteu:victims2015-2016>996</odohteu:victims2015-2016>
    <odohteu:_2015Male>58</odohteu:_2015Male>
    <odohteu:_2015Female>449</odohteu:_2015Female>
    <odohteu:_2015PercentageFemale>88,6</odohteu:_2015PercentageFemale>
    <odohteu:_2016Male>56</odohteu:_2016Male>
    <odohteu:_2016Female>443</odohteu:_2016Female>
    <odohteu:_2016PercentageFemale>88,5</odohteu:_2016PercentageFemale>
    <odohteu:_2015-2016Male>114</odohteu:_2015-2016Male>
    <odohteu:_2015-2016Female>882</odohteu:_2015-2016Female>
    <odohteu:_2015-2016PercentageFemale>88,6</odohteu:_2015-2016PercentageFemale>
    <odohteu:_2015Children>356</odohteu:_2015Children>
    <odohteu:_2015Adults>151</odohteu:_2015Adults>
    <odohteu:_2015PercentageChildren>70,2</odohteu:_2015PercentageChildren>
    <odohteu:_2016Children>271</odohteu:_2016Children>
    <odohteu:_2016Adults>218</odohteu:_2016Adults>
    <odohteu:_2016PercentageChildren>55,4</odohteu:_2016PercentageChildren>
    <odohteu:_2015-2016Children>627</odohteu:_2015-2016Children>
    <odohteu:_2015-2016Adults>369</odohteu:_2015-2016Adults>
    <odohteu:_2015-2016PercentageChildren>63</odohteu:_2015-2016PercentageChildren>
    <odohteu:TotalNumberOfChildRegisteredVictims>647</odohteu:TotalNumberOfChildRegisteredVictims>
    <odohteu:GenderPercentageMale>12</odohteu:GenderPercentageMale>
    <odohteu:GenderPercentageFemale>86</odohteu:GenderPercentageFemale>
    <odohteu:PercentageOfTotalNumberOfRegisteredVictim>55</odohteu:PercentageOfTotalNumberOfRegisteredVictim>
  </row>
  <row>
    <odohteu:Country>Malta</odohteu:Country>
    <odohteu:victims2015>3</odohteu:victims2015>
    <odohteu:victims2016>34</odohteu:victims2016>
    <odohteu:victims2015-2016>37</odohteu:victims2015-2016>
    <odohteu:_2015Male>4</odohteu:_2015Male>
    <odohteu:_2015Female>:</odohteu:_2015Female>
    <odohteu:_2015PercentageFemale></odohteu:_2015PercentageFemale>
    <odohteu:_2016Male>18</odohteu:_2016Male>
    <odohteu:_2016Female>16</odohteu:_2016Female>
    <odohteu:_2016PercentageFemale>47,1</odohteu:_2016PercentageFemale>
    <odohteu:_2015-2016Male>18</odohteu:_2015-2016Male>
    <odohteu:_2015-2016Female>20</odohteu:_2015-2016Female>
    <odohteu:_2015-2016PercentageFemale>52,6</odohteu:_2015-2016PercentageFemale>
    <odohteu:_2015Children>2</odohteu:_2015Children>
    <odohteu:_2015Adults>2</odohteu:_2015Adults>
    <odohteu:_2015PercentageChildren>50</odohteu:_2015PercentageChildren>
    <odohteu:_2016Children>0</odohteu:_2016Children>
    <odohteu:_2016Adults>34</odohteu:_2016Adults>
    <odohteu:_2016PercentageChildren>0</odohteu:_2016PercentageChildren>
    <odohteu:_2015-2016Children>2</odohteu:_2015-2016Children>
    <odohteu:_2015-2016Adults>36</odohteu:_2015-2016Adults>
    <odohteu:_2015-2016PercentageChildren>5,3</odohteu:_2015-2016PercentageChildren>
    <odohteu:TotalNumberOfChildRegisteredVictims>1</odohteu:TotalNumberOfChildRegisteredVictims>
    <odohteu:GenderPercentageMale>100</odohteu:GenderPercentageMale>
    <odohteu:GenderPercentageFemale>0</odohteu:GenderPercentageFemale>
    <odohteu:PercentageOfTotalNumberOfRegisteredVictim>100</odohteu:PercentageOfTotalNumberOfRegisteredVictim>
  </row>
  <row>
    <odohteu:Country>Netherlands</odohteu:Country>
    <odohteu:victims2015>1 295</odohteu:victims2015>
    <odohteu:victims2016>1 147</odohteu:victims2016>
    <odohteu:victims2015-2016>2 442</odohteu:victims2015-2016>
    <odohteu:_2015Male>273</odohteu:_2015Male>
    <odohteu:_2015Female>877</odohteu:_2015Female>
    <odohteu:_2015PercentageFemale>76,3</odohteu:_2015PercentageFemale>
    <odohteu:_2016Male>222</odohteu:_2016Male>
    <odohteu:_2016Female>726</odohteu:_2016Female>
    <odohteu:_2016PercentageFemale>76,6</odohteu:_2016PercentageFemale>
    <odohteu:_2015-2016Male>495</odohteu:_2015-2016Male>
    <odohteu:_2015-2016Female>1603</odohteu:_2015-2016Female>
    <odohteu:_2015-2016PercentageFemale>76,4</odohteu:_2015-2016PercentageFemale>
    <odohteu:_2015Children>288</odohteu:_2015Children>
    <odohteu:_2015Adults>716</odohteu:_2015Adults>
    <odohteu:_2015PercentageChildren>28,7</odohteu:_2015PercentageChildren>
    <odohteu:_2016Children>227</odohteu:_2016Children>
    <odohteu:_2016Adults>581</odohteu:_2016Adults>
    <odohteu:_2016PercentageChildren>28,1</odohteu:_2016PercentageChildren>
    <odohteu:_2015-2016Children>515</odohteu:_2015-2016Children>
    <odohteu:_2015-2016Adults>1,297</odohteu:_2015-2016Adults>
    <odohteu:_2015-2016PercentageChildren>28,4</odohteu:_2015-2016PercentageChildren>
    <odohteu:TotalNumberOfChildRegisteredVictims>255</odohteu:TotalNumberOfChildRegisteredVictims>
    <odohteu:GenderPercentageMale>2</odohteu:GenderPercentageMale>
    <odohteu:GenderPercentageFemale>98</odohteu:GenderPercentageFemale>
    <odohteu:PercentageOfTotalNumberOfRegisteredVictim>35</odohteu:PercentageOfTotalNumberOfRegisteredVictim>
  </row>
  <row>
    <odohteu:Country>Austria</odohteu:Country>
    <odohteu:victims2015>384</odohteu:victims2015>
    <odohteu:victims2016>375</odohteu:victims2016>
    <odohteu:victims2015-2016>759</odohteu:victims2015-2016>
    <odohteu:_2015Male>23</odohteu:_2015Male>
    <odohteu:_2015Female>226</odohteu:_2015Female>
    <odohteu:_2015PercentageFemale>90,8</odohteu:_2015PercentageFemale>
    <odohteu:_2016Male>42</odohteu:_2016Male>
    <odohteu:_2016Female>242</odohteu:_2016Female>
    <odohteu:_2016PercentageFemale>85,2</odohteu:_2016PercentageFemale>
    <odohteu:_2015-2016Male>65</odohteu:_2015-2016Male>
    <odohteu:_2015-2016Female>468</odohteu:_2015-2016Female>
    <odohteu:_2015-2016PercentageFemale>87,8</odohteu:_2015-2016PercentageFemale>
    <odohteu:_2015Children>150</odohteu:_2015Children>
    <odohteu:_2015Adults>206</odohteu:_2015Adults>
    <odohteu:_2015PercentageChildren>42,1</odohteu:_2015PercentageChildren>
    <odohteu:_2016Children>12</odohteu:_2016Children>
    <odohteu:_2016Adults>240</odohteu:_2016Adults>
    <odohteu:_2016PercentageChildren>4,8</odohteu:_2016PercentageChildren>
    <odohteu:_2015-2016Children>162</odohteu:_2015-2016Children>
    <odohteu:_2015-2016Adults>446</odohteu:_2015-2016Adults>
    <odohteu:_2015-2016PercentageChildren>26,6</odohteu:_2015-2016PercentageChildren>
    <odohteu:TotalNumberOfChildRegisteredVictims>0</odohteu:TotalNumberOfChildRegisteredVictims>
    <odohteu:GenderPercentageMale>:</odohteu:GenderPercentageMale>
    <odohteu:GenderPercentageFemale>:</odohteu:GenderPercentageFemale>
    <odohteu:PercentageOfTotalNumberOfRegisteredVictim>0</odohteu:PercentageOfTotalNumberOfRegisteredVictim>
  </row>
  <row>
    <odohteu:Country>Poland</odohteu:Country>
    <odohteu:victims2015>173</odohteu:victims2015>
    <odohteu:victims2016>197</odohteu:victims2016>
    <odohteu:victims2015-2016>370</odohteu:victims2015-2016>
    <odohteu:_2015Male>67</odohteu:_2015Male>
    <odohteu:_2015Female>48</odohteu:_2015Female>
    <odohteu:_2015PercentageFemale>41,7</odohteu:_2015PercentageFemale>
    <odohteu:_2016Male>44</odohteu:_2016Male>
    <odohteu:_2016Female>34</odohteu:_2016Female>
    <odohteu:_2016PercentageFemale>43,6</odohteu:_2016PercentageFemale>
    <odohteu:_2015-2016Male>111</odohteu:_2015-2016Male>
    <odohteu:_2015-2016Female>82</odohteu:_2015-2016Female>
    <odohteu:_2015-2016PercentageFemale>42,5</odohteu:_2015-2016PercentageFemale>
    <odohteu:_2015Children>:</odohteu:_2015Children>
    <odohteu:_2015Adults>:</odohteu:_2015Adults>
    <odohteu:_2015PercentageChildren>:</odohteu:_2015PercentageChildren>
    <odohteu:_2016Children>:</odohteu:_2016Children>
    <odohteu:_2016Adults>:</odohteu:_2016Adults>
    <odohteu:_2016PercentageChildren>:</odohteu:_2016PercentageChildren>
    <odohteu:_2015-2016Children>:</odohteu:_2015-2016Children>
    <odohteu:_2015-2016Adults>:</odohteu:_2015-2016Adults>
    <odohteu:_2015-2016PercentageChildren>:</odohteu:_2015-2016PercentageChildren>
    <odohteu:TotalNumberOfChildRegisteredVictims>5</odohteu:TotalNumberOfChildRegisteredVictims>
    <odohteu:GenderPercentageMale>20</odohteu:GenderPercentageMale>
    <odohteu:GenderPercentageFemale>80</odohteu:GenderPercentageFemale>
    <odohteu:PercentageOfTotalNumberOfRegisteredVictim>3</odohteu:PercentageOfTotalNumberOfRegisteredVictim>
  </row>
  <row>
    <odohteu:Country>Portugal</odohteu:Country>
    <odohteu:victims2015>137</odohteu:victims2015>
    <odohteu:victims2016>202</odohteu:victims2016>
    <odohteu:victims2015-2016>339</odohteu:victims2015-2016>
    <odohteu:_2015Male>82</odohteu:_2015Male>
    <odohteu:_2015Female>54</odohteu:_2015Female>
    <odohteu:_2015PercentageFemale>39,7</odohteu:_2015PercentageFemale>
    <odohteu:_2016Male>138</odohteu:_2016Male>
    <odohteu:_2016Female>58</odohteu:_2016Female>
    <odohteu:_2016PercentageFemale>29,6</odohteu:_2016PercentageFemale>
    <odohteu:_2015-2016Male>220</odohteu:_2015-2016Male>
    <odohteu:_2015-2016Female>112</odohteu:_2015-2016Female>
    <odohteu:_2015-2016PercentageFemale>33,7</odohteu:_2015-2016PercentageFemale>
    <odohteu:_2015Children>13</odohteu:_2015Children>
    <odohteu:_2015Adults>119</odohteu:_2015Adults>
    <odohteu:_2015PercentageChildren>9,8</odohteu:_2015PercentageChildren>
    <odohteu:_2016Children>9</odohteu:_2016Children>
    <odohteu:_2016Adults>180</odohteu:_2016Adults>
    <odohteu:_2016PercentageChildren>4,8</odohteu:_2016PercentageChildren>
    <odohteu:_2015-2016Children>22</odohteu:_2015-2016Children>
    <odohteu:_2015-2016Adults>299</odohteu:_2015-2016Adults>
    <odohteu:_2015-2016PercentageChildren>6,9</odohteu:_2015-2016PercentageChildren>
    <odohteu:TotalNumberOfChildRegisteredVictims>2</odohteu:TotalNumberOfChildRegisteredVictims>
    <odohteu:GenderPercentageMale>100</odohteu:GenderPercentageMale>
    <odohteu:GenderPercentageFemale>0</odohteu:GenderPercentageFemale>
    <odohteu:PercentageOfTotalNumberOfRegisteredVictim>1</odohteu:PercentageOfTotalNumberOfRegisteredVictim>
  </row>
  <row>
    <odohteu:Country>Romania</odohteu:Country>
    <odohteu:victims2015>880</odohteu:victims2015>
    <odohteu:victims2016>756</odohteu:victims2016>
    <odohteu:victims2015-2016>1 636</odohteu:victims2015-2016>
    <odohteu:_2015Male>:</odohteu:_2015Male>
    <odohteu:_2015Female>:</odohteu:_2015Female>
    <odohteu:_2015PercentageFemale></odohteu:_2015PercentageFemale>
    <odohteu:_2016Male>:</odohteu:_2016Male>
    <odohteu:_2016Female>:</odohteu:_2016Female>
    <odohteu:_2016PercentageFemale></odohteu:_2016PercentageFemale>
    <odohteu:_2015-2016Male>0</odohteu:_2015-2016Male>
    <odohteu:_2015-2016Female>0</odohteu:_2015-2016Female>
    <odohteu:_2015-2016PercentageFemale>:</odohteu:_2015-2016PercentageFemale>
    <odohteu:_2015Children>:</odohteu:_2015Children>
    <odohteu:_2015Adults>:</odohteu:_2015Adults>
    <odohteu:_2015PercentageChildren>:</odohteu:_2015PercentageChildren>
    <odohteu:_2016Children>:</odohteu:_2016Children>
    <odohteu:_2016Adults>:</odohteu:_2016Adults>
    <odohteu:_2016PercentageChildren>:</odohteu:_2016PercentageChildren>
    <odohteu:_2015-2016Children>:</odohteu:_2015-2016Children>
    <odohteu:_2015-2016Adults>:</odohteu:_2015-2016Adults>
    <odohteu:_2015-2016PercentageChildren>86</odohteu:_2015-2016PercentageChildren>
    <odohteu:TotalNumberOfChildRegisteredVictims>40</odohteu:TotalNumberOfChildRegisteredVictims>
    <odohteu:GenderPercentageMale>59</odohteu:GenderPercentageMale>
    <odohteu:GenderPercentageFemale>10</odohteu:GenderPercentageFemale>
    <odohteu:PercentageOfTotalNumberOfRegisteredVictim></odohteu:PercentageOfTotalNumberOfRegisteredVictim>
  </row>
  <row>
    <odohteu:Country>Slovenia</odohteu:Country>
    <odohteu:victims2015>47</odohteu:victims2015>
    <odohteu:victims2016>27</odohteu:victims2016>
    <odohteu:victims2015-2016>74</odohteu:victims2015-2016>
    <odohteu:_2015Male>0</odohteu:_2015Male>
    <odohteu:_2015Female>47</odohteu:_2015Female>
    <odohteu:_2015PercentageFemale>100</odohteu:_2015PercentageFemale>
    <odohteu:_2016Male>2</odohteu:_2016Male>
    <odohteu:_2016Female>25</odohteu:_2016Female>
    <odohteu:_2016PercentageFemale>92,6</odohteu:_2016PercentageFemale>
    <odohteu:_2015-2016Male>2</odohteu:_2015-2016Male>
    <odohteu:_2015-2016Female>72</odohteu:_2015-2016Female>
    <odohteu:_2015-2016PercentageFemale>97,3</odohteu:_2015-2016PercentageFemale>
    <odohteu:_2015Children>2</odohteu:_2015Children>
    <odohteu:_2015Adults>45</odohteu:_2015Adults>
    <odohteu:_2015PercentageChildren>4,3</odohteu:_2015PercentageChildren>
    <odohteu:_2016Children>0</odohteu:_2016Children>
    <odohteu:_2016Adults>27</odohteu:_2016Adults>
    <odohteu:_2016PercentageChildren>0</odohteu:_2016PercentageChildren>
    <odohteu:_2015-2016Children>2</odohteu:_2015-2016Children>
    <odohteu:_2015-2016Adults>72</odohteu:_2015-2016Adults>
    <odohteu:_2015-2016PercentageChildren>2,7</odohteu:_2015-2016PercentageChildren>
    <odohteu:TotalNumberOfChildRegisteredVictims>2</odohteu:TotalNumberOfChildRegisteredVictims>
    <odohteu:GenderPercentageMale>0</odohteu:GenderPercentageMale>
    <odohteu:GenderPercentageFemale>100</odohteu:GenderPercentageFemale>
    <odohteu:PercentageOfTotalNumberOfRegisteredVictim>33</odohteu:PercentageOfTotalNumberOfRegisteredVictim>
  </row>
  <row>
    <odohteu:Country>Slovakia</odohteu:Country>
    <odohteu:victims2015>81</odohteu:victims2015>
    <odohteu:victims2016>45</odohteu:victims2016>
    <odohteu:victims2015-2016>126</odohteu:victims2015-2016>
    <odohteu:_2015Male>42</odohteu:_2015Male>
    <odohteu:_2015Female>39</odohteu:_2015Female>
    <odohteu:_2015PercentageFemale>48,1</odohteu:_2015PercentageFemale>
    <odohteu:_2016Male>27</odohteu:_2016Male>
    <odohteu:_2016Female>18</odohteu:_2016Female>
    <odohteu:_2016PercentageFemale>40</odohteu:_2016PercentageFemale>
    <odohteu:_2015-2016Male>69</odohteu:_2015-2016Male>
    <odohteu:_2015-2016Female>57</odohteu:_2015-2016Female>
    <odohteu:_2015-2016PercentageFemale>45,2</odohteu:_2015-2016PercentageFemale>
    <odohteu:_2015Children>5</odohteu:_2015Children>
    <odohteu:_2015Adults>76</odohteu:_2015Adults>
    <odohteu:_2015PercentageChildren>6,2</odohteu:_2015PercentageChildren>
    <odohteu:_2016Children>8</odohteu:_2016Children>
    <odohteu:_2016Adults>37</odohteu:_2016Adults>
    <odohteu:_2016PercentageChildren>17,8</odohteu:_2016PercentageChildren>
    <odohteu:_2015-2016Children>13</odohteu:_2015-2016Children>
    <odohteu:_2015-2016Adults>113</odohteu:_2015-2016Adults>
    <odohteu:_2015-2016PercentageChildren>10,3</odohteu:_2015-2016PercentageChildren>
    <odohteu:TotalNumberOfChildRegisteredVictims>15</odohteu:TotalNumberOfChildRegisteredVictims>
    <odohteu:GenderPercentageMale>20</odohteu:GenderPercentageMale>
    <odohteu:GenderPercentageFemale>73</odohteu:GenderPercentageFemale>
    <odohteu:PercentageOfTotalNumberOfRegisteredVictim>10</odohteu:PercentageOfTotalNumberOfRegisteredVictim>
  </row>
  <row>
    <odohteu:Country>Finland</odohteu:Country>
    <odohteu:victims2015>52</odohteu:victims2015>
    <odohteu:victims2016>130</odohteu:victims2016>
    <odohteu:victims2015-2016>182</odohteu:victims2015-2016>
    <odohteu:_2015Male>15</odohteu:_2015Male>
    <odohteu:_2015Female>37</odohteu:_2015Female>
    <odohteu:_2015PercentageFemale>71,2</odohteu:_2015PercentageFemale>
    <odohteu:_2016Male>44</odohteu:_2016Male>
    <odohteu:_2016Female>86</odohteu:_2016Female>
    <odohteu:_2016PercentageFemale>66,2</odohteu:_2016PercentageFemale>
    <odohteu:_2015-2016Male>59</odohteu:_2015-2016Male>
    <odohteu:_2015-2016Female>123</odohteu:_2015-2016Female>
    <odohteu:_2015-2016PercentageFemale>67,6</odohteu:_2015-2016PercentageFemale>
    <odohteu:_2015Children>0</odohteu:_2015Children>
    <odohteu:_2015Adults>52</odohteu:_2015Adults>
    <odohteu:_2015PercentageChildren>0</odohteu:_2015PercentageChildren>
    <odohteu:_2016Children>23</odohteu:_2016Children>
    <odohteu:_2016Adults>107</odohteu:_2016Adults>
    <odohteu:_2016PercentageChildren>17,7</odohteu:_2016PercentageChildren>
    <odohteu:_2015-2016Children>23</odohteu:_2015-2016Children>
    <odohteu:_2015-2016Adults>159</odohteu:_2015-2016Adults>
    <odohteu:_2015-2016PercentageChildren>12,6</odohteu:_2015-2016PercentageChildren>
    <odohteu:TotalNumberOfChildRegisteredVictims>0</odohteu:TotalNumberOfChildRegisteredVictims>
    <odohteu:GenderPercentageMale>:</odohteu:GenderPercentageMale>
    <odohteu:GenderPercentageFemale>:</odohteu:GenderPercentageFemale>
    <odohteu:PercentageOfTotalNumberOfRegisteredVictim>0</odohteu:PercentageOfTotalNumberOfRegisteredVictim>
  </row>
  <row>
    <odohteu:Country>Sweden</odohteu:Country>
    <odohteu:victims2015>180</odohteu:victims2015>
    <odohteu:victims2016>197</odohteu:victims2016>
    <odohteu:victims2015-2016>377</odohteu:victims2015-2016>
    <odohteu:_2015Male>2</odohteu:_2015Male>
    <odohteu:_2015Female>:</odohteu:_2015Female>
    <odohteu:_2015PercentageFemale></odohteu:_2015PercentageFemale>
    <odohteu:_2016Male>4</odohteu:_2016Male>
    <odohteu:_2016Female>3</odohteu:_2016Female>
    <odohteu:_2016PercentageFemale>42,9</odohteu:_2016PercentageFemale>
    <odohteu:_2015-2016Male>4</odohteu:_2015-2016Male>
    <odohteu:_2015-2016Female>5</odohteu:_2015-2016Female>
    <odohteu:_2015-2016PercentageFemale>55,6</odohteu:_2015-2016PercentageFemale>
    <odohteu:_2015Children>:</odohteu:_2015Children>
    <odohteu:_2015Adults>2</odohteu:_2015Adults>
    <odohteu:_2015PercentageChildren>:</odohteu:_2015PercentageChildren>
    <odohteu:_2016Children>1</odohteu:_2016Children>
    <odohteu:_2016Adults>6</odohteu:_2016Adults>
    <odohteu:_2016PercentageChildren>14,3</odohteu:_2016PercentageChildren>
    <odohteu:_2015-2016Children>1</odohteu:_2015-2016Children>
    <odohteu:_2015-2016Adults>8</odohteu:_2015-2016Adults>
    <odohteu:_2015-2016PercentageChildren>11,1</odohteu:_2015-2016PercentageChildren>
    <odohteu:TotalNumberOfChildRegisteredVictims>0</odohteu:TotalNumberOfChildRegisteredVictims>
    <odohteu:GenderPercentageMale>:</odohteu:GenderPercentageMale>
    <odohteu:GenderPercentageFemale>:</odohteu:GenderPercentageFemale>
    <odohteu:PercentageOfTotalNumberOfRegisteredVictim>0</odohteu:PercentageOfTotalNumberOfRegisteredVictim>
  </row>
  <row>
    <odohteu:Country>United Kingdom</odohteu:Country>
    <odohteu:victims2015>3 266</odohteu:victims2015>
    <odohteu:victims2016>3 805</odohteu:victims2016>
    <odohteu:victims2015-2016>7 071</odohteu:victims2015-2016>
    <odohteu:_2015Male>1518</odohteu:_2015Male>
    <odohteu:_2015Female>1744</odohteu:_2015Female>
    <odohteu:_2015PercentageFemale>53,5</odohteu:_2015PercentageFemale>
    <odohteu:_2016Male>1864</odohteu:_2016Male>
    <odohteu:_2016Female>1936</odohteu:_2016Female>
    <odohteu:_2016PercentageFemale>50,9</odohteu:_2016PercentageFemale>
    <odohteu:_2015-2016Male>3382</odohteu:_2015-2016Male>
    <odohteu:_2015-2016Female>3680</odohteu:_2015-2016Female>
    <odohteu:_2015-2016PercentageFemale>52,1</odohteu:_2015-2016PercentageFemale>
    <odohteu:_2015Children>:</odohteu:_2015Children>
    <odohteu:_2015Adults>:</odohteu:_2015Adults>
    <odohteu:_2015PercentageChildren>:</odohteu:_2015PercentageChildren>
    <odohteu:_2016Children>:</odohteu:_2016Children>
    <odohteu:_2016Adults>:</odohteu:_2016Adults>
    <odohteu:_2016PercentageChildren>:</odohteu:_2016PercentageChildren>
    <odohteu:_2015-2016Children>:</odohteu:_2015-2016Children>
    <odohteu:_2015-2016Adults>:</odohteu:_2015-2016Adults>
    <odohteu:_2015-2016PercentageChildren>:</odohteu:_2015-2016PercentageChildren>
    <odohteu:TotalNumberOfChildRegisteredVictims>0</odohteu:TotalNumberOfChildRegisteredVictims>
    <odohteu:GenderPercentageMale>:</odohteu:GenderPercentageMale>
    <odohteu:GenderPercentageFemale>:</odohteu:GenderPercentageFemale>
    <odohteu:PercentageOfTotalNumberOfRegisteredVictim>0</odohteu:PercentageOfTotalNumberOfRegisteredVictim>
  </row>
</root>
</rdf:RDF>