[
 {
   "Country": "Belgium",
   "victims 2015": "117",
   "victims 2016": "119",
   "victims 2015-2016": "236",
   "2015 male": "63",
   "2015 female": "54",
   "2015 % female": "46,2",
   "2016 male": "59",
   "2016 female": "60",
   "2016 % female": "50,4",
   "2015-2016 male": 122,
   "2015-2016 female": 114,
   "2015-2016 % female": "48,3",
   "2015 children": "14",
   "2015 adults": "103",
   "2015 % children": "12",
   "2016 children": "6",
   "2016 adults": "113",
   "2016 % children": "5",
   "2015-2016 children": "20",
   "2015-2016 adults": "216",
   "2015-2016 % children": "8,5",
   "Total number of child registered victims": 1,
   "Gender %Male": "0",
   "Gender %Female": "100",
   "Percentage of total number of registered victim (%)": 17
 },
 {
   "Country": "Bulgaria",
   "victims 2015": ":",
   "victims 2016": ":",
   "victims 2015-2016": ":",
   "2015 male": "28",
   "2015 female": "381",
   "2015 % female": "93,2",
   "2016 male": "38",
   "2016 female": "409",
   "2016 % female": "91,5",
   "2015-2016 male": 66,
   "2015-2016 female": 790,
   "2015-2016 % female": "92,3",
   "2015 children": "33",
   "2015 adults": "376",
   "2015 % children": "8,1",
   "2016 children": "25",
   "2016 adults": "422",
   "2016 % children": "5,6",
   "2015-2016 children": "58",
   "2015-2016 adults": "798",
   "2015-2016 % children": "6,8",
   "Total number of child registered victims": 13,
   "Gender %Male": "23",
   "Gender %Female": "77",
   "Percentage of total number of registered victim (%)": 4
 },
 {
   "Country": "Czech Republic",
   "victims 2015": "4",
   "victims 2016": "14",
   "victims 2015-2016": "18",
   "2015 male": "0",
   "2015 female": "4",
   "2015 % female": "100",
   "2016 male": "7",
   "2016 female": "7",
   "2016 % female": "50",
   "2015-2016 male": 7,
   "2015-2016 female": 11,
   "2015-2016 % female": "61,1",
   "2015 children": "0",
   "2015 adults": "0,4",
   "2015 % children": "0",
   "2016 children": "0",
   "2016 adults": "14",
   "2016 % children": "0",
   "2015-2016 children": "0",
   "2015-2016 adults": "18",
   "2015-2016 % children": "0",
   "Total number of child registered victims": 0,
   "Gender %Male": ":",
   "Gender %Female": ":",
   "Percentage of total number of registered victim (%)": 0
 },
 {
   "Country": "Denmark",
   "victims 2015": "93",
   "victims 2016": "121",
   "victims 2015-2016": "214",
   "2015 male": "42",
   "2015 female": "52",
   "2015 % female": "55,3",
   "2016 male": "7",
   "2016 female": "114",
   "2016 % female": "94,2",
   "2015-2016 male": 49,
   "2015-2016 female": 166,
   "2015-2016 % female": "77,2",
   "2015 children": "6",
   "2015 adults": "87",
   "2015 % children": "6,5",
   "2016 children": "9",
   "2016 adults": "112",
   "2016 % children": "7,4",
   "2015-2016 children": "15",
   "2015-2016 adults": "199",
   "2015-2016 % children": "7",
   "Total number of child registered victims": 0,
   "Gender %Male": ":",
   "Gender %Female": ":",
   "Percentage of total number of registered victim (%)": 0
 },
 {
   "Country": "Germany",
   "victims 2015": "470",
   "victims 2016": "536",
   "victims 2015-2016": "1 006",
   "2015 male": "55",
   "2015 female": "406",
   "2015 % female": "88,1",
   "2016 male": "51",
   "2016 female": "479",
   "2016 % female": "90,4",
   "2015-2016 male": 106,
   "2015-2016 female": 885,
   "2015-2016 % female": "89,3",
   "2015 children": "78",
   "2015 adults": "361",
   "2015 % children": "17,8",
   "2016 children": "96",
   "2016 adults": "413",
   "2016 % children": "18,9",
   "2015-2016 children": "174",
   "2015-2016 adults": "774",
   "2015-2016 % children": "18,4",
   "Total number of child registered victims": 1,
   "Gender %Male": "0",
   "Gender %Female": "100",
   "Percentage of total number of registered victim (%)": 17
 },
 {
   "Country": "Estonia",
   "victims 2015": "13",
   "victims 2016": "10",
   "victims 2015-2016": "23",
   "2015 male": "4",
   "2015 female": "9",
   "2015 % female": "69,2",
   "2016 male": "3",
   "2016 female": "7",
   "2016 % female": "70",
   "2015-2016 male": 7,
   "2015-2016 female": 16,
   "2015-2016 % female": "69,6",
   "2015 children": "11",
   "2015 adults": "2",
   "2015 % children": "84,6",
   "2016 children": "8",
   "2016 adults": "2",
   "2016 % children": "80",
   "2015-2016 children": "19",
   "2015-2016 adults": "4",
   "2015-2016 % children": "82,6",
   "Total number of child registered victims": 16,
   "Gender %Male": "19",
   "Gender %Female": "81",
   "Percentage of total number of registered victim (%)": 84
 },
 {
   "Country": "Ireland",
   "victims 2015": "62",
   "victims 2016": "75",
   "victims 2015-2016": "137",
   "2015 male": "20",
   "2015 female": "41",
   "2015 % female": "67,2",
   "2016 male": "36",
   "2016 female": "39",
   "2016 % female": "52",
   "2015-2016 male": 56,
   "2015-2016 female": 80,
   "2015-2016 % female": "58,8",
   "2015 children": "8",
   "2015 adults": "54",
   "2015 % children": "12,9",
   "2016 children": "1",
   "2016 adults": "74",
   "2016 % children": "1,3",
   "2015-2016 children": "9",
   "2015-2016 adults": "128",
   "2015-2016 % children": "6,6",
   "Total number of child registered victims": 0,
   "Gender %Male": ":",
   "Gender %Female": ":",
   "Percentage of total number of registered victim (%)": 0
 },
 {
   "Country": "Greece",
   "victims 2015": "158",
   "victims 2016": "346",
   "victims 2015-2016": "504",
   "2015 male": "55",
   "2015 female": "95",
   "2015 % female": "63,3",
   "2016 male": "188",
   "2016 female": "138",
   "2016 % female": "53,9",
   "2015-2016 male": 173,
   "2015-2016 female": 233,
   "2015-2016 % female": "57,4",
   "2015 children": "69",
   "2015 adults": "81",
   "2015 % children": "46",
   "2016 children": "159",
   "2016 adults": "97",
   "2016 % children": "62,1",
   "2015-2016 children": "228",
   "2015-2016 adults": "178",
   "2015-2016 % children": "56,2",
   "Total number of child registered victims": 8,
   "Gender %Male": "0",
   "Gender %Female": "100",
   "Percentage of total number of registered victim (%)": 44
 },
 {
   "Country": "Spain",
   "victims 2015": "267",
   "victims 2016": "193",
   "victims 2015-2016": "460",
   "2015 male": "101",
   "2015 female": "166",
   "2015 % female": "62,2",
   "2016 male": "28",
   "2016 female": "165",
   "2016 % female": "85,5",
   "2015-2016 male": 129,
   "2015-2016 female": 331,
   "2015-2016 % female": "72",
   "2015 children": "8",
   "2015 adults": "259",
   "2015 % children": "3",
   "2016 children": "20",
   "2016 adults": "173",
   "2016 % children": "10,4",
   "2015-2016 children": "28",
   "2015-2016 adults": "432",
   "2015-2016 % children": "6,1",
   "Total number of child registered victims": 1,
   "Gender %Male": "0",
   "Gender %Female": "100",
   "Percentage of total number of registered victim (%)": 2
 },
 {
   "Country": "France",
   "victims 2015": ":",
   "victims 2016": "1 516",
   "victims 2015-2016": "1 516",
   "2015 male": ":",
   "2015 female": ":",
   "2015 % female": "",
   "2016 male": "356",
   "2016 female": "1,154",
   "2016 % female": "76,4",
   "2015-2016 male": 356,
   "2015-2016 female": 1154,
   "2015-2016 % female": "76,4",
   "2015 children": ":",
   "2015 adults": ":",
   "2015 % children": ":",
   "2016 children": "306",
   "2016 adults": "1,182",
   "2016 % children": "20,6",
   "2015-2016 children": "306",
   "2015-2016 adults": "1,182",
   "2015-2016 % children": "20,6",
   "Total number of child registered victims": 191,
   "Gender %Male": "24",
   "Gender %Female": "76",
   "Percentage of total number of registered victim (%)": 34
 },
 {
   "Country": "Croatia",
   "victims 2015": "38",
   "victims 2016": "30",
   "victims 2015-2016": "68",
   "2015 male": "0",
   "2015 female": "38",
   "2015 % female": "100",
   "2016 male": "9",
   "2016 female": "21",
   "2016 % female": "70",
   "2015-2016 male": 9,
   "2015-2016 female": 59,
   "2015-2016 % female": "86,8",
   "2015 children": "7",
   "2015 adults": "31",
   "2015 % children": "18,4",
   "2016 children": "11",
   "2016 adults": "19",
   "2016 % children": "36,7",
   "2015-2016 children": "18",
   "2015-2016 adults": "50",
   "2015-2016 % children": "26,5",
   "Total number of child registered victims": 27,
   "Gender %Male": "11",
   "Gender %Female": "85",
   "Percentage of total number of registered victim (%)": 35
 },
 {
   "Country": "Italy",
   "victims 2015": "781",
   "victims 2016": "879",
   "victims 2015-2016": "1 660",
   "2015 male": "120",
   "2015 female": "659",
   "2015 % female": "84,6",
   "2016 male": "122",
   "2016 female": "747",
   "2016 % female": "86",
   "2015-2016 male": 242,
   "2015-2016 female": 1406,
   "2015-2016 % female": "85,3",
   "2015 children": "71",
   "2015 adults": "710",
   "2015 % children": "9,1",
   "2016 children": "117",
   "2016 adults": "762",
   "2016 % children": "13,3",
   "2015-2016 children": "188",
   "2015-2016 adults": "1,472",
   "2015-2016 % children": "11,3",
   "Total number of child registered victims": 4,
   "Gender %Male": "50",
   "Gender %Female": "50",
   "Percentage of total number of registered victim (%)": 17
 },
 {
   "Country": "Cyprus",
   "victims 2015": "46",
   "victims 2016": "44",
   "victims 2015-2016": "90",
   "2015 male": "23",
   "2015 female": "23",
   "2015 % female": "50",
   "2016 male": "4",
   "2016 female": "40",
   "2016 % female": "90,9",
   "2015-2016 male": 27,
   "2015-2016 female": 63,
   "2015-2016 % female": "70",
   "2015 children": "4",
   "2015 adults": "42",
   "2015 % children": "8,7",
   "2016 children": "1",
   "2016 adults": "43",
   "2016 % children": "2,3",
   "2015-2016 children": "5",
   "2015-2016 adults": "85",
   "2015-2016 % children": "5,6",
   "Total number of child registered victims": 0,
   "Gender %Male": ":",
   "Gender %Female": ":",
   "Percentage of total number of registered victim (%)": 0
 },
 {
   "Country": "Latvia",
   "victims 2015": "24",
   "victims 2016": "33",
   "victims 2015-2016": "57",
   "2015 male": "78,9",
   "2015 female": "10,1",
   "2015 % female": "90,9",
   "2016 male": "83,3",
   "2016 female": "4",
   "2016 % female": "5",
   "2015-2016 male": 25,
   "2015-2016 female": 15,
   "2015-2016 % female": "5",
   "2015 children": "6",
   "2015 adults": "45,5",
   "2015 % children": "6",
   "2016 children": "13",
   "2016 adults": "31,6",
   "2016 % children": "11",
   "2015-2016 children": "19",
   "2015-2016 adults": "36,7",
   "2015-2016 % children": "11",
   "Total number of child registered victims": 0,
   "Gender %Male": "100",
   "Gender %Female": "26",
   "Percentage of total number of registered victim (%)": null
 },
 {
   "Country": "Lithuania",
   "victims 2015": "62",
   "victims 2016": "45",
   "victims 2015-2016": "107",
   "2015 male": "26",
   "2015 female": "36",
   "2015 % female": "58,1",
   "2016 male": "25",
   "2016 female": "20\"",
   "2016 % female": "44,4",
   "2015-2016 male": 51,
   "2015-2016 female": 56,
   "2015-2016 % female": "52,3",
   "2015 children": "17",
   "2015 adults": "45",
   "2015 % children": "27,4",
   "2016 children": "4",
   "2016 adults": "41",
   "2016 % children": "8,9",
   "2015-2016 children": "21",
   "2015-2016 adults": "86",
   "2015-2016 % children": "19,6",
   "Total number of child registered victims": 23,
   "Gender %Male": "43",
   "Gender %Female": "57",
   "Percentage of total number of registered victim (%)": 16
 },
 {
   "Country": "Luxembourg",
   "victims 2015": "7",
   "victims 2016": "20",
   "victims 2015-2016": "27",
   "2015 male": "75",
   "2015 female": ":",
   "2015 % female": "7",
   "2016 male": "81,5",
   "2016 female": "5",
   "2016 % female": "5",
   "2015-2016 male": 22,
   "2015-2016 female": 15,
   "2015-2016 % female": "0",
   "2015 children": "7",
   "2015 adults": "0",
   "2015 % children": "7",
   "2016 children": "11",
   "2016 adults": "38,9",
   "2016 % children": "7",
   "2015-2016 children": "18",
   "2015-2016 adults": "28",
   "2015-2016 % children": "1",
   "Total number of child registered victims": 0,
   "Gender %Male": "100",
   "Gender %Female": "100",
   "Percentage of total number of registered victim (%)": null
 },
 {
   "Country": "Hungary",
   "victims 2015": "507",
   "victims 2016": "489",
   "victims 2015-2016": "996",
   "2015 male": "58",
   "2015 female": "449",
   "2015 % female": "88,6",
   "2016 male": "56",
   "2016 female": "443",
   "2016 % female": "88,5",
   "2015-2016 male": 114,
   "2015-2016 female": 882,
   "2015-2016 % female": "88,6",
   "2015 children": "356",
   "2015 adults": "151",
   "2015 % children": "70,2",
   "2016 children": "271",
   "2016 adults": "218",
   "2016 % children": "55,4",
   "2015-2016 children": "627",
   "2015-2016 adults": "369",
   "2015-2016 % children": "63",
   "Total number of child registered victims": 647,
   "Gender %Male": "12",
   "Gender %Female": "86",
   "Percentage of total number of registered victim (%)": 55
 },
 {
   "Country": "Malta",
   "victims 2015": "3",
   "victims 2016": "34",
   "victims 2015-2016": "37",
   "2015 male": "4",
   "2015 female": ":",
   "2015 % female": "",
   "2016 male": "18",
   "2016 female": "16",
   "2016 % female": "47,1",
   "2015-2016 male": 18,
   "2015-2016 female": 20,
   "2015-2016 % female": "52,6",
   "2015 children": "2",
   "2015 adults": "2",
   "2015 % children": "50",
   "2016 children": "0",
   "2016 adults": "34",
   "2016 % children": "0",
   "2015-2016 children": "2",
   "2015-2016 adults": "36",
   "2015-2016 % children": "5,3",
   "Total number of child registered victims": 1,
   "Gender %Male": "100",
   "Gender %Female": "0",
   "Percentage of total number of registered victim (%)": 100
 },
 {
   "Country": "Netherlands",
   "victims 2015": "1 295",
   "victims 2016": "1 147",
   "victims 2015-2016": "2 442",
   "2015 male": "273",
   "2015 female": "877",
   "2015 % female": "76,3",
   "2016 male": "222",
   "2016 female": "726",
   "2016 % female": "76,6",
   "2015-2016 male": 495,
   "2015-2016 female": 1603,
   "2015-2016 % female": "76,4",
   "2015 children": "288",
   "2015 adults": "716",
   "2015 % children": "28,7",
   "2016 children": "227",
   "2016 adults": "581",
   "2016 % children": "28,1",
   "2015-2016 children": "515",
   "2015-2016 adults": "1,297",
   "2015-2016 % children": "28,4",
   "Total number of child registered victims": 255,
   "Gender %Male": "2",
   "Gender %Female": "98",
   "Percentage of total number of registered victim (%)": 35
 },
 {
   "Country": "Austria",
   "victims 2015": "384",
   "victims 2016": "375",
   "victims 2015-2016": "759",
   "2015 male": "23",
   "2015 female": "226",
   "2015 % female": "90,8",
   "2016 male": "42",
   "2016 female": "242",
   "2016 % female": "85,2",
   "2015-2016 male": 65,
   "2015-2016 female": 468,
   "2015-2016 % female": "87,8",
   "2015 children": "150",
   "2015 adults": "206",
   "2015 % children": "42,1",
   "2016 children": "12",
   "2016 adults": "240",
   "2016 % children": "4,8",
   "2015-2016 children": "162",
   "2015-2016 adults": "446",
   "2015-2016 % children": "26,6",
   "Total number of child registered victims": 0,
   "Gender %Male": ":",
   "Gender %Female": ":",
   "Percentage of total number of registered victim (%)": 0
 },
 {
   "Country": "Poland",
   "victims 2015": "173",
   "victims 2016": "197",
   "victims 2015-2016": "370",
   "2015 male": "67",
   "2015 female": "48",
   "2015 % female": "41,7",
   "2016 male": "44",
   "2016 female": "34",
   "2016 % female": "43,6",
   "2015-2016 male": 111,
   "2015-2016 female": 82,
   "2015-2016 % female": "42,5",
   "2015 children": ":",
   "2015 adults": ":",
   "2015 % children": ":",
   "2016 children": ":",
   "2016 adults": ":",
   "2016 % children": ":",
   "2015-2016 children": ":",
   "2015-2016 adults": ":",
   "2015-2016 % children": ":",
   "Total number of child registered victims": 5,
   "Gender %Male": "20",
   "Gender %Female": "80",
   "Percentage of total number of registered victim (%)": 3
 },
 {
   "Country": "Portugal",
   "victims 2015": "137",
   "victims 2016": "202",
   "victims 2015-2016": "339",
   "2015 male": "82",
   "2015 female": "54",
   "2015 % female": "39,7",
   "2016 male": "138",
   "2016 female": "58",
   "2016 % female": "29,6",
   "2015-2016 male": 220,
   "2015-2016 female": 112,
   "2015-2016 % female": "33,7",
   "2015 children": "13",
   "2015 adults": "119",
   "2015 % children": "9,8",
   "2016 children": "9",
   "2016 adults": "180",
   "2016 % children": "4,8",
   "2015-2016 children": "22",
   "2015-2016 adults": "299",
   "2015-2016 % children": "6,9",
   "Total number of child registered victims": 2,
   "Gender %Male": "100",
   "Gender %Female": "0",
   "Percentage of total number of registered victim (%)": 1
 },
 {
   "Country": "Romania",
   "victims 2015": "880",
   "victims 2016": "756",
   "victims 2015-2016": "1 636",
   "2015 male": ":",
   "2015 female": ":",
   "2015 % female": "",
   "2016 male": ":",
   "2016 female": ":",
   "2016 % female": "",
   "2015-2016 male": 0,
   "2015-2016 female": 0,
   "2015-2016 % female": ":",
   "2015 children": ":",
   "2015 adults": ":",
   "2015 % children": ":",
   "2016 children": ":",
   "2016 adults": ":",
   "2016 % children": ":",
   "2015-2016 children": ":",
   "2015-2016 adults": ":",
   "2015-2016 % children": "86",
   "Total number of child registered victims": 40,
   "Gender %Male": "59",
   "Gender %Female": "10",
   "Percentage of total number of registered victim (%)": null
 },
 {
   "Country": "Slovenia",
   "victims 2015": "47",
   "victims 2016": "27",
   "victims 2015-2016": "74",
   "2015 male": "0",
   "2015 female": "47",
   "2015 % female": "100",
   "2016 male": "2",
   "2016 female": "25",
   "2016 % female": "92,6",
   "2015-2016 male": 2,
   "2015-2016 female": 72,
   "2015-2016 % female": "97,3",
   "2015 children": "2",
   "2015 adults": "45",
   "2015 % children": "4,3",
   "2016 children": "0",
   "2016 adults": "27",
   "2016 % children": "0",
   "2015-2016 children": "2",
   "2015-2016 adults": "72",
   "2015-2016 % children": "2,7",
   "Total number of child registered victims": 2,
   "Gender %Male": "0",
   "Gender %Female": "100",
   "Percentage of total number of registered victim (%)": 33
 },
 {
   "Country": "Slovakia",
   "victims 2015": "81",
   "victims 2016": "45",
   "victims 2015-2016": "126",
   "2015 male": "42",
   "2015 female": "39",
   "2015 % female": "48,1",
   "2016 male": "27",
   "2016 female": "18",
   "2016 % female": "40",
   "2015-2016 male": 69,
   "2015-2016 female": 57,
   "2015-2016 % female": "45,2",
   "2015 children": "5",
   "2015 adults": "76",
   "2015 % children": "6,2",
   "2016 children": "8",
   "2016 adults": "37",
   "2016 % children": "17,8",
   "2015-2016 children": "13",
   "2015-2016 adults": "113",
   "2015-2016 % children": "10,3",
   "Total number of child registered victims": 15,
   "Gender %Male": "20",
   "Gender %Female": "73",
   "Percentage of total number of registered victim (%)": 10
 },
 {
   "Country": "Finland",
   "victims 2015": "52",
   "victims 2016": "130",
   "victims 2015-2016": "182",
   "2015 male": "15",
   "2015 female": "37",
   "2015 % female": "71,2",
   "2016 male": "44",
   "2016 female": "86",
   "2016 % female": "66,2",
   "2015-2016 male": 59,
   "2015-2016 female": 123,
   "2015-2016 % female": "67,6",
   "2015 children": "0",
   "2015 adults": "52",
   "2015 % children": "0",
   "2016 children": "23",
   "2016 adults": "107",
   "2016 % children": "17,7",
   "2015-2016 children": "23",
   "2015-2016 adults": "159",
   "2015-2016 % children": "12,6",
   "Total number of child registered victims": 0,
   "Gender %Male": ":",
   "Gender %Female": ":",
   "Percentage of total number of registered victim (%)": 0
 },
 {
   "Country": "Sweden",
   "victims 2015": "180",
   "victims 2016": "197",
   "victims 2015-2016": "377",
   "2015 male": "2",
   "2015 female": ":",
   "2015 % female": "",
   "2016 male": "4",
   "2016 female": "3",
   "2016 % female": "42,9",
   "2015-2016 male": 4,
   "2015-2016 female": 5,
   "2015-2016 % female": "55,6",
   "2015 children": ":",
   "2015 adults": "2",
   "2015 % children": ":",
   "2016 children": "1",
   "2016 adults": "6",
   "2016 % children": "14,3",
   "2015-2016 children": "1",
   "2015-2016 adults": "8",
   "2015-2016 % children": "11,1",
   "Total number of child registered victims": 0,
   "Gender %Male": ":",
   "Gender %Female": ":",
   "Percentage of total number of registered victim (%)": 0
 },
 {
   "Country": "United Kingdom",
   "victims 2015": "3 266",
   "victims 2016": "3 805",
   "victims 2015-2016": "7 071",
   "2015 male": "1518",
   "2015 female": "1744",
   "2015 % female": "53,5",
   "2016 male": "1864",
   "2016 female": "1936",
   "2016 % female": "50,9",
   "2015-2016 male": 3382,
   "2015-2016 female": 3680,
   "2015-2016 % female": "52,1",
   "2015 children": ":",
   "2015 adults": ":",
   "2015 % children": ":",
   "2016 children": ":",
   "2016 adults": ":",
   "2016 % children": ":",
   "2015-2016 children": ":",
   "2015-2016 adults": ":",
   "2015-2016 % children": ":",
   "Total number of child registered victims": 0,
   "Gender %Male": ":",
   "Gender %Female": ":",
   "Percentage of total number of registered victim (%)": 0
 }
]