<?xml version="1.0" encoding="UTF-8"?>
<rdf:RDF xmlns:odohteu="http://www.odohteu.github.io/" xmlns:rdf="http://www.w3.org/1999/02/22-rdf-syntax-ns#">
<root>
  <row>
    <odohteu:Country>BE</odohteu:Country>
    <odohteu:OwnCountryN>:</odohteu:OwnCountryN>
    <odohteu:OwnCountryPercentage>:</odohteu:OwnCountryPercentage>
    <odohteu:OtherEUCountryN>38</odohteu:OtherEUCountryN>
    <odohteu:OtherEUCountryPercentage>14</odohteu:OtherEUCountryPercentage>
    <odohteu:Non-EUCountryN>234</odohteu:Non-EUCountryN>
    <odohteu:Non-EUCountryPercentage>86</odohteu:Non-EUCountryPercentage>
    <odohteu:OtherN>1</odohteu:OtherN>
    <odohteu:OtherPercentage>0</odohteu:OtherPercentage>
  <odohteu:UnknownN>1</odohteu:UnknownN>
    <odohteu:UnknownPercentage>0</odohteu:UnknownPercentage>
    <odohteu:TotalN>274</odohteu:TotalN>
  </row>
  <row>
      <odohteu:Country>BG</odohteu:Country>
      <odohteu:OwnCountryN>27</odohteu:OwnCountryN>
    <odohteu:OwnCountryPercentage>96</odohteu:OwnCountryPercentage>
    <odohteu:OtherEUCountryN>:</odohteu:OtherEUCountryN>
    <odohteu:OtherEUCountryPercentage>:</odohteu:OtherEUCountryPercentage>
    <odohteu:Non-EUCountryN>:</odohteu:Non-EUCountryN>
    <odohteu:Non-EUCountryPercentage>:</odohteu:Non-EUCountryPercentage>
    <odohteu:OtherN>:</odohteu:OtherN>
    <odohteu:OtherPercentage>:</odohteu:OtherPercentage>
    <odohteu:UnknownN>1</odohteu:UnknownN>
    <odohteu:UnknownPercentage>4</odohteu:UnknownPercentage>
    <odohteu:TotalN>28</odohteu:TotalN>
  </row>
  <row>
    <odohteu:Country>CZ</odohteu:Country>
     <odohteu:OwnCountryN>:</odohteu:OwnCountryN>
    <odohteu:OwnCountryPercentage>:</odohteu:OwnCountryPercentage>
    <odohteu:OtherEUCountryN>:</odohteu:OtherEUCountryN>
    <odohteu:OtherEUCountryPercentage>:</odohteu:OtherEUCountryPercentage>
    <odohteu:Non-EUCountryN>:</odohteu:Non-EUCountryN>
    <odohteu:Non-EUCountryPercentage>:</odohteu:Non-EUCountryPercentage>
    <odohteu:OtherN>:</odohteu:OtherN>
    <odohteu:OtherPercentage>:</odohteu:OtherPercentage>
 <odohteu:UnknownN>:</odohteu:UnknownN>
    <odohteu:UnknownPercentage>:</odohteu:UnknownPercentage>
    <odohteu:TotalN>:</odohteu:TotalN>
  </row>
  <row>
    <odohteu:Country>DK</odohteu:Country>
    <odohteu:OwnCountryN>1</odohteu:OwnCountryN>
    <odohteu:OwnCountryPercentage>1</odohteu:OwnCountryPercentage>
    <odohteu:OtherEUCountryN>8</odohteu:OtherEUCountryN>
    <odohteu:OtherEUCountryPercentage>4</odohteu:OtherEUCountryPercentage>
    <odohteu:Non-EUCountryN>186</odohteu:Non-EUCountryN>
    <odohteu:Non-EUCountryPercentage>95</odohteu:Non-EUCountryPercentage>
    <odohteu:OtherN>:</odohteu:OtherN>
    <odohteu:OtherPercentage>:</odohteu:OtherPercentage>
<odohteu:UnknownN>:</odohteu:UnknownN>
    <odohteu:UnknownPercentage>:</odohteu:UnknownPercentage>
    <odohteu:TotalN>195</odohteu:TotalN>
  </row>
  <row>
   <odohteu:Country>DE</odohteu:Country>
   <odohteu:OwnCountryN>339</odohteu:OwnCountryN>
    <odohteu:OwnCountryPercentage>25</odohteu:OwnCountryPercentage>
    <odohteu:OtherEUCountryN>579</odohteu:OtherEUCountryN>
    <odohteu:OtherEUCountryPercentage>42</odohteu:OtherEUCountryPercentage>
    <odohteu:Non-EUCountryN>342</odohteu:Non-EUCountryN>
    <odohteu:Non-EUCountryPercentage>25</odohteu:Non-EUCountryPercentage>
    <odohteu:OtherN>32</odohteu:OtherN>
    <odohteu:OtherPercentage>2</odohteu:OtherPercentage>
<odohteu:UnknownN>88</odohteu:UnknownN>
    <odohteu:UnknownPercentage>6</odohteu:UnknownPercentage>
    <odohteu:TotalN>1 380</odohteu:TotalN>
   
  </row>
  <row>
     <odohteu:Country>EE</odohteu:Country>
      <odohteu:OwnCountryN>18</odohteu:OwnCountryN>
    <odohteu:OwnCountryPercentage>82</odohteu:OwnCountryPercentage>
    <odohteu:OtherEUCountryN>:</odohteu:OtherEUCountryN>
    <odohteu:OtherEUCountryPercentage>:</odohteu:OtherEUCountryPercentage>
    <odohteu:Non-EUCountryN>4</odohteu:Non-EUCountryN>
    <odohteu:Non-EUCountryPercentage>18</odohteu:Non-EUCountryPercentage>
    <odohteu:OtherN>:</odohteu:OtherN>
    <odohteu:OtherPercentage>:</odohteu:OtherPercentage>
<odohteu:UnknownN>:</odohteu:UnknownN>
    <odohteu:UnknownPercentage>:</odohteu:UnknownPercentage>
    <odohteu:TotalN>22</odohteu:TotalN>
  </row>
  <row>
<odohteu:Country>IE</odohteu:Country>
     <odohteu:OwnCountryN>0</odohteu:OwnCountryN>
    <odohteu:OwnCountryPercentage>0</odohteu:OwnCountryPercentage>
    <odohteu:OtherEUCountryN>40</odohteu:OtherEUCountryN>
    <odohteu:OtherEUCountryPercentage>40</odohteu:OtherEUCountryPercentage>
    <odohteu:Non-EUCountryN>61</odohteu:Non-EUCountryN>
    <odohteu:Non-EUCountryPercentage>60</odohteu:Non-EUCountryPercentage>
    <odohteu:OtherN>:</odohteu:OtherN>
    <odohteu:OtherPercentage>:</odohteu:OtherPercentage>
 <odohteu:UnknownN>:</odohteu:UnknownN>
    <odohteu:UnknownPercentage>:</odohteu:UnknownPercentage>
    <odohteu:TotalN>101</odohteu:TotalN>
  </row>
  <row>
    <odohteu:Country>EL</odohteu:Country>
     <odohteu:OwnCountryN>16</odohteu:OwnCountryN>
    <odohteu:OwnCountryPercentage>6</odohteu:OwnCountryPercentage>
    <odohteu:OtherEUCountryN>40</odohteu:OtherEUCountryN>
    <odohteu:OtherEUCountryPercentage>14</odohteu:OtherEUCountryPercentage>
    <odohteu:Non-EUCountryN>186</odohteu:Non-EUCountryN>
    <odohteu:Non-EUCountryPercentage>67</odohteu:Non-EUCountryPercentage>
    <odohteu:OtherN>:</odohteu:OtherN>
    <odohteu:OtherPercentage>:</odohteu:OtherPercentage>
 <odohteu:UnknownN>35</odohteu:UnknownN>
    <odohteu:UnknownPercentage>13</odohteu:UnknownPercentage>
    <odohteu:TotalN>277</odohteu:TotalN>
  </row>
  <row>
    <odohteu:Country>ES</odohteu:Country>
    <odohteu:OwnCountryN>19</odohteu:OwnCountryN>
    <odohteu:OwnCountryPercentage>4</odohteu:OwnCountryPercentage>
    <odohteu:OtherEUCountryN>148</odohteu:OtherEUCountryN>
    <odohteu:OtherEUCountryPercentage>32</odohteu:OtherEUCountryPercentage>
    <odohteu:Non-EUCountryN>291</odohteu:Non-EUCountryN>
    <odohteu:Non-EUCountryPercentage>64</odohteu:Non-EUCountryPercentage>
    <odohteu:OtherN>:</odohteu:OtherN>
    <odohteu:OtherPercentage>:</odohteu:OtherPercentage>
   <odohteu:UnknownN>:</odohteu:UnknownN>
    <odohteu:UnknownPercentage>:</odohteu:UnknownPercentage>
    <odohteu:TotalN>458</odohteu:TotalN>
  </row>
  <row>
     <odohteu:Country>FR</odohteu:Country>
     <odohteu:ChildN>796</odohteu:ChildN>
    <odohteu:ChildPercentage>28</odohteu:ChildPercentage>
    <odohteu:AdultN>2 050</odohteu:AdultN>
    <odohteu:AdultPercentage>72</odohteu:AdultPercentage>
    <odohteu:UnknownN>17</odohteu:UnknownN>
    <odohteu:UnknownPercentage>1</odohteu:UnknownPercentage>
    <odohteu:TotalN>2 846</odohteu:TotalN>
    <odohteu:UnknownN>17</odohteu:UnknownN>
    <odohteu:UnknownPercentage>1</odohteu:UnknownPercentage>
    <odohteu:TotalN>2 846</odohteu:TotalN>
    
  </row>
  <row>
     <odohteu:Country>HR</odohteu:Country>
    <odohteu:OwnCountryN>33</odohteu:OwnCountryN>
    <odohteu:OwnCountryPercentage>31</odohteu:OwnCountryPercentage>
    <odohteu:OtherEUCountryN>2</odohteu:OtherEUCountryN>
    <odohteu:OtherEUCountryPercentage>2</odohteu:OtherEUCountryPercentage>
    <odohteu:Non-EUCountryN>70</odohteu:Non-EUCountryN>
    <odohteu:Non-EUCountryPercentage>67</odohteu:Non-EUCountryPercentage>
    <odohteu:OtherN>:</odohteu:OtherN>
    <odohteu:OtherPercentage>:</odohteu:OtherPercentage>
 <odohteu:UnknownN>:</odohteu:UnknownN>
    <odohteu:UnknownPercentage>:</odohteu:UnknownPercentage>
    <odohteu:TotalN>105</odohteu:TotalN>
  </row>
  <row>
   <odohteu:Country>IT</odohteu:Country>
     <odohteu:OwnCountryN>:</odohteu:OwnCountryN>
    <odohteu:OwnCountryPercentage>:</odohteu:OwnCountryPercentage>
    <odohteu:OtherEUCountryN>92</odohteu:OtherEUCountryN>
    <odohteu:OtherEUCountryPercentage>5</odohteu:OtherEUCountryPercentage>
    <odohteu:Non-EUCountryN>1 750</odohteu:Non-EUCountryN>
    <odohteu:Non-EUCountryPercentage>88</odohteu:Non-EUCountryPercentage>
    <odohteu:OtherN>146</odohteu:OtherN>
    <odohteu:OtherPercentage>7</odohteu:OtherPercentage>
<odohteu:UnknownN>:</odohteu:UnknownN>
    <odohteu:UnknownPercentage>:</odohteu:UnknownPercentage>
    <odohteu:TotalN>1 988</odohteu:TotalN>
    
  </row>
  <row>
     <odohteu:Country>CY</odohteu:Country>
    <odohteu:OwnCountryN>5</odohteu:OwnCountryN>
    <odohteu:OwnCountryPercentage>2</odohteu:OwnCountryPercentage>
    <odohteu:OtherEUCountryN>65</odohteu:OtherEUCountryN>
    <odohteu:OtherEUCountryPercentage>22</odohteu:OtherEUCountryPercentage>
    <odohteu:Non-EUCountryN>220</odohteu:Non-EUCountryN>
    <odohteu:Non-EUCountryPercentage>76</odohteu:Non-EUCountryPercentage>
    <odohteu:OtherN>:</odohteu:OtherN>
    <odohteu:OtherPercentage>:</odohteu:OtherPercentage>
   <odohteu:UnknownN>:</odohteu:UnknownN>
    <odohteu:UnknownPercentage>:</odohteu:UnknownPercentage>
    <odohteu:TotalN>290</odohteu:TotalN>
  </row>
  <row>
    <odohteu:Country>LV</odohteu:Country>
   <odohteu:OwnCountryN>46</odohteu:OwnCountryN>
    <odohteu:OwnCountryPercentage>96</odohteu:OwnCountryPercentage>
    <odohteu:OtherEUCountryN>:</odohteu:OtherEUCountryN>
    <odohteu:OtherEUCountryPercentage>:</odohteu:OtherEUCountryPercentage>
    <odohteu:Non-EUCountryN>2</odohteu:Non-EUCountryN>
    <odohteu:Non-EUCountryPercentage>4</odohteu:Non-EUCountryPercentage>
    <odohteu:OtherN>:</odohteu:OtherN>
    <odohteu:OtherPercentage>:</odohteu:OtherPercentage>
 <odohteu:UnknownN>:</odohteu:UnknownN>
    <odohteu:UnknownPercentage>:</odohteu:UnknownPercentage>
    <odohteu:TotalN>48</odohteu:TotalN>
    
  </row>
  <row>
    <odohteu:Country>LT</odohteu:Country>
     <odohteu:OwnCountryN>84</odohteu:OwnCountryN>
    <odohteu:OwnCountryPercentage>81</odohteu:OwnCountryPercentage>
    <odohteu:OtherEUCountryN>:</odohteu:OtherEUCountryN>
    <odohteu:OtherEUCountryPercentage>:</odohteu:OtherEUCountryPercentage>
    <odohteu:Non-EUCountryN>20</odohteu:Non-EUCountryN>
    <odohteu:Non-EUCountryPercentage>19</odohteu:Non-EUCountryPercentage>
    <odohteu:OtherN>:</odohteu:OtherN>
    <odohteu:OtherPercentage>:</odohteu:OtherPercentage>
 <odohteu:UnknownN>:</odohteu:UnknownN>
    <odohteu:UnknownPercentage>:</odohteu:UnknownPercentage>
    <odohteu:TotalN>104</odohteu:TotalN>
  </row>
  <row>
    <odohteu:Country>LU</odohteu:Country>
    <odohteu:OwnCountryN>:</odohteu:OwnCountryN>
    <odohteu:OwnCountryPercentage>:</odohteu:OwnCountryPercentage>
    <odohteu:OtherEUCountryN>7</odohteu:OtherEUCountryN>
    <odohteu:OtherEUCountryPercentage>23</odohteu:OtherEUCountryPercentage>
    <odohteu:Non-EUCountryN>24</odohteu:Non-EUCountryN>
    <odohteu:Non-EUCountryPercentage>77</odohteu:Non-EUCountryPercentage>
    <odohteu:OtherN>:</odohteu:OtherN>
    <odohteu:OtherPercentage>:</odohteu:OtherPercentage>
 <odohteu:UnknownN>:</odohteu:UnknownN>
    <odohteu:UnknownPercentage>:</odohteu:UnknownPercentage>
    <odohteu:TotalN>31</odohteu:TotalN>
  </row>
  <row>
    <odohteu:Country>HU</odohteu:Country>
      <odohteu:OwnCountryN>915</odohteu:OwnCountryN>
    <odohteu:OwnCountryPercentage>98</odohteu:OwnCountryPercentage>
    <odohteu:OtherEUCountryN>11</odohteu:OtherEUCountryN>
    <odohteu:OtherEUCountryPercentage>1</odohteu:OtherEUCountryPercentage>
    <odohteu:Non-EUCountryN>8</odohteu:Non-EUCountryN>
    <odohteu:Non-EUCountryPercentage>1</odohteu:Non-EUCountryPercentage>
    <odohteu:OtherN>:</odohteu:OtherN>
    <odohteu:OtherPercentage>:</odohteu:OtherPercentage>
 <odohteu:UnknownN>:</odohteu:UnknownN>
    <odohteu:UnknownPercentage>:</odohteu:UnknownPercentage>
    <odohteu:TotalN>934</odohteu:TotalN>
  </row>
  <row>
    <odohteu:Country>MT</odohteu:Country>
    <odohteu:OwnCountryN>1</odohteu:OwnCountryN>
    <odohteu:OwnCountryPercentage>2</odohteu:OwnCountryPercentage>
    <odohteu:OtherEUCountryN>2</odohteu:OtherEUCountryN>
    <odohteu:OtherEUCountryPercentage>5</odohteu:OtherEUCountryPercentage>
    <odohteu:Non-EUCountryN>37</odohteu:Non-EUCountryN>
    <odohteu:Non-EUCountryPercentage>93</odohteu:Non-EUCountryPercentage>
    <odohteu:OtherN>:</odohteu:OtherN>
    <odohteu:OtherPercentage>:</odohteu:OtherPercentage>
 <odohteu:UnknownN>:</odohteu:UnknownN>
    <odohteu:UnknownPercentage>:</odohteu:UnknownPercentage>
    <odohteu:TotalN>40</odohteu:TotalN>
  </row>
  <row>
     <odohteu:Country>NL</odohteu:Country>
      <odohteu:OwnCountryN>510</odohteu:OwnCountryN>
    <odohteu:OwnCountryPercentage>32</odohteu:OwnCountryPercentage>
    <odohteu:OtherEUCountryN>322</odohteu:OtherEUCountryN>
    <odohteu:OtherEUCountryPercentage>20</odohteu:OtherEUCountryPercentage>
    <odohteu:Non-EUCountryN>753</odohteu:Non-EUCountryN>
    <odohteu:Non-EUCountryPercentage>46</odohteu:Non-EUCountryPercentage>
    <odohteu:OtherN>:</odohteu:OtherN>
    <odohteu:OtherPercentage>:</odohteu:OtherPercentage>
   <odohteu:UnknownN>39</odohteu:UnknownN>
    <odohteu:UnknownPercentage>2</odohteu:UnknownPercentage>
    <odohteu:TotalN>1 624</odohteu:TotalN>
  </row>
  <row>
    <odohteu:Country>AT</odohteu:Country>
    <odohteu:OwnCountryN>23</odohteu:OwnCountryN>
    <odohteu:OwnCountryPercentage>3</odohteu:OwnCountryPercentage>
    <odohteu:OtherEUCountryN>257</odohteu:OtherEUCountryN>
    <odohteu:OtherEUCountryPercentage>31</odohteu:OtherEUCountryPercentage>
    <odohteu:Non-EUCountryN>512</odohteu:Non-EUCountryN>
    <odohteu:Non-EUCountryPercentage>61</odohteu:Non-EUCountryPercentage>
    <odohteu:OtherN>41</odohteu:OtherN>
    <odohteu:OtherPercentage>5</odohteu:OtherPercentage>
 <odohteu:UnknownN>5</odohteu:UnknownN>
    <odohteu:UnknownPercentage>0</odohteu:UnknownPercentage>
    <odohteu:TotalN>838</odohteu:TotalN>
  </row>
  <row>
    <odohteu:Country>PL</odohteu:Country>
    <odohteu:OwnCountryN>330</odohteu:OwnCountryN>
    <odohteu:OwnCountryPercentage>49</odohteu:OwnCountryPercentage>
    <odohteu:OtherEUCountryN>44</odohteu:OtherEUCountryN>
    <odohteu:OtherEUCountryPercentage>7</odohteu:OtherEUCountryPercentage>
    <odohteu:Non-EUCountryN>266</odohteu:Non-EUCountryN>
    <odohteu:Non-EUCountryPercentage>39</odohteu:Non-EUCountryPercentage>
    <odohteu:OtherN>:</odohteu:OtherN>
    <odohteu:OtherPercentage>:</odohteu:OtherPercentage>
<odohteu:UnknownN>35</odohteu:UnknownN>
    <odohteu:UnknownPercentage>5</odohteu:UnknownPercentage>
    <odohteu:TotalN>675</odohteu:TotalN>
  </row>
  <row>
    <odohteu:Country>PT</odohteu:Country>
    <odohteu:OwnCountryN>47</odohteu:OwnCountryN>
    <odohteu:OwnCountryPercentage>21</odohteu:OwnCountryPercentage>
    <odohteu:OtherEUCountryN>36</odohteu:OtherEUCountryN>
    <odohteu:OtherEUCountryPercentage>16</odohteu:OtherEUCountryPercentage>
    <odohteu:Non-EUCountryN>136</odohteu:Non-EUCountryN>
    <odohteu:Non-EUCountryPercentage>61</odohteu:Non-EUCountryPercentage>
    <odohteu:OtherN>2</odohteu:OtherN>
    <odohteu:OtherPercentage>1</odohteu:OtherPercentage>
<odohteu:UnknownN>3</odohteu:UnknownN>
    <odohteu:UnknownPercentage>1</odohteu:UnknownPercentage>
    <odohteu:TotalN>224</odohteu:TotalN>
  </row>
  <row>
    <odohteu:Country>RO</odohteu:Country>
    <odohteu:OwnCountryN>1 157</odohteu:OwnCountryN>
    <odohteu:OwnCountryPercentage>100</odohteu:OwnCountryPercentage>
    <odohteu:OtherEUCountryN>1</odohteu:OtherEUCountryN>
    <odohteu:OtherEUCountryPercentage>0</odohteu:OtherEUCountryPercentage>
    <odohteu:Non-EUCountryN>1</odohteu:Non-EUCountryN>
    <odohteu:Non-EUCountryPercentage>0</odohteu:Non-EUCountryPercentage>
    <odohteu:OtherN>:</odohteu:OtherN>
    <odohteu:OtherPercentage>:</odohteu:OtherPercentage>
 <odohteu:UnknownN>:</odohteu:UnknownN>
    <odohteu:UnknownPercentage>:</odohteu:UnknownPercentage>
    <odohteu:TotalN>1 159</odohteu:TotalN>
  </row>
  <row>
   <odohteu:Country>SI</odohteu:Country>
       <odohteu:OwnCountryN>4</odohteu:OwnCountryN>
    <odohteu:OwnCountryPercentage>2</odohteu:OwnCountryPercentage>
    <odohteu:OtherEUCountryN>66</odohteu:OtherEUCountryN>
    <odohteu:OtherEUCountryPercentage>40</odohteu:OtherEUCountryPercentage>
    <odohteu:Non-EUCountryN>84</odohteu:Non-EUCountryN>
    <odohteu:Non-EUCountryPercentage>50</odohteu:Non-EUCountryPercentage>
    <odohteu:OtherN>2</odohteu:OtherN>
    <odohteu:OtherPercentage>1</odohteu:OtherPercentage>
  <odohteu:UnknownN>11</odohteu:UnknownN>
    <odohteu:UnknownPercentage>7</odohteu:UnknownPercentage>
    <odohteu:TotalN>167</odohteu:TotalN>
  </row>
  <row>
    <odohteu:Country>SK</odohteu:Country>
     <odohteu:OwnCountryN>140</odohteu:OwnCountryN>
    <odohteu:OwnCountryPercentage>97</odohteu:OwnCountryPercentage>
    <odohteu:OtherEUCountryN>2</odohteu:OtherEUCountryN>
    <odohteu:OtherEUCountryPercentage>1</odohteu:OtherEUCountryPercentage>
    <odohteu:Non-EUCountryN>2</odohteu:Non-EUCountryN>
    <odohteu:Non-EUCountryPercentage>2</odohteu:Non-EUCountryPercentage>
    <odohteu:OtherN>:</odohteu:OtherN>
    <odohteu:OtherPercentage>:</odohteu:OtherPercentage>
<odohteu:UnknownN>:</odohteu:UnknownN>
    <odohteu:UnknownPercentage>:</odohteu:UnknownPercentage>
    <odohteu:TotalN>144</odohteu:TotalN>
  </row>
  <row>
    <odohteu:Country>FI</odohteu:Country>
      <odohteu:OwnCountryN>15</odohteu:OwnCountryN>
    <odohteu:OwnCountryPercentage>9</odohteu:OwnCountryPercentage>
    <odohteu:OtherEUCountryN>12</odohteu:OtherEUCountryN>
    <odohteu:OtherEUCountryPercentage>7</odohteu:OtherEUCountryPercentage>
    <odohteu:Non-EUCountryN>141</odohteu:Non-EUCountryN>
    <odohteu:Non-EUCountryPercentage>81</odohteu:Non-EUCountryPercentage>
    <odohteu:OtherN>:</odohteu:OtherN>
    <odohteu:OtherPercentage>:</odohteu:OtherPercentage>
<odohteu:UnknownN>5</odohteu:UnknownN>
    <odohteu:UnknownPercentage>3</odohteu:UnknownPercentage>
    <odohteu:TotalN>173</odohteu:TotalN>
  </row>
  <row>
  <odohteu:Country>SE</odohteu:Country>
    <odohteu:OwnCountryN>:</odohteu:OwnCountryN>
    <odohteu:OwnCountryPercentage>:</odohteu:OwnCountryPercentage>
    <odohteu:OtherEUCountryN>:</odohteu:OtherEUCountryN>
    <odohteu:OtherEUCountryPercentage>:</odohteu:OtherEUCountryPercentage>
    <odohteu:Non-EUCountryN>:</odohteu:Non-EUCountryN>
    <odohteu:Non-EUCountryPercentage>:</odohteu:Non-EUCountryPercentage>
    <odohteu:OtherN>:</odohteu:OtherN>
    <odohteu:OtherPercentage>:</odohteu:OtherPercentage>
 <odohteu:UnknownN>:</odohteu:UnknownN>
    <odohteu:UnknownPercentage>:</odohteu:UnknownPercentage>
    <odohteu:TotalN>:</odohteu:TotalN>
  </row>
  <row>
    <odohteu:Country>UK</odohteu:Country>
     <odohteu:OwnCountryN>2 444</odohteu:OwnCountryN>
    <odohteu:OwnCountryPercentage>20</odohteu:OwnCountryPercentage>
    <odohteu:OtherEUCountryN>1 500</odohteu:OtherEUCountryN>
    <odohteu:OtherEUCountryPercentage>12</odohteu:OtherEUCountryPercentage>
    <odohteu:Non-EUCountryN>8 168</odohteu:Non-EUCountryN>
    <odohteu:Non-EUCountryPercentage>68</odohteu:Non-EUCountryPercentage>
    <odohteu:OtherN>1</odohteu:OtherN>
    <odohteu:OtherPercentage>0</odohteu:OtherPercentage>
  <odohteu:UnknownN>4</odohteu:UnknownN>
    <odohteu:UnknownPercentage>0</odohteu:UnknownPercentage>
    <odohteu:TotalN>12 117</odohteu:TotalN>
  </row>
</odohteu:root>
</odohteu:rdf:RDF>