[
 {
   "Country": "BE",
   "Own Country N": ":",
   "Own Country %": ":",
   "Other EU Country N": "38",
   "Other EU Country %": "14",
   "Non-EU Country N": "234",
   "Non-EU Country %": "86",
   "Other N": "1",
   "Other %": "0",
   "Unknown N": "1",
   "Unknown %": "0",
   "Total N": "274"
 },
 {
   "Country": "BG",
   "Own Country N": "27",
   "Own Country %": "96",
   "Other EU Country N": ":",
   "Other EU Country %": ":",
   "Non-EU Country N": ":",
   "Non-EU Country %": ":",
   "Other N": ":",
   "Other %": ":",
   "Unknown N": "1",
   "Unknown %": "4",
   "Total N": "28"
 },
 {
   "Country": "CZ",
   "Own Country N": ":",
   "Own Country %": ":",
   "Other EU Country N": ":",
   "Other EU Country %": ":",
   "Non-EU Country N": ":",
   "Non-EU Country %": ":",
   "Other N": ":",
   "Other %": ":",
   "Unknown N": ":",
   "Unknown %": ":",
   "Total N": ":"
 },
 {
   "Country": "DK",
   "Own Country N": "1",
   "Own Country %": "1",
   "Other EU Country N": "8",
   "Other EU Country %": "4",
   "Non-EU Country N": "186",
   "Non-EU Country %": "95",
   "Other N": ":",
   "Other %": ":",
   "Unknown N": ":",
   "Unknown %": ":",
   "Total N": "195"
 },
 {
   "Country": "DE",
   "Own Country N": "339",
   "Own Country %": "25",
   "Other EU Country N": "579",
   "Other EU Country %": "42",
   "Non-EU Country N": "342",
   "Non-EU Country %": "25",
   "Other N": "32",
   "Other %": "2",
   "Unknown N": "88",
   "Unknown %": "6",
   "Total N": "1 380"
 },
 {
   "Country": "EE",
   "Own Country N": "18",
   "Own Country %": "82",
   "Other EU Country N": ":",
   "Other EU Country %": ":",
   "Non-EU Country N": "4",
   "Non-EU Country %": "18",
   "Other N": ":",
   "Other %": ":",
   "Unknown N": ":",
   "Unknown %": ":",
   "Total N": "22"
 },
 {
   "Country": "IE",
   "Own Country N": "0",
   "Own Country %": "0",
   "Other EU Country N": "40",
   "Other EU Country %": "40",
   "Non-EU Country N": "61",
   "Non-EU Country %": "60",
   "Other N": ":",
   "Other %": ":",
   "Unknown N": ":",
   "Unknown %": ":",
   "Total N": "101"
 },
 {
   "Country": "EL",
   "Own Country N": "16",
   "Own Country %": "6",
   "Other EU Country N": "40",
   "Other EU Country %": "14",
   "Non-EU Country N": "186",
   "Non-EU Country %": "67",
   "Other N": ":",
   "Other %": ":",
   "Unknown N": "35",
   "Unknown %": "13",
   "Total N": "277"
 },
 {
   "Country": "ES",
   "Own Country N": "19",
   "Own Country %": "4",
   "Other EU Country N": "148",
   "Other EU Country %": "32",
   "Non-EU Country N": "291",
   "Non-EU Country %": "64",
   "Other N": ":",
   "Other %": ":",
   "Unknown N": ":",
   "Unknown %": ":",
   "Total N": "458"
 },
 {
   "Country": "FR",
   "Own Country N": "1 039",
   "Own Country %": "36",
   "Other EU Country N": "414",
   "Other EU Country %": "15",
   "Non-EU Country N": "1 085",
   "Non-EU Country %": "38",
   "Other N": "291",
   "Other %": "10",
   "Unknown N": "17",
   "Unknown %": "1",
   "Total N": "2 846"
 },
 {
   "Country": "HR",
   "Own Country N": "33",
   "Own Country %": "31",
   "Other EU Country N": "2",
   "Other EU Country %": "2",
   "Non-EU Country N": "70",
   "Non-EU Country %": "67",
   "Other N": ":",
   "Other %": ":",
   "Unknown N": ":",
   "Unknown %": ":",
   "Total N": "105"
 },
 {
   "Country": "IT",
   "Own Country N": ":",
   "Own Country %": ":",
   "Other EU Country N": "92",
   "Other EU Country %": "5",
   "Non-EU Country N": "1 750",
   "Non-EU Country %": "88",
   "Other N": "146",
   "Other %": "7",
   "Unknown N": ":",
   "Unknown %": ":",
   "Total N": "1 988"
 },
 {
   "Country": "CY",
   "Own Country N": "5",
   "Own Country %": "2",
   "Other EU Country N": "65",
   "Other EU Country %": "22",
   "Non-EU Country N": "220",
   "Non-EU Country %": "76",
   "Other N": ":",
   "Other %": ":",
   "Unknown N": ":",
   "Unknown %": ":",
   "Total N": "290"
 },
 {
   "Country": "LV",
   "Own Country N": "46",
   "Own Country %": "96",
   "Other EU Country N": ":",
   "Other EU Country %": ":",
   "Non-EU Country N": "2",
   "Non-EU Country %": "4",
   "Other N": ":",
   "Other %": ":",
   "Unknown N": ":",
   "Unknown %": ":",
   "Total N": "48"
 },
 {
   "Country": "LT",
   "Own Country N": "84",
   "Own Country %": "81",
   "Other EU Country N": ":",
   "Other EU Country %": ":",
   "Non-EU Country N": "20",
   "Non-EU Country %": "19",
   "Other N": ":",
   "Other %": ":",
   "Unknown N": ":",
   "Unknown %": ":",
   "Total N": "104"
 },
 {
   "Country": "LU",
   "Own Country N": ":",
   "Own Country %": ":",
   "Other EU Country N": "7",
   "Other EU Country %": "23",
   "Non-EU Country N": "24",
   "Non-EU Country %": "77",
   "Other N": ":",
   "Other %": ":",
   "Unknown N": ":",
   "Unknown %": ":",
   "Total N": "31"
 },
 {
   "Country": "HU",
   "Own Country N": "915",
   "Own Country %": "98",
   "Other EU Country N": "11",
   "Other EU Country %": "1",
   "Non-EU Country N": "8",
   "Non-EU Country %": "1",
   "Other N": ":",
   "Other %": ":",
   "Unknown N": ":",
   "Unknown %": ":",
   "Total N": "934"
 },
 {
   "Country": "MT",
   "Own Country N": "1",
   "Own Country %": "2",
   "Other EU Country N": "2",
   "Other EU Country %": "5",
   "Non-EU Country N": "37",
   "Non-EU Country %": "93",
   "Other N": ":",
   "Other %": ":",
   "Unknown N": ":",
   "Unknown %": ":",
   "Total N": "40"
 },
 {
   "Country": "NL",
   "Own Country N": "510",
   "Own Country %": "32",
   "Other EU Country N": "322",
   "Other EU Country %": "20",
   "Non-EU Country N": "753",
   "Non-EU Country %": "46",
   "Other N": ":",
   "Other %": ":",
   "Unknown N": "39",
   "Unknown %": "2",
   "Total N": "1 624"
 },
 {
   "Country": "AT",
   "Own Country N": "23",
   "Own Country %": "3",
   "Other EU Country N": "257",
   "Other EU Country %": "31",
   "Non-EU Country N": "512",
   "Non-EU Country %": "61",
   "Other N": "41",
   "Other %": "5",
   "Unknown N": "5",
   "Unknown %": "0",
   "Total N": "838"
 },
 {
   "Country": "PL",
   "Own Country N": "330",
   "Own Country %": "49",
   "Other EU Country N": "44",
   "Other EU Country %": "7",
   "Non-EU Country N": "266",
   "Non-EU Country %": "39",
   "Other N": ":",
   "Other %": ":",
   "Unknown N": "35",
   "Unknown %": "5",
   "Total N": "675"
 },
 {
   "Country": "PT",
   "Own Country N": "47",
   "Own Country %": "21",
   "Other EU Country N": "36",
   "Other EU Country %": "16",
   "Non-EU Country N": "136",
   "Non-EU Country %": "61",
   "Other N": "2",
   "Other %": "1",
   "Unknown N": "3",
   "Unknown %": "1",
   "Total N": "224"
 },
 {
   "Country": "RO",
   "Own Country N": "1 157",
   "Own Country %": "100",
   "Other EU Country N": "1",
   "Other EU Country %": "0",
   "Non-EU Country N": "1",
   "Non-EU Country %": "0",
   "Other N": ":",
   "Other %": ":",
   "Unknown N": ":",
   "Unknown %": ":",
   "Total N": "1 159"
 },
 {
   "Country": "SI",
   "Own Country N": "4",
   "Own Country %": "2",
   "Other EU Country N": "66",
   "Other EU Country %": "40",
   "Non-EU Country N": "84",
   "Non-EU Country %": "50",
   "Other N": "2",
   "Other %": "1",
   "Unknown N": "11",
   "Unknown %": "7",
   "Total N": "167"
 },
 {
   "Country": "SK",
   "Own Country N": "140",
   "Own Country %": "97",
   "Other EU Country N": "2",
   "Other EU Country %": "1",
   "Non-EU Country N": "2",
   "Non-EU Country %": "2",
   "Other N": ":",
   "Other %": ":",
   "Unknown N": ":",
   "Unknown %": ":",
   "Total N": "144"
 },
 {
   "Country": "FI",
   "Own Country N": "15",
   "Own Country %": "9",
   "Other EU Country N": "12",
   "Other EU Country %": "7",
   "Non-EU Country N": "141",
   "Non-EU Country %": "81",
   "Other N": ":",
   "Other %": ":",
   "Unknown N": "5",
   "Unknown %": "3",
   "Total N": "173"
 },
 {
   "Country": "SE",
   "Own Country N": ":",
   "Own Country %": ":",
   "Other EU Country N": ":",
   "Other EU Country %": ":",
   "Non-EU Country N": ":",
   "Non-EU Country %": ":",
   "Other N": ":",
   "Other %": ":",
   "Unknown N": ":",
   "Unknown %": ":",
   "Total N": ":"
 },
 {
   "Country": "UK",
   "Own Country N": "2 444",
   "Own Country %": "20",
   "Other EU Country N": "1 500",
   "Other EU Country %": "12",
   "Non-EU Country N": "8 168",
   "Non-EU Country %": "68",
   "Other N": "1",
   "Other %": "0",
   "Unknown N": "4",
   "Unknown %": "0",
   "Total N": "12 117"
 }
]