<?xml version="1.0" encoding="UTF-8"?>
<rdf:RDF xmlns:odohteu="http://www.odohteu.github.io/" xmlns:rdf="http://www.w3.org/1999/02/22-rdf-syntax-ns#">
<root>
  <row>
   <odohteu:Country>BE</odohteu:Country>
    <odohteu:ChildN>24</odohteu:ChildN>
    <odohteu:ChildPercentage>9</odohteu:ChildPercentage>
    <odohteu:AdultN>250</odohteu:AdultN>
    <odohteu:AdultPercentage>91</odohteu:AdultPercentage>
    <odohteu:UnknownN>1</odohteu:UnknownN>
    <odohteu:UnknownPercentage>0</odohteu:UnknownPercentage>
    <odohteu:TotalN>274</odohteu:TotalN>
  </row>
  <row>
      <odohteu:Country>BG</odohteu:Country>
    <odohteu:ChildN>7</odohteu:ChildN>
    <odohteu:ChildPercentage>25</odohteu:ChildPercentage>
    <odohteu:AdultN>21</odohteu:AdultN>
    <odohteu:AdultPercentage>75</odohteu:AdultPercentage>
    <odohteu:UnknownN>1</odohteu:UnknownN>
    <odohteu:UnknownPercentage>4</odohteu:UnknownPercentage>
    <odohteu:TotalN>28</odohteu:TotalN>
  </row>
  <row>
   <odohteu:Country>CZ</odohteu:Country>
     <odohteu:ChildN>:</odohteu:ChildN>
    <odohteu:ChildPercentage>:</odohteu:ChildPercentage>
    <odohteu:AdultN>:</odohteu:AdultN>
    <odohteu:AdultPercentage>:</odohteu:AdultPercentage>
    <odohteu:UnknownN>:</odohteu:UnknownN>
    <odohteu:UnknownPercentage>:</odohteu:UnknownPercentage>
    <odohteu:TotalN>:</odohteu:TotalN>
  </row>
  <row>
   <odohteu:Country>DK</odohteu:Country>
    <odohteu:ChildN>13</odohteu:ChildN>
    <odohteu:ChildPercentage>7</odohteu:ChildPercentage>
    <odohteu:AdultN>182</odohteu:AdultN>
    <odohteu:AdultPercentage>93</odohteu:AdultPercentage>
    <odohteu:UnknownN>:</odohteu:UnknownN>
    <odohteu:UnknownPercentage>:</odohteu:UnknownPercentage>
    <odohteu:TotalN>195</odohteu:TotalN>
  </row>
  <row>
    <odohteu:Country>DE</odohteu:Country>
   <odohteu:ChildN>335</odohteu:ChildN>
    <odohteu:ChildPercentage>24</odohteu:ChildPercentage>
    <odohteu:AdultN>955</odohteu:AdultN>
    <odohteu:AdultPercentage>69</odohteu:AdultPercentage>
    <odohteu:UnknownN>88</odohteu:UnknownN>
    <odohteu:UnknownPercentage>6</odohteu:UnknownPercentage>
    <odohteu:TotalN>1 380</odohteu:TotalN>
  </row>
  <row>
     <odohteu:Country>EE</odohteu:Country>
     <odohteu:ChildN>11</odohteu:ChildN>
    <odohteu:ChildPercentage>50</odohteu:ChildPercentage>
    <odohteu:AdultN>11</odohteu:AdultN>
    <odohteu:AdultPercentage>50</odohteu:AdultPercentage>
    <odohteu:UnknownN>:</odohteu:UnknownN>
    <odohteu:UnknownPercentage>:</odohteu:UnknownPercentage>
    <odohteu:TotalN>22</odohteu:TotalN>
  </row>
  <row>
    <odohteu:Country>IE</odohteu:Country>
     <odohteu:ChildN>0</odohteu:ChildN>
    <odohteu:ChildPercentage>0</odohteu:ChildPercentage>
    <odohteu:AdultN>182</odohteu:AdultN>
    <odohteu:AdultPercentage>100</odohteu:AdultPercentage>
    <odohteu:UnknownN>:</odohteu:UnknownN>
    <odohteu:UnknownPercentage>:</odohteu:UnknownPercentage>
    <odohteu:TotalN>101</odohteu:TotalN>
  </row>
  <row>
    <odohteu:Country>EL</odohteu:Country>
 <odohteu:ChildN>79</odohteu:ChildN>
    <odohteu:ChildPercentage>29</odohteu:ChildPercentage>
    <odohteu:AdultN>194</odohteu:AdultN>
    <odohteu:AdultPercentage>71</odohteu:AdultPercentage>
    <odohteu:UnknownN>35</odohteu:UnknownN>
    <odohteu:UnknownPercentage>13</odohteu:UnknownPercentage>
    <odohteu:TotalN>273</odohteu:TotalN>
  </row>
  <row>
  <odohteu:Country>ES</odohteu:Country>
     <odohteu:ChildN>30</odohteu:ChildN>
    <odohteu:ChildPercentage>7</odohteu:ChildPercentage>
    <odohteu:AdultN>428</odohteu:AdultN>
    <odohteu:AdultPercentage>93</odohteu:AdultPercentage>
    <odohteu:UnknownN>:</odohteu:UnknownN>
    <odohteu:UnknownPercentage>:</odohteu:UnknownPercentage>
    <odohteu:TotalN>458</odohteu:TotalN>
  </row>
  <row>
    <odohteu:Country>FR</odohteu:Country>
   <odohteu:ChildN>796</odohteu:ChildN>
    <odohteu:ChildPercentage>28</odohteu:ChildPercentage>
    <odohteu:AdultN>2 050</odohteu:AdultN>
    <odohteu:AdultPercentage>72</odohteu:AdultPercentage>
    <odohteu:UnknownN>17</odohteu:UnknownN>
    <odohteu:UnknownPercentage>1</odohteu:UnknownPercentage>
    <odohteu:TotalN>2 846</odohteu:TotalN>
  </row>
  <row>
     <odohteu:Country>HR</odohteu:Country>
  <odohteu:ChildN>18</odohteu:ChildN>
    <odohteu:ChildPercentage>17</odohteu:ChildPercentage>
    <odohteu:AdultN>87</odohteu:AdultN>
    <odohteu:AdultPercentage>83</odohteu:AdultPercentage>
    <odohteu:UnknownN>:</odohteu:UnknownN>
    <odohteu:UnknownPercentage>:</odohteu:UnknownPercentage>
    <odohteu:TotalN>105</odohteu:TotalN>
  </row>
  <row>
<odohteu:Country>IT</odohteu:Country>
     <odohteu:ChildN>197</odohteu:ChildN>
    <odohteu:ChildPercentage>10</odohteu:ChildPercentage>
    <odohteu:AdultN>1 791</odohteu:AdultN>
    <odohteu:AdultPercentage>90</odohteu:AdultPercentage>
    <odohteu:UnknownN>:</odohteu:UnknownN>
    <odohteu:UnknownPercentage>:</odohteu:UnknownPercentage>
    <odohteu:TotalN>1 988</odohteu:TotalN>
  </row>
  <row>
     <odohteu:Country>CY</odohteu:Country>
  <odohteu:ChildN>22</odohteu:ChildN>
    <odohteu:ChildPercentage>8</odohteu:ChildPercentage>
    <odohteu:AdultN>268</odohteu:AdultN>
    <odohteu:AdultPercentage>92</odohteu:AdultPercentage>
    <odohteu:UnknownN>:</odohteu:UnknownN>
    <odohteu:UnknownPercentage>:</odohteu:UnknownPercentage>
    <odohteu:TotalN>290</odohteu:TotalN>
  </row>
  <row>
    <odohteu:Country>LV</odohteu:Country>
   <odohteu:ChildN>3</odohteu:ChildN>
    <odohteu:ChildPercentage>6</odohteu:ChildPercentage>
    <odohteu:AdultN>45</odohteu:AdultN>
    <odohteu:AdultPercentage>94</odohteu:AdultPercentage>
    <odohteu:UnknownN>:</odohteu:UnknownN>
    <odohteu:UnknownPercentage>:</odohteu:UnknownPercentage>
    <odohteu:TotalN>48</odohteu:TotalN>
  </row>
  <row>
    <odohteu:Country>LT</odohteu:Country>
   <odohteu:ChildN>9</odohteu:ChildN>
    <odohteu:ChildPercentage>9</odohteu:ChildPercentage>
    <odohteu:AdultN>95</odohteu:AdultN>
    <odohteu:AdultPercentage>91</odohteu:AdultPercentage>
    <odohteu:UnknownN>:</odohteu:UnknownN>
    <odohteu:UnknownPercentage>:</odohteu:UnknownPercentage>
    <odohteu:TotalN>104</odohteu:TotalN>
  </row>
  <row>
     <odohteu:Country>LU</odohteu:Country>
     <odohteu:ChildN>2</odohteu:ChildN>
    <odohteu:ChildPercentage>6</odohteu:ChildPercentage>
    <odohteu:AdultN>29</odohteu:AdultN>
    <odohteu:AdultPercentage>94</odohteu:AdultPercentage>
    <odohteu:UnknownN>:</odohteu:UnknownN>
    <odohteu:UnknownPercentage>:</odohteu:UnknownPercentage>
    <odohteu:TotalN>31</odohteu:TotalN>
  </row>
  <row>
    <odohteu:Country>HU</odohteu:Country>
   <odohteu:ChildN>512</odohteu:ChildN>
    <odohteu:ChildPercentage>55</odohteu:ChildPercentage>
    <odohteu:AdultN>422</odohteu:AdultN>
    <odohteu:AdultPercentage>45</odohteu:AdultPercentage>
    <odohteu:UnknownN>:</odohteu:UnknownN>
    <odohteu:UnknownPercentage>:</odohteu:UnknownPercentage>
    <odohteu:TotalN>934</odohteu:TotalN>
  </row>
  <row>
   <odohteu:Country>MT</odohteu:Country>
    <odohteu:ChildN>1</odohteu:ChildN>
    <odohteu:ChildPercentage>2</odohteu:ChildPercentage>
    <odohteu:AdultN>39</odohteu:AdultN>
    <odohteu:AdultPercentage>98</odohteu:AdultPercentage>
    <odohteu:UnknownN>:</odohteu:UnknownN>
    <odohteu:UnknownPercentage>:</odohteu:UnknownPercentage>
    <odohteu:TotalN>40</odohteu:TotalN>
  </row>
  <row>
   <odohteu:Country>NL</odohteu:Country>
    <odohteu:ChildN>256</odohteu:ChildN>
    <odohteu:ChildPercentage>16</odohteu:ChildPercentage>
    <odohteu:AdultN>1 364</odohteu:AdultN>
    <odohteu:AdultPercentage>84</odohteu:AdultPercentage>
    <odohteu:UnknownN>39</odohteu:UnknownN>
    <odohteu:UnknownPercentage>2</odohteu:UnknownPercentage>
    <odohteu:TotalN>1 624</odohteu:TotalN>
  </row>
  <row>
    <odohteu:Country>AT</odohteu:Country>
     <odohteu:ChildN>38</odohteu:ChildN>
    <odohteu:ChildPercentage>5</odohteu:ChildPercentage>
    <odohteu:AdultN>648</odohteu:AdultN>
    <odohteu:AdultPercentage>83</odohteu:AdultPercentage>
    <odohteu:UnknownN>5</odohteu:UnknownN>
    <odohteu:UnknownPercentage>0</odohteu:UnknownPercentage>
    <odohteu:TotalN>838</odohteu:TotalN>
  </row>
  <row>
     <odohteu:Country>PL</odohteu:Country>
   <odohteu:ChildN>30</odohteu:ChildN>
    <odohteu:ChildPercentage>4</odohteu:ChildPercentage>
    <odohteu:AdultN>620</odohteu:AdultN>
    <odohteu:AdultPercentage>92</odohteu:AdultPercentage>
    <odohteu:UnknownN>35</odohteu:UnknownN>
    <odohteu:UnknownPercentage>5</odohteu:UnknownPercentage>
    <odohteu:TotalN>675</odohteu:TotalN>
  </row>
  <row>
    <odohteu:Country>PT</odohteu:Country>
       <odohteu:ChildN>65</odohteu:ChildN>
    <odohteu:ChildPercentage>29</odohteu:ChildPercentage>
    <odohteu:AdultN>157</odohteu:AdultN>
    <odohteu:AdultPercentage>70</odohteu:AdultPercentage>
    <odohteu:UnknownN>3</odohteu:UnknownN>
    <odohteu:UnknownPercentage>1</odohteu:UnknownPercentage>
    <odohteu:TotalN>224</odohteu:TotalN>
  </row>
  <row>
   <odohteu:Country>RO</odohteu:Country>
    <odohteu:ChildN>552</odohteu:ChildN>
    <odohteu:ChildPercentage>48</odohteu:ChildPercentage>
    <odohteu:AdultN>607</odohteu:AdultN>
    <odohteu:AdultPercentage>52</odohteu:AdultPercentage>
    <odohteu:UnknownN>:</odohteu:UnknownN>
    <odohteu:UnknownPercentage>:</odohteu:UnknownPercentage>
    <odohteu:TotalN>1 159</odohteu:TotalN>
  </row>
  <row>
    <odohteu:Country>SI</odohteu:Country>
    <odohteu:ChildN>0</odohteu:ChildN>
    <odohteu:ChildPercentage>0</odohteu:ChildPercentage>
    <odohteu:AdultN>167</odohteu:AdultN>
    <odohteu:AdultPercentage>100</odohteu:AdultPercentage>
    <odohteu:UnknownN>11</odohteu:UnknownN>
    <odohteu:UnknownPercentage>7</odohteu:UnknownPercentage>
    <odohteu:TotalN>167</odohteu:TotalN>
  </row>
  <row>
    <odohteu:Country>SK</odohteu:Country>
    <odohteu:ChildN>23</odohteu:ChildN>
    <odohteu:ChildPercentage>16</odohteu:ChildPercentage>
    <odohteu:AdultN>121</odohteu:AdultN>
    <odohteu:AdultPercentage>84</odohteu:AdultPercentage>
    <odohteu:UnknownN>:</odohteu:UnknownN>
    <odohteu:UnknownPercentage>:</odohteu:UnknownPercentage>
    <odohteu:TotalN>144</odohteu:TotalN>
  </row>
  <row>
     <odohteu:Country>FI</odohteu:Country>
       <odohteu:ChildN>43</odohteu:ChildN>
    <odohteu:ChildPercentage>25</odohteu:ChildPercentage>
    <odohteu:AdultN>123</odohteu:AdultN>
    <odohteu:AdultPercentage>71</odohteu:AdultPercentage>
    <odohteu:UnknownN>5</odohteu:UnknownN>
    <odohteu:UnknownPercentage>3</odohteu:UnknownPercentage>
    <odohteu:TotalN>173</odohteu:TotalN>
  </row>
  <row>
    <odohteu:Country>SE</odohteu:Country>
     <odohteu:ChildN>:</odohteu:ChildN>
    <odohteu:ChildPercentage>:</odohteu:ChildPercentage>
    <odohteu:AdultN>:</odohteu:AdultN>
    <odohteu:AdultPercentage>:</odohteu:AdultPercentage>
    <odohteu:UnknownN>:</odohteu:UnknownN>
    <odohteu:UnknownPercentage>:</odohteu:UnknownPercentage>
    <odohteu:TotalN>:</odohteu:TotalN>
  </row>
  <row>
    <odohteu:Country>UK</odohteu:Country>
    <odohteu:ChildN>5 244</odohteu:ChildN>
    <odohteu:ChildPercentage>43</odohteu:ChildPercentage>
    <odohteu:AdultN>6 879</odohteu:AdultN>
    <odohteu:AdultPercentage>57</odohteu:AdultPercentage>
    <odohteu:UnknownN>4</odohteu:UnknownN>
    <odohteu:UnknownPercentage>0</odohteu:UnknownPercentage>
    <odohteu:TotalN>12 117</odohteu:TotalN>
  </row>
</odohteu:root>
</odohteu:rdf:RDF>