<?xml version="1.0" encoding="UTF-8"?>
<rdf:RDF xmlns:odohteu="http://www.odohteu.github.io/" xmlns:rdf="http://www.w3.org/1999/02/22-rdf-syntax-ns#">
<root>
  <row>
      <odohteu:Country>BE</odohteu:Country>
     <odohteu:GenderMaleN>144</odohteu:GenderMaleN>
    <odohteu:GenderMalePercentage>53</odohteu:GenderMalePercentage>
    <odohteu:GenderFemaleN>130</odohteu:GenderFemaleN>
    <odohteu:GenderFemalePercentage>47</odohteu:GenderFemalePercentage>
    <odohteu:GenderOtherN>0</odohteu:GenderOtherN>
    <odohteu:GenderOtherPercentage>0</odohteu:GenderOtherPercentage>
    <odohteu:GenderUnknownN>0</odohteu:GenderUnknownN>
    <odohteu:GenderUnknownPercentage>0</odohteu:GenderUnknownPercentage>
    <odohteu:GenderTotalN>274</odohteu:GenderTotalN>
  </row>
  <row>
     <odohteu:Country>BG</odohteu:Country>
     <odohteu:GenderMaleN>1</odohteu:GenderMaleN>
    <odohteu:GenderMalePercentage>4</odohteu:GenderMalePercentage>
    <odohteu:GenderFemaleN>27</odohteu:GenderFemaleN>
    <odohteu:GenderFemalePercentage>96</odohteu:GenderFemalePercentage>
    <odohteu:GenderOtherN>0</odohteu:GenderOtherN>
    <odohteu:GenderOtherPercentage>0</odohteu:GenderOtherPercentage>
    <odohteu:GenderUnknownN>0</odohteu:GenderUnknownN>
    <odohteu:GenderUnknownPercentage>0</odohteu:GenderUnknownPercentage>
    <odohteu:GenderTotalN>28</odohteu:GenderTotalN>
   
  </row>
  <row>
     <odohteu:Country>CZ</odohteu:Country>
     <odohteu:GenderMaleN>:</odohteu:GenderMaleN>
    <odohteu:GenderMalePercentage>:</odohteu:GenderMalePercentage>
    <odohteu:GenderFemaleN>:</odohteu:GenderFemaleN>
    <odohteu:GenderFemalePercentage>:</odohteu:GenderFemalePercentage>
    <odohteu:GenderOtherN>:</odohteu:GenderOtherN>
    <odohteu:GenderOtherPercentage>:</odohteu:GenderOtherPercentage>
    <odohteu:GenderUnknownN>:</odohteu:GenderUnknownN>
    <odohteu:GenderUnknownPercentage>:</odohteu:GenderUnknownPercentage>
    <odohteu:GenderTotalN>:</odohteu:GenderTotalN>
  </row>
  <row>
  <odohteu:Country>DK</odohteu:Country>
    <odohteu:GenderMaleN>69</odohteu:GenderMaleN>
    <odohteu:GenderMalePercentage>35</odohteu:GenderMalePercentage>
    <odohteu:GenderFemaleN>121</odohteu:GenderFemaleN>
    <odohteu:GenderFemalePercentage>62</odohteu:GenderFemalePercentage>
    <odohteu:GenderOtherN>5</odohteu:GenderOtherN>
    <odohteu:GenderOtherPercentage>3</odohteu:GenderOtherPercentage>
    <odohteu:GenderUnknownN>0</odohteu:GenderUnknownN>
    <odohteu:GenderUnknownPercentage>0</odohteu:GenderUnknownPercentage>
    <odohteu:GenderTotalN>195</odohteu:GenderTotalN>
  </row>
  <row>
  <odohteu:Country>DE</odohteu:Country>
   <odohteu:GenderMaleN>303</odohteu:GenderMaleN>
    <odohteu:GenderMalePercentage>22</odohteu:GenderMalePercentage>
    <odohteu:GenderFemaleN>1 066</odohteu:GenderFemaleN>
    <odohteu:GenderFemalePercentage>77</odohteu:GenderFemalePercentage>
    <odohteu:GenderOtherN>0</odohteu:GenderOtherN>
    <odohteu:GenderOtherPercentage>0</odohteu:GenderOtherPercentage>
    <odohteu:GenderUnknownN>11</odohteu:GenderUnknownN>
    <odohteu:GenderUnknownPercentage>1</odohteu:GenderUnknownPercentage>
    <odohteu:GenderTotalN>1 380</odohteu:GenderTotalN>
  </row>
  <row>
    <odohteu:Country>EE</odohteu:Country>
     <odohteu:GenderMaleN>3</odohteu:GenderMaleN>
    <odohteu:GenderMalePercentage>14</odohteu:GenderMalePercentage>
    <odohteu:GenderFemaleN>19</odohteu:GenderFemaleN>
    <odohteu:GenderFemalePercentage>86</odohteu:GenderFemalePercentage>
    <odohteu:GenderOtherN>:</odohteu:GenderOtherN>
    <odohteu:GenderOtherPercentage>:</odohteu:GenderOtherPercentage>
    <odohteu:GenderUnknownN>:</odohteu:GenderUnknownN>
    <odohteu:GenderUnknownPercentage>:</odohteu:GenderUnknownPercentage>
    <odohteu:GenderTotalN>22</odohteu:GenderTotalN>
    
  </row>
  <row>
     <odohteu:Country>IE</odohteu:Country>
    <odohteu:GenderMaleN>67</odohteu:GenderMaleN>
    <odohteu:GenderMalePercentage>37</odohteu:GenderMalePercentage>
    <odohteu:GenderFemaleN>115</odohteu:GenderFemaleN>
    <odohteu:GenderFemalePercentage>63</odohteu:GenderFemalePercentage>
    <odohteu:GenderOtherN>0</odohteu:GenderOtherN>
    <odohteu:GenderOtherPercentage>0</odohteu:GenderOtherPercentage>
    <odohteu:GenderUnknownN>0</odohteu:GenderUnknownN>
    <odohteu:GenderUnknownPercentage>0</odohteu:GenderUnknownPercentage>
    <odohteu:GenderTotalN>182</odohteu:GenderTotalN>
  </row>
  <row>
      <odohteu:Country>EL</odohteu:Country>
      <odohteu:GenderMaleN>64</odohteu:GenderMaleN>
    <odohteu:GenderMalePercentage>23</odohteu:GenderMalePercentage>
    <odohteu:GenderFemaleN>209</odohteu:GenderFemaleN>
    <odohteu:GenderFemalePercentage>77</odohteu:GenderFemalePercentage>
    <odohteu:GenderOtherN>0</odohteu:GenderOtherN>
    <odohteu:GenderOtherPercentage>0</odohteu:GenderOtherPercentage>
    <odohteu:GenderUnknownN>0</odohteu:GenderUnknownN>
    <odohteu:GenderUnknownPercentage>0</odohteu:GenderUnknownPercentage>
    <odohteu:GenderTotalN>273</odohteu:GenderTotalN>
  </row>
  <row>
   <odohteu:Country>ES</odohteu:Country>
     <odohteu:GenderMaleN>160</odohteu:GenderMaleN>
    <odohteu:GenderMalePercentage>35</odohteu:GenderMalePercentage>
    <odohteu:GenderFemaleN>298</odohteu:GenderFemaleN>
    <odohteu:GenderFemalePercentage>65</odohteu:GenderFemalePercentage>
    <odohteu:GenderOtherN>:</odohteu:GenderOtherN>
    <odohteu:GenderOtherPercentage>:</odohteu:GenderOtherPercentage>
    <odohteu:GenderUnknownN>:</odohteu:GenderUnknownN>
    <odohteu:GenderUnknownPercentage>:</odohteu:GenderUnknownPercentage>
    <odohteu:GenderTotalN>458</odohteu:GenderTotalN>
  </row>
  <row>
    <odohteu:Country>FR</odohteu:Country>
   <odohteu:GenderMaleN>702</odohteu:GenderMaleN>
    <odohteu:GenderMalePercentage>25</odohteu:GenderMalePercentage>
    <odohteu:GenderFemaleN>2 134</odohteu:GenderFemaleN>
    <odohteu:GenderFemalePercentage>75</odohteu:GenderFemalePercentage>
    <odohteu:GenderOtherN>0</odohteu:GenderOtherN>
    <odohteu:GenderOtherPercentage>0</odohteu:GenderOtherPercentage>
    <odohteu:GenderUnknownN>10</odohteu:GenderUnknownN>
    <odohteu:GenderUnknownPercentage>0</odohteu:GenderUnknownPercentage>
    <odohteu:GenderTotalN>2 846</odohteu:GenderTotalN>
  </row>
  <row>
    <odohteu:Country>HR</odohteu:Country>
   <odohteu:GenderMaleN>64</odohteu:GenderMaleN>
    <odohteu:GenderMalePercentage>61</odohteu:GenderMalePercentage>
    <odohteu:GenderFemaleN>41</odohteu:GenderFemaleN>
    <odohteu:GenderFemalePercentage>39</odohteu:GenderFemalePercentage>
    <odohteu:GenderOtherN>:</odohteu:GenderOtherN>
    <odohteu:GenderOtherPercentage>:</odohteu:GenderOtherPercentage>
    <odohteu:GenderUnknownN>:</odohteu:GenderUnknownN>
    <odohteu:GenderUnknownPercentage>:</odohteu:GenderUnknownPercentage>
    <odohteu:GenderTotalN>105</odohteu:GenderTotalN>
  </row>
  <row>
   <odohteu:Country>IT</odohteu:Country>
   <odohteu:GenderMaleN>229</odohteu:GenderMaleN>
    <odohteu:GenderMalePercentage>11</odohteu:GenderMalePercentage>
    <odohteu:GenderFemaleN>1 743</odohteu:GenderFemaleN>
    <odohteu:GenderFemalePercentage>88</odohteu:GenderFemalePercentage>
    <odohteu:GenderOtherN>16</odohteu:GenderOtherN>
    <odohteu:GenderOtherPercentage>1</odohteu:GenderOtherPercentage>
    <odohteu:GenderUnknownN>0</odohteu:GenderUnknownN>
    <odohteu:GenderUnknownPercentage>0</odohteu:GenderUnknownPercentage>
    <odohteu:GenderTotalN>1 988</odohteu:GenderTotalN>
  </row>
  <row>
   <odohteu:Country>CY</odohteu:Country>
     <odohteu:GenderMaleN>68</odohteu:GenderMaleN>
    <odohteu:GenderMalePercentage>23</odohteu:GenderMalePercentage>
    <odohteu:GenderFemaleN>222</odohteu:GenderFemaleN>
    <odohteu:GenderFemalePercentage>77</odohteu:GenderFemalePercentage>
    <odohteu:GenderOtherN>:</odohteu:GenderOtherN>
    <odohteu:GenderOtherPercentage>:</odohteu:GenderOtherPercentage>
    <odohteu:GenderUnknownN>:</odohteu:GenderUnknownN>
    <odohteu:GenderUnknownPercentage>:</odohteu:GenderUnknownPercentage>
    <odohteu:GenderTotalN>290</odohteu:GenderTotalN>
  </row>
  <row>
    <odohteu:Country>LV</odohteu:Country>
    <odohteu:GenderMaleN>8</odohteu:GenderMaleN>
    <odohteu:GenderMalePercentage>17</odohteu:GenderMalePercentage>
    <odohteu:GenderFemaleN>28</odohteu:GenderFemaleN>
    <odohteu:GenderFemalePercentage>58</odohteu:GenderFemalePercentage>
    <odohteu:GenderOtherN>12</odohteu:GenderOtherN>
    <odohteu:GenderOtherPercentage>25</odohteu:GenderOtherPercentage>
    <odohteu:GenderUnknownN>0</odohteu:GenderUnknownN>
    <odohteu:GenderUnknownPercentage>0</odohteu:GenderUnknownPercentage>
    <odohteu:GenderTotalN>48</odohteu:GenderTotalN>
  </row>
  <row>
    <odohteu:Country>LT</odohteu:Country>
       <odohteu:GenderMaleN>44</odohteu:GenderMaleN>
    <odohteu:GenderMalePercentage>42</odohteu:GenderMalePercentage>
    <odohteu:GenderFemaleN>60</odohteu:GenderFemaleN>
    <odohteu:GenderFemalePercentage>58</odohteu:GenderFemalePercentage>
    <odohteu:GenderOtherN>:</odohteu:GenderOtherN>
    <odohteu:GenderOtherPercentage>:</odohteu:GenderOtherPercentage>
    <odohteu:GenderUnknownN>:</odohteu:GenderUnknownN>
    <odohteu:GenderUnknownPercentage>:</odohteu:GenderUnknownPercentage>
    <odohteu:GenderTotalN>104</odohteu:GenderTotalN>
  </row>
  <row>
    <odohteu:Country>LU</odohteu:Country>
      <odohteu:GenderMaleN>12</odohteu:GenderMaleN>
    <odohteu:GenderMalePercentage>39</odohteu:GenderMalePercentage>
    <odohteu:GenderFemaleN>19</odohteu:GenderFemaleN>
    <odohteu:GenderFemalePercentage>61</odohteu:GenderFemalePercentage>
    <odohteu:GenderOtherN>:</odohteu:GenderOtherN>
    <odohteu:GenderOtherPercentage>:</odohteu:GenderOtherPercentage>
    <odohteu:GenderUnknownN>:</odohteu:GenderUnknownN>
    <odohteu:GenderUnknownPercentage>:</odohteu:GenderUnknownPercentage>
    <odohteu:GenderTotalN>31</odohteu:GenderTotalN>
  </row>
  <row>
     <odohteu:Country>HU</odohteu:Country>
   <odohteu:GenderMaleN>99</odohteu:GenderMaleN>
    <odohteu:GenderMalePercentage>11</odohteu:GenderMalePercentage>
    <odohteu:GenderFemaleN>835</odohteu:GenderFemaleN>
    <odohteu:GenderFemalePercentage>89</odohteu:GenderFemalePercentage>
    <odohteu:GenderOtherN>:</odohteu:GenderOtherN>
    <odohteu:GenderOtherPercentage>:</odohteu:GenderOtherPercentage>
    <odohteu:GenderUnknownN>:</odohteu:GenderUnknownN>
    <odohteu:GenderUnknownPercentage>:</odohteu:GenderUnknownPercentage>
    <odohteu:GenderTotalN>934</odohteu:GenderTotalN>
  </row>
  <row>
     <odohteu:Country>MT</odohteu:Country>
   <odohteu:GenderMaleN>14</odohteu:GenderMaleN>
    <odohteu:GenderMalePercentage>35</odohteu:GenderMalePercentage>
    <odohteu:GenderFemaleN>26</odohteu:GenderFemaleN>
    <odohteu:GenderFemalePercentage>65</odohteu:GenderFemalePercentage>
    <odohteu:GenderOtherN>0</odohteu:GenderOtherN>
    <odohteu:GenderOtherPercentage>0</odohteu:GenderOtherPercentage>
    <odohteu:GenderUnknownN>0</odohteu:GenderUnknownN>
    <odohteu:GenderUnknownPercentage>0</odohteu:GenderUnknownPercentage>
    <odohteu:GenderTotalN>40</odohteu:GenderTotalN>
  </row>
  <row>
    <odohteu:Country>NL</odohteu:Country>
     <odohteu:GenderMaleN>503</odohteu:GenderMaleN>
    <odohteu:GenderMalePercentage>31</odohteu:GenderMalePercentage>
    <odohteu:GenderFemaleN>1 109</odohteu:GenderFemaleN>
    <odohteu:GenderFemalePercentage>68</odohteu:GenderFemalePercentage>
    <odohteu:GenderOtherN>0</odohteu:GenderOtherN>
    <odohteu:GenderOtherPercentage>0</odohteu:GenderOtherPercentage>
    <odohteu:GenderUnknownN>12</odohteu:GenderUnknownN>
    <odohteu:GenderUnknownPercentage>1</odohteu:GenderUnknownPercentage>
    <odohteu:GenderTotalN>1 624</odohteu:GenderTotalN>
  </row>
  <row>
    <odohteu:Country>AT</odohteu:Country>
        <odohteu:GenderMaleN>109</odohteu:GenderMaleN>
    <odohteu:GenderMalePercentage>14</odohteu:GenderMalePercentage>
    <odohteu:GenderFemaleN>672</odohteu:GenderFemaleN>
    <odohteu:GenderFemalePercentage>86</odohteu:GenderFemalePercentage>
    <odohteu:GenderOtherN>0</odohteu:GenderOtherN>
    <odohteu:GenderOtherPercentage>0</odohteu:GenderOtherPercentage>
    <odohteu:GenderUnknownN>0</odohteu:GenderUnknownN>
    <odohteu:GenderUnknownPercentage>0</odohteu:GenderUnknownPercentage>
    <odohteu:GenderTotalN>781</odohteu:GenderTotalN>
  </row>
  <row>
<odohteu:Country>PL</odohteu:Country>
     <odohteu:GenderMaleN>:</odohteu:GenderMaleN>
    <odohteu:GenderMalePercentage>:</odohteu:GenderMalePercentage>
    <odohteu:GenderFemaleN>:</odohteu:GenderFemaleN>
    <odohteu:GenderFemalePercentage>:</odohteu:GenderFemalePercentage>
    <odohteu:GenderOtherN>:</odohteu:GenderOtherN>
    <odohteu:GenderOtherPercentage>:</odohteu:GenderOtherPercentage>
    <odohteu:GenderUnknownN>675</odohteu:GenderUnknownN>
    <odohteu:GenderUnknownPercentage>100</odohteu:GenderUnknownPercentage>
    <odohteu:GenderTotalN>675</odohteu:GenderTotalN>
  </row>
  <row>
    <odohteu:Country>PT</odohteu:Country>
    <odohteu:GenderMaleN>118</odohteu:GenderMaleN>
    <odohteu:GenderMalePercentage>53</odohteu:GenderMalePercentage>
    <odohteu:GenderFemaleN>104</odohteu:GenderFemaleN>
    <odohteu:GenderFemalePercentage>46</odohteu:GenderFemalePercentage>
    <odohteu:GenderOtherN>0</odohteu:GenderOtherN>
    <odohteu:GenderOtherPercentage>0</odohteu:GenderOtherPercentage>
    <odohteu:GenderUnknownN>2</odohteu:GenderUnknownN>
    <odohteu:GenderUnknownPercentage>1</odohteu:GenderUnknownPercentage>
    <odohteu:GenderTotalN>224</odohteu:GenderTotalN>
  </row>
  <row>
    <odohteu:Country>RO</odohteu:Country>
   <odohteu:GenderMaleN>290</odohteu:GenderMaleN>
    <odohteu:GenderMalePercentage>25</odohteu:GenderMalePercentage>
    <odohteu:GenderFemaleN>869</odohteu:GenderFemaleN>
    <odohteu:GenderFemalePercentage>75</odohteu:GenderFemalePercentage>
    <odohteu:GenderOtherN>:</odohteu:GenderOtherN>
    <odohteu:GenderOtherPercentage>:</odohteu:GenderOtherPercentage>
    <odohteu:GenderUnknownN>:</odohteu:GenderUnknownN>
    <odohteu:GenderUnknownPercentage>:</odohteu:GenderUnknownPercentage>
    <odohteu:GenderTotalN>1 159</odohteu:GenderTotalN>
  </row>
  <row>
    <odohteu:Country>SI</odohteu:Country>
    <odohteu:GenderMaleN>32</odohteu:GenderMaleN>
    <odohteu:GenderMalePercentage>19</odohteu:GenderMalePercentage>
    <odohteu:GenderFemaleN>135</odohteu:GenderFemaleN>
    <odohteu:GenderFemalePercentage>81</odohteu:GenderFemalePercentage>
    <odohteu:GenderOtherN>0</odohteu:GenderOtherN>
    <odohteu:GenderOtherPercentage>0</odohteu:GenderOtherPercentage>
    <odohteu:GenderUnknownN>0</odohteu:GenderUnknownN>
    <odohteu:GenderUnknownPercentage>0</odohteu:GenderUnknownPercentage>
    <odohteu:GenderTotalN>167</odohteu:GenderTotalN>
  </row>
  <row>
    <odohteu:Country>SK</odohteu:Country>
    <odohteu:GenderMaleN>52</odohteu:GenderMaleN>
    <odohteu:GenderMalePercentage>36</odohteu:GenderMalePercentage>
    <odohteu:GenderFemaleN>92</odohteu:GenderFemaleN>
    <odohteu:GenderFemalePercentage>64</odohteu:GenderFemalePercentage>
    <odohteu:GenderOtherN>0</odohteu:GenderOtherN>
    <odohteu:GenderOtherPercentage>0</odohteu:GenderOtherPercentage>
    <odohteu:GenderUnknownN>0</odohteu:GenderUnknownN>
    <odohteu:GenderUnknownPercentage>0</odohteu:GenderUnknownPercentage>
    <odohteu:GenderTotalN>144</odohteu:GenderTotalN>
  </row>
  <row>
    <odohteu:Country>FI</odohteu:Country>
   <odohteu:GenderMaleN>67</odohteu:GenderMaleN>
    <odohteu:GenderMalePercentage>39</odohteu:GenderMalePercentage>
    <odohteu:GenderFemaleN>106</odohteu:GenderFemaleN>
    <odohteu:GenderFemalePercentage>61</odohteu:GenderFemalePercentage>
    <odohteu:GenderOtherN>0</odohteu:GenderOtherN>
    <odohteu:GenderOtherPercentage>0</odohteu:GenderOtherPercentage>
    <odohteu:GenderUnknownN>0</odohteu:GenderUnknownN>
    <odohteu:GenderUnknownPercentage>0</odohteu:GenderUnknownPercentage>
    <odohteu:GenderTotalN>173</odohteu:GenderTotalN>
  </row>
  <row>
   <odohteu:Country>SE</odohteu:Country>
   <odohteu:GenderMaleN>:</odohteu:GenderMaleN>
    <odohteu:GenderMalePercentage>:</odohteu:GenderMalePercentage>
    <odohteu:GenderFemaleN>:</odohteu:GenderFemaleN>
    <odohteu:GenderFemalePercentage>:</odohteu:GenderFemalePercentage>
    <odohteu:GenderOtherN>:</odohteu:GenderOtherN>
    <odohteu:GenderOtherPercentage>:</odohteu:GenderOtherPercentage>
    <odohteu:GenderUnknownN>:</odohteu:GenderUnknownN>
    <odohteu:GenderUnknownPercentage>:</odohteu:GenderUnknownPercentage>
    <odohteu:GenderTotalN>:</odohteu:GenderTotalN>
  </row>
  <row>
     <odohteu:Country>UK</odohteu:Country>
   <odohteu:GenderMaleN>6 941</odohteu:GenderMaleN>
    <odohteu:GenderMalePercentage>57</odohteu:GenderMalePercentage>
    <odohteu:GenderFemaleN>5 175</odohteu:GenderFemaleN>
    <odohteu:GenderFemalePercentage>43</odohteu:GenderFemalePercentage>
    <odohteu:GenderOtherN>7</odohteu:GenderOtherN>
    <odohteu:GenderOtherPercentage>0</odohteu:GenderOtherPercentage>
    <odohteu:GenderUnknownN>0</odohteu:GenderUnknownN>
    <odohteu:GenderUnknownPercentage>0</odohteu:GenderUnknownPercentage>
    <odohteu:GenderTotalN>12 123</odohteu:GenderTotalN>
  </row>
</root>