[
 {
   "Country": "BE",
   "Male N": "144",
   "Male %": "53",
   "Female N": "130",
   "Female %": "47",
   "Other N": "0",
   "Other %": "0",
   "Unknown N": "0",
   "Unknown %": "0",
   "Total N": "274"
 },
 {
   "Country": "BG",
   "Male N": "1",
   "Male %": "4",
   "Female N": "27",
   "Female %": "96",
   "Other N": "0",
   "Other %": "0",
   "Unknown N": "0",
   "Unknown %": "0",
   "Total N": "28"
 },
 {
   "Country": "CZ",
   "Male N": ":",
   "Male %": ":",
   "Female N": ":",
   "Female %": ":",
   "Other N": ":",
   "Other %": ":",
   "Unknown N": ":",
   "Unknown %": ":",
   "Total N": ":"
 },
 {
   "Country": "DK",
   "Male N": "69",
   "Male %": "35",
   "Female N": "121",
   "Female %": "62",
   "Other N": "5",
   "Other %": "3",
   "Unknown N": "0",
   "Unknown %": "0",
   "Total N": "195"
 },
 {
   "Country": "DE",
   "Male N": "303",
   "Male %": "22",
   "Female N": "1 066",
   "Female %": "77",
   "Other N": "0",
   "Other %": "0",
   "Unknown N": "11",
   "Unknown %": "1",
   "Total N": "1 380"
 },
 {
   "Country": "EE",
   "Male N": "3",
   "Male %": "14",
   "Female N": "19",
   "Female %": "86",
   "Other N": ":",
   "Other %": ":",
   "Unknown N": ":",
   "Unknown %": ":",
   "Total N": "22"
 },
 {
   "Country": "IE",
   "Male N": "67",
   "Male %": "37",
   "Female N": "115",
   "Female %": "63",
   "Other N": "0",
   "Other %": "0",
   "Unknown N": "0",
   "Unknown %": "0",
   "Total N": "182"
 },
 {
   "Country": "EL",
   "Male N": "64",
   "Male %": "23",
   "Female N": "209",
   "Female %": "77",
   "Other N": "0",
   "Other %": "0",
   "Unknown N": "0",
   "Unknown %": "0",
   "Total N": "273"
 },
 {
   "Country": "ES",
   "Male N": "160",
   "Male %": "35",
   "Female N": "298",
   "Female %": "65",
   "Other N": ":",
   "Other %": ":",
   "Unknown N": ":",
   "Unknown %": ":",
   "Total N": "458"
 },
 {
   "Country": "FR",
   "Male N": "702",
   "Male %": "25",
   "Female N": "2 134",
   "Female %": "75",
   "Other N": "0",
   "Other %": "0",
   "Unknown N": "10",
   "Unknown %": "0",
   "Total N": "2 846"
 },
 {
   "Country": "HR",
   "Male N": "64",
   "Male %": "61",
   "Female N": "41",
   "Female %": "39",
   "Other N": ":",
   "Other %": ":",
   "Unknown N": ":",
   "Unknown %": ":",
   "Total N": "105"
 },
 {
   "Country": "IT",
   "Male N": "229",
   "Male %": "11",
   "Female N": "1 743",
   "Female %": "88",
   "Other N": "16",
   "Other %": "1",
   "Unknown N": "0",
   "Unknown %": "0",
   "Total N": "1 988"
 },
 {
   "Country": "CY",
   "Male N": "68",
   "Male %": "23",
   "Female N": "222",
   "Female %": "77",
   "Other N": ":",
   "Other %": ":",
   "Unknown N": ":",
   "Unknown %": ":",
   "Total N": "290"
 },
 {
   "Country": "LV",
   "Male N": "8",
   "Male %": "17",
   "Female N": "28",
   "Female %": "58",
   "Other N": "12",
   "Other %": "25",
   "Unknown N": "0",
   "Unknown %": "0",
   "Total N": "48"
 },
 {
   "Country": "LT",
   "Male N": "44",
   "Male %": "42",
   "Female N": "60",
   "Female %": "58",
   "Other N": ":",
   "Other %": ":",
   "Unknown N": ":",
   "Unknown %": ":",
   "Total N": "104"
 },
 {
   "Country": "LU",
   "Male N": "12",
   "Male %": "39",
   "Female N": "19",
   "Female %": "61",
   "Other N": ":",
   "Other %": ":",
   "Unknown N": ":",
   "Unknown %": ":",
   "Total N": "31"
 },
 {
   "Country": "HU",
   "Male N": "99",
   "Male %": "11",
   "Female N": "835",
   "Female %": "89",
   "Other N": ":",
   "Other %": ":",
   "Unknown N": ":",
   "Unknown %": ":",
   "Total N": "934"
 },
 {
   "Country": "MT",
   "Male N": "14",
   "Male %": "35",
   "Female N": "26",
   "Female %": "65",
   "Other N": "0",
   "Other %": "0",
   "Unknown N": "0",
   "Unknown %": "0",
   "Total N": "40"
 },
 {
   "Country": "NL",
   "Male N": "503",
   "Male %": "31",
   "Female N": "1 109",
   "Female %": "68",
   "Other N": "0",
   "Other %": "0",
   "Unknown N": "12",
   "Unknown %": "1",
   "Total N": "1 624"
 },
 {
   "Country": "AT",
   "Male N": "109",
   "Male %": "14",
   "Female N": "672",
   "Female %": "86",
   "Other N": "0",
   "Other %": "0",
   "Unknown N": "0",
   "Unknown %": "0",
   "Total N": "781"
 },
 {
   "Country": "PL",
   "Male N": ":",
   "Male %": ":",
   "Female N": ":",
   "Female %": ":",
   "Other N": ":",
   "Other %": ":",
   "Unknown N": "675",
   "Unknown %": "100",
   "Total N": "675"
 },
 {
   "Country": "PT",
   "Male N": "118",
   "Male %": "53",
   "Female N": "104",
   "Female %": "46",
   "Other N": "0",
   "Other %": "0",
   "Unknown N": "2",
   "Unknown %": "1",
   "Total N": "224"
 },
 {
   "Country": "RO",
   "Male N": "290",
   "Male %": "25",
   "Female N": "869",
   "Female %": "75",
   "Other N": ":",
   "Other %": ":",
   "Unknown N": ":",
   "Unknown %": ":",
   "Total N": "1 159"
 },
 {
   "Country": "SI",
   "Male N": "32",
   "Male %": "19",
   "Female N": "135",
   "Female %": "81",
   "Other N": "0",
   "Other %": "0",
   "Unknown N": "0",
   "Unknown %": "0",
   "Total N": "167"
 },
 {
   "Country": "SK",
   "Male N": "52",
   "Male %": "36",
   "Female N": "92",
   "Female %": "64",
   "Other N": "0",
   "Other %": "0",
   "Unknown N": "0",
   "Unknown %": "0",
   "Total N": "144"
 },
 {
   "Country": "FI",
   "Male N": "67",
   "Male %": "39",
   "Female N": "106",
   "Female %": "61",
   "Other N": "0",
   "Other %": "0",
   "Unknown N": "0",
   "Unknown %": "0",
   "Total N": "173"
 },
 {
   "Country": "SE",
   "Male N": ":",
   "Male %": ":",
   "Female N": ":",
   "Female %": ":",
   "Other N": ":",
   "Other %": ":",
   "Unknown N": ":",
   "Unknown %": ":",
   "Total N": ":"
 },
 {
   "Country": "UK",
   "Male N": "6 941",
   "Male %": "57",
   "Female N": "5 175",
   "Female %": "43",
   "Other N": "7",
   "Other %": "0",
   "Unknown N": "0",
   "Unknown %": "0",
   "Total N": "12 123"
 }
]