Type,Boys N,Boys %,Girls N,Girls %,Men N,Men %,Women N,Women %,Sex or age unknown or non classified N,Sex or age unknown or non classified %,Total N
Sexual exploitation,351,3,2 761,23,507,4,7 819,65,530,5,11 968
Forced labour,1 093,19,199,4,3 355,60,686,12,279,5,5 612
Benefit fraud,10,7,8,6,69,52,46,35,0,0,133
Criminal activities,1 747,59,205,7,869,29,140,5,1,0,2 962
Domestic servitude,106,9,119,10,195,16,671,55,128,10,1 219
Forced begging,60,22,29,11,106,39,52,19,23,9,270
Removal of organs,5,29,0,0,8,47,2,12,2,12,17
Other,171,10,321,18,459,26,735,42,70,4,1 756
Unknown,642,32,415,21,312,15,574,29,60,3,2 003
