[
 {
   "Country": "BE",
   "2017": "140",
   "2018": "134",
   "2017-2018": "274"
 },
 {
   "Country": "BG",
   "2017": "19",
   "2018": "9",
   "2017-2018": "28"
 },
 {
   "Country": "CZ",
   "2017": ":",
   "2018": ":",
   "2017-2018": ":"
 },
 {
   "Country": "DK",
   "2017": "98",
   "2018": "97",
   "2017-2018": "195"
 },
 {
   "Country": "DE",
   "2017": "773",
   "2018": "607",
   "2017-2018": "1 380"
 },
 {
   "Country": "EE",
   "2017": "10",
   "2018": "12",
   "2017-2018": "22"
 },
 {
   "Country": "IE",
   "2017": "101",
   "2018": "81",
   "2017-2018": "182"
 },
 {
   "Country": "EL",
   "2017": "144",
   "2018": "129",
   "2017-2018": "273"
 },
 {
   "Country": "ES",
   "2017": "220",
   "2018": "238",
   "2017-2018": "458"
 },
 {
   "Country": "FR",
   "2017": "1 321",
   "2018": "1 525",
   "2017-2018": "2 846"
 },
 {
   "Country": "HR",
   "2017": "29",
   "2018": "76",
   "2017-2018": "105"
 },
 {
   "Country": "IT",
   "2017": "1 062",
   "2018": "926",
   "2017-2018": "1 988"
 },
 {
   "Country": "CY",
   "2017": "134",
   "2018": "156",
   "2017-2018": "290"
 },
 {
   "Country": "LV",
   "2017": "25",
   "2018": "23",
   "2017-2018": "48"
 },
 {
   "Country": "LT",
   "2017": "60",
   "2018": "44",
   "2017-2018": "104"
 },
 {
   "Country": "LU",
   "2017": "17",
   "2018": "14",
   "2017-2018": "31"
 },
 {
   "Country": "HU",
   "2017": "415",
   "2018": "519",
   "2017-2018": "934"
 },
 {
   "Country": "MT",
   "2017": "5",
   "2018": "35",
   "2017-2018": "40"
 },
 {
   "Country": "NL",
   "2017": "956",
   "2018": "668",
   "2017-2018": "1 624"
 },
 {
   "Country": "AT",
   "2017": "390",
   "2018": "391",
   "2017-2018": "781"
 },
 {
   "Country": "PL",
   "2017": "453",
   "2018": "222",
   "2017-2018": "675"
 },
 {
   "Country": "PT",
   "2017": "103",
   "2018": "121",
   "2017-2018": "224"
 },
 {
   "Country": "RO",
   "2017": "662",
   "2018": "497",
   "2017-2018": "1 159"
 },
 {
   "Country": "SI",
   "2017": "66",
   "2018": "101",
   "2017-2018": "167"
 },
 {
   "Country": "SK",
   "2017": "88",
   "2018": "56",
   "2017-2018": "144"
 },
 {
   "Country": "FI",
   "2017": "85",
   "2018": "88",
   "2017-2018": "173"
 },
 {
   "Country": "SE",
   "2017": ":",
   "2018": ":",
   "2017-2018": ":"
 },
 {
   "Country": "UK",
   "2017": "5 138",
   "2018": "6 985",
   "2017-2018": "12 123"
 }
]