<?xml version="1.0" encoding="UTF-8"?>
<rdf:RDF xmlns:odohteu="http://www.odohteu.github.io/" xmlns:rdf="http://www.w3.org/1999/02/22-rdf-syntax-ns#">
<root>
  <row>
    <odohteu:Country>Belgium</odohteu:Country>
    <odohteu:_2015N>117</odohteu:_2015N>
    <odohteu:_2015womenPer>40.2</odohteu:_2015womenPer>
    <odohteu:_2015girlsPer>6.0</odohteu:_2015girlsPer>
    <odohteu:_2015menPer>47.9</odohteu:_2015menPer>
    <odohteu:_2015boysPer>6.0</odohteu:_2015boysPer>
    <odohteu:_2016N>119</odohteu:_2016N>
    <odohteu:_2016womenPer>46.2</odohteu:_2016womenPer>
    <odohteu:_2016girlsPer>4.2</odohteu:_2016girlsPer>
    <odohteu:_2016PerMen>48.7</odohteu:_2016PerMen>
    <odohteu:_2016boysPer>0.8</odohteu:_2016boysPer>
    <odohteu:_2015-2016N>236</odohteu:_2015-2016N>
    <odohteu:_2015-2016womenPer>43.2</odohteu:_2015-2016womenPer>
    <odohteu:_2015-2016girlsPer>5.1</odohteu:_2015-2016girlsPer>
    <odohteu:_2015-2016PerMen>48.3</odohteu:_2015-2016PerMen>
    <odohteu:_2015-2016boysPer>3.4</odohteu:_2015-2016boysPer>
  </row>
  <row>
    <odohteu:Country>Bulgaria</odohteu:Country>
    <odohteu:_2015N>409</odohteu:_2015N>
    <odohteu:_2015womenPer>86.3</odohteu:_2015womenPer>
    <odohteu:_2015girlsPer>6.8</odohteu:_2015girlsPer>
    <odohteu:_2015menPer>5.6</odohteu:_2015menPer>
    <odohteu:_2015boysPer>1.2</odohteu:_2015boysPer>
    <odohteu:_2016N>447</odohteu:_2016N>
    <odohteu:_2016womenPer>86.8</odohteu:_2016womenPer>
    <odohteu:_2016girlsPer>4.7</odohteu:_2016girlsPer>
    <odohteu:_2016PerMen>7.6</odohteu:_2016PerMen>
    <odohteu:_2016boysPer>0.9</odohteu:_2016boysPer>
    <odohteu:_2015-2016N>856</odohteu:_2015-2016N>
    <odohteu:_2015-2016womenPer>86.6</odohteu:_2015-2016womenPer>
    <odohteu:_2015-2016girlsPer>5.7</odohteu:_2015-2016girlsPer>
    <odohteu:_2015-2016PerMen>6.7</odohteu:_2015-2016PerMen>
    <odohteu:_2015-2016boysPer>1.1</odohteu:_2015-2016boysPer>
  </row>
  <row>
    <odohteu:Country>Czech Republic</odohteu:Country>
    <odohteu:_2015N>4</odohteu:_2015N>
    <odohteu:_2015womenPer>100.0</odohteu:_2015womenPer>
    <odohteu:_2015girlsPer>0.0</odohteu:_2015girlsPer>
    <odohteu:_2015menPer>0.0</odohteu:_2015menPer>
    <odohteu:_2015boysPer>0.0</odohteu:_2015boysPer>
    <odohteu:_2016N>14</odohteu:_2016N>
    <odohteu:_2016womenPer>50.0</odohteu:_2016womenPer>
    <odohteu:_2016girlsPer>0.0</odohteu:_2016girlsPer>
    <odohteu:_2016PerMen>50.0</odohteu:_2016PerMen>
    <odohteu:_2016boysPer>0.0</odohteu:_2016boysPer>
    <odohteu:_2015-2016N>18</odohteu:_2015-2016N>
    <odohteu:_2015-2016womenPer>61.1</odohteu:_2015-2016womenPer>
    <odohteu:_2015-2016girlsPer>0.0</odohteu:_2015-2016girlsPer>
    <odohteu:_2015-2016PerMen>38.9</odohteu:_2015-2016PerMen>
    <odohteu:_2015-2016boysPer>0.0</odohteu:_2015-2016boysPer>
  </row>
  <row>
    <odohteu:Country>Denm ark</odohteu:Country>
    <odohteu:_2015N>93</odohteu:_2015N>
    <odohteu:_2015womenPer>53.8</odohteu:_2015womenPer>
    <odohteu:_2015girlsPer>1.1</odohteu:_2015girlsPer>
    <odohteu:_2015menPer>39.8</odohteu:_2015menPer>
    <odohteu:_2015boysPer>5.4</odohteu:_2015boysPer>
    <odohteu:_2016N>121</odohteu:_2016N>
    <odohteu:_2016womenPer>89.3</odohteu:_2016womenPer>
    <odohteu:_2016girlsPer>5.0</odohteu:_2016girlsPer>
    <odohteu:_2016PerMen>3.3</odohteu:_2016PerMen>
    <odohteu:_2016boysPer>2.5</odohteu:_2016boysPer>
    <odohteu:_2015-2016N>214</odohteu:_2015-2016N>
    <odohteu:_2015-2016womenPer>73.8</odohteu:_2015-2016womenPer>
    <odohteu:_2015-2016girlsPer>3.3</odohteu:_2015-2016girlsPer>
    <odohteu:_2015-2016PerMen>19.2</odohteu:_2015-2016PerMen>
    <odohteu:_2015-2016boysPer>3.7</odohteu:_2015-2016boysPer>
  </row>
  <row>
    <odohteu:Country>Germ any</odohteu:Country>
    <odohteu:_2015N>438</odohteu:_2015N>
    <odohteu:_2015womenPer>72.1</odohteu:_2015womenPer>
    <odohteu:_2015girlsPer>16.2</odohteu:_2015girlsPer>
    <odohteu:_2015menPer>10.0</odohteu:_2015menPer>
    <odohteu:_2015boysPer>1.6</odohteu:_2015boysPer>
    <odohteu:_2016N>508</odohteu:_2016N>
    <odohteu:_2016womenPer>72.8</odohteu:_2016womenPer>
    <odohteu:_2016girlsPer>17.3</odohteu:_2016girlsPer>
    <odohteu:_2016PerMen>8.3</odohteu:_2016PerMen>
    <odohteu:_2016boysPer>1.6</odohteu:_2016boysPer>
    <odohteu:_2015-2016N>946</odohteu:_2015-2016N>
    <odohteu:_2015-2016womenPer>72.5</odohteu:_2015-2016womenPer>
    <odohteu:_2015-2016girlsPer>16.8</odohteu:_2015-2016girlsPer>
    <odohteu:_2015-2016PerMen>9.1</odohteu:_2015-2016PerMen>
    <odohteu:_2015-2016boysPer>1.6</odohteu:_2015-2016boysPer>
  </row>
  <row>
    <odohteu:Country>Estonia</odohteu:Country>
    <odohteu:_2015N>13</odohteu:_2015N>
    <odohteu:_2015womenPer>15.4</odohteu:_2015womenPer>
    <odohteu:_2015girlsPer>53.8</odohteu:_2015girlsPer>
    <odohteu:_2015menPer>0.0</odohteu:_2015menPer>
    <odohteu:_2015boysPer>30.8</odohteu:_2015boysPer>
    <odohteu:_2016N>10</odohteu:_2016N>
    <odohteu:_2016womenPer>0.0</odohteu:_2016womenPer>
    <odohteu:_2016girlsPer>70.0</odohteu:_2016girlsPer>
    <odohteu:_2016PerMen>20.0</odohteu:_2016PerMen>
    <odohteu:_2016boysPer>10.0</odohteu:_2016boysPer>
    <odohteu:_2015-2016N>23</odohteu:_2015-2016N>
    <odohteu:_2015-2016womenPer>8.7</odohteu:_2015-2016womenPer>
    <odohteu:_2015-2016girlsPer>60.9</odohteu:_2015-2016girlsPer>
    <odohteu:_2015-2016PerMen>8.7</odohteu:_2015-2016PerMen>
    <odohteu:_2015-2016boysPer>21.7</odohteu:_2015-2016boysPer>
  </row>
  <row>
    <odohteu:Country>Ireland</odohteu:Country>
    <odohteu:_2015N>62</odohteu:_2015N>
    <odohteu:_2015womenPer>56.5</odohteu:_2015womenPer>
    <odohteu:_2015girlsPer>9.7</odohteu:_2015girlsPer>
    <odohteu:_2015menPer>29.0</odohteu:_2015menPer>
    <odohteu:_2015boysPer>3.2</odohteu:_2015boysPer>
    <odohteu:_2016N>75</odohteu:_2016N>
    <odohteu:_2016womenPer>50.7</odohteu:_2016womenPer>
    <odohteu:_2016girlsPer>1.3</odohteu:_2016girlsPer>
    <odohteu:_2016PerMen>48.0</odohteu:_2016PerMen>
    <odohteu:_2016boysPer>0.0</odohteu:_2016boysPer>
    <odohteu:_2015-2016N>137</odohteu:_2015-2016N>
    <odohteu:_2015-2016womenPer>53.3</odohteu:_2015-2016womenPer>
    <odohteu:_2015-2016girlsPer>5.1</odohteu:_2015-2016girlsPer>
    <odohteu:_2015-2016PerMen>39.4</odohteu:_2015-2016PerMen>
    <odohteu:_2015-2016boysPer>1.5</odohteu:_2015-2016boysPer>
  </row>
  <row>
    <odohteu:Country>Greece</odohteu:Country>
    <odohteu:_2015N>150</odohteu:_2015N>
    <odohteu:_2015womenPer>38.0</odohteu:_2015womenPer>
    <odohteu:_2015girlsPer>25.3</odohteu:_2015girlsPer>
    <odohteu:_2015menPer>16.0</odohteu:_2015menPer>
    <odohteu:_2015boysPer>20.7</odohteu:_2015boysPer>
    <odohteu:_2016N>256</odohteu:_2016N>
    <odohteu:_2016womenPer>30.1</odohteu:_2016womenPer>
    <odohteu:_2016girlsPer>23.8</odohteu:_2016girlsPer>
    <odohteu:_2016PerMen>7.8</odohteu:_2016PerMen>
    <odohteu:_2016boysPer>38.3</odohteu:_2016boysPer>
    <odohteu:_2015-2016N>406</odohteu:_2015-2016N>
    <odohteu:_2015-2016womenPer>33.0</odohteu:_2015-2016womenPer>
    <odohteu:_2015-2016girlsPer>24.4</odohteu:_2015-2016girlsPer>
    <odohteu:_2015-2016PerMen>10.8</odohteu:_2015-2016PerMen>
    <odohteu:_2015-2016boysPer>31.8</odohteu:_2015-2016boysPer>
  </row>
  <row>
    <odohteu:Country>Spain</odohteu:Country>
    <odohteu:_2015N>267</odohteu:_2015N>
    <odohteu:_2015womenPer>59.6</odohteu:_2015womenPer>
    <odohteu:_2015girlsPer>2.6</odohteu:_2015girlsPer>
    <odohteu:_2015menPer>37.5</odohteu:_2015menPer>
    <odohteu:_2015boysPer>0.4</odohteu:_2015boysPer>
    <odohteu:_2016N>193</odohteu:_2016N>
    <odohteu:_2016womenPer>76.2</odohteu:_2016womenPer>
    <odohteu:_2016girlsPer>9.3</odohteu:_2016girlsPer>
    <odohteu:_2016PerMen>13.5</odohteu:_2016PerMen>
    <odohteu:_2016boysPer>1.0</odohteu:_2016boysPer>
    <odohteu:_2015-2016N>460</odohteu:_2015-2016N>
    <odohteu:_2015-2016womenPer>66.5</odohteu:_2015-2016womenPer>
    <odohteu:_2015-2016girlsPer>5.4</odohteu:_2015-2016girlsPer>
    <odohteu:_2015-2016PerMen>27.4</odohteu:_2015-2016PerMen>
    <odohteu:_2015-2016boysPer>0.7</odohteu:_2015-2016boysPer>
  </row>
  <row>
    <odohteu:Country>France</odohteu:Country>
    <odohteu:_2015N>:</odohteu:_2015N>
    <odohteu:_2015womenPer>:</odohteu:_2015womenPer>
    <odohteu:_2015girlsPer>:</odohteu:_2015girlsPer>
    <odohteu:_2015menPer>:</odohteu:_2015menPer>
    <odohteu:_2015boysPer>:</odohteu:_2015boysPer>
    <odohteu:_2016N>1488</odohteu:_2016N>
    <odohteu:_2016womenPer>61.1</odohteu:_2016womenPer>
    <odohteu:_2016girlsPer>15.0</odohteu:_2016girlsPer>
    <odohteu:_2016PerMen>18.3</odohteu:_2016PerMen>
    <odohteu:_2016boysPer>5.6</odohteu:_2016boysPer>
    <odohteu:_2015-2016N>1 488</odohteu:_2015-2016N>
    <odohteu:_2015-2016womenPer>61.1</odohteu:_2015-2016womenPer>
    <odohteu:_2015-2016girlsPer>15.0</odohteu:_2015-2016girlsPer>
    <odohteu:_2015-2016PerMen>18.3</odohteu:_2015-2016PerMen>
    <odohteu:_2015-2016boysPer>5.6</odohteu:_2015-2016boysPer>
  </row>
  <row>
    <odohteu:Country>Croatia</odohteu:Country>
    <odohteu:_2015N>38</odohteu:_2015N>
    <odohteu:_2015womenPer>81.6</odohteu:_2015womenPer>
    <odohteu:_2015girlsPer>18.4</odohteu:_2015girlsPer>
    <odohteu:_2015menPer>0.0</odohteu:_2015menPer>
    <odohteu:_2015boysPer>0.0</odohteu:_2015boysPer>
    <odohteu:_2016N>30</odohteu:_2016N>
    <odohteu:_2016womenPer>43.3</odohteu:_2016womenPer>
    <odohteu:_2016girlsPer>26.7</odohteu:_2016girlsPer>
    <odohteu:_2016PerMen>20.0</odohteu:_2016PerMen>
    <odohteu:_2016boysPer>10.0</odohteu:_2016boysPer>
    <odohteu:_2015-2016N>68</odohteu:_2015-2016N>
    <odohteu:_2015-2016womenPer>64.7</odohteu:_2015-2016womenPer>
    <odohteu:_2015-2016girlsPer>22.1</odohteu:_2015-2016girlsPer>
    <odohteu:_2015-2016PerMen>8.8</odohteu:_2015-2016PerMen>
    <odohteu:_2015-2016boysPer>4.4</odohteu:_2015-2016boysPer>
  </row>
  <row>
    <odohteu:Country>Italy</odohteu:Country>
    <odohteu:_2015N>781</odohteu:_2015N>
    <odohteu:_2015womenPer>76.2</odohteu:_2015womenPer>
    <odohteu:_2015girlsPer>8.2</odohteu:_2015girlsPer>
    <odohteu:_2015menPer>14.5</odohteu:_2015menPer>
    <odohteu:_2015boysPer>0.9</odohteu:_2015boysPer>
    <odohteu:_2016N>879</odohteu:_2016N>
    <odohteu:_2016womenPer>73.0</odohteu:_2016womenPer>
    <odohteu:_2016girlsPer>11.9</odohteu:_2016girlsPer>
    <odohteu:_2016PerMen>12.5</odohteu:_2016PerMen>
    <odohteu:_2016boysPer>1.4</odohteu:_2016boysPer>
    <odohteu:_2015-2016N>1 660</odohteu:_2015-2016N>
    <odohteu:_2015-2016womenPer>74.5</odohteu:_2015-2016womenPer>
    <odohteu:_2015-2016girlsPer>10.2</odohteu:_2015-2016girlsPer>
    <odohteu:_2015-2016PerMen>13.4</odohteu:_2015-2016PerMen>
    <odohteu:_2015-2016boysPer>1.1</odohteu:_2015-2016boysPer>
  </row>
  <row>
    <odohteu:Country>Cyprus</odohteu:Country>
    <odohteu:_2015N>46</odohteu:_2015N>
    <odohteu:_2015womenPer>45.7</odohteu:_2015womenPer>
    <odohteu:_2015girlsPer>4.3</odohteu:_2015girlsPer>
    <odohteu:_2015menPer>45.7</odohteu:_2015menPer>
    <odohteu:_2015boysPer>4.3</odohteu:_2015boysPer>
    <odohteu:_2016N>44</odohteu:_2016N>
    <odohteu:_2016womenPer>88.6</odohteu:_2016womenPer>
    <odohteu:_2016girlsPer>2.3</odohteu:_2016girlsPer>
    <odohteu:_2016PerMen>9.1</odohteu:_2016PerMen>
    <odohteu:_2016boysPer>0.0</odohteu:_2016boysPer>
    <odohteu:_2015-2016N>90</odohteu:_2015-2016N>
    <odohteu:_2015-2016womenPer>66.7</odohteu:_2015-2016womenPer>
    <odohteu:_2015-2016girlsPer>3.3</odohteu:_2015-2016girlsPer>
    <odohteu:_2015-2016PerMen>27.8</odohteu:_2015-2016PerMen>
    <odohteu:_2015-2016boysPer>2.2</odohteu:_2015-2016boysPer>
  </row>
  <row>
    <odohteu:Country>Latvia</odohteu:Country>
    <odohteu:_2015N>11</odohteu:_2015N>
    <odohteu:_2015womenPer>54.5</odohteu:_2015womenPer>
    <odohteu:_2015girlsPer>36.4</odohteu:_2015girlsPer>
    <odohteu:_2015menPer>0.0</odohteu:_2015menPer>
    <odohteu:_2015boysPer>9.1</odohteu:_2015boysPer>
    <odohteu:_2016N>19</odohteu:_2016N>
    <odohteu:_2016womenPer>47.4</odohteu:_2016womenPer>
    <odohteu:_2016girlsPer>31.6</odohteu:_2016girlsPer>
    <odohteu:_2016PerMen>21.1</odohteu:_2016PerMen>
    <odohteu:_2016boysPer>0.0</odohteu:_2016boysPer>
    <odohteu:_2015-2016N>30</odohteu:_2015-2016N>
    <odohteu:_2015-2016womenPer>50.0</odohteu:_2015-2016womenPer>
    <odohteu:_2015-2016girlsPer>33.3</odohteu:_2015-2016girlsPer>
    <odohteu:_2015-2016PerMen>13.3</odohteu:_2015-2016PerMen>
    <odohteu:_2015-2016boysPer>3.3</odohteu:_2015-2016boysPer>
  </row>
  <row>
    <odohteu:Country>Lithuania</odohteu:Country>
    <odohteu:_2015N>62</odohteu:_2015N>
    <odohteu:_2015womenPer>38.7</odohteu:_2015womenPer>
    <odohteu:_2015girlsPer>19.4</odohteu:_2015girlsPer>
    <odohteu:_2015menPer>33.9</odohteu:_2015menPer>
    <odohteu:_2015boysPer>8.1</odohteu:_2015boysPer>
    <odohteu:_2016N>45</odohteu:_2016N>
    <odohteu:_2016womenPer>42.2</odohteu:_2016womenPer>
    <odohteu:_2016girlsPer>2.2</odohteu:_2016girlsPer>
    <odohteu:_2016PerMen>48.9</odohteu:_2016PerMen>
    <odohteu:_2016boysPer>6.7</odohteu:_2016boysPer>
    <odohteu:_2015-2016N>107</odohteu:_2015-2016N>
    <odohteu:_2015-2016womenPer>40.2</odohteu:_2015-2016womenPer>
    <odohteu:_2015-2016girlsPer>12.1</odohteu:_2015-2016girlsPer>
    <odohteu:_2015-2016PerMen>40.2</odohteu:_2015-2016PerMen>
    <odohteu:_2015-2016boysPer>7.5</odohteu:_2015-2016boysPer>
  </row>
  <row>
    <odohteu:Country>Luxem bourg</odohteu:Country>
    <odohteu:_2015N>7</odohteu:_2015N>
    <odohteu:_2015womenPer>100.0</odohteu:_2015womenPer>
    <odohteu:_2015girlsPer>0.0</odohteu:_2015girlsPer>
    <odohteu:_2015menPer>0.0</odohteu:_2015menPer>
    <odohteu:_2015boysPer>0.0</odohteu:_2015boysPer>
    <odohteu:_2016N>18</odohteu:_2016N>
    <odohteu:_2016womenPer>50.0</odohteu:_2016womenPer>
    <odohteu:_2016girlsPer>22.2</odohteu:_2016girlsPer>
    <odohteu:_2016PerMen>11.1</odohteu:_2016PerMen>
    <odohteu:_2016boysPer>16.7</odohteu:_2016boysPer>
    <odohteu:_2015-2016N>25</odohteu:_2015-2016N>
    <odohteu:_2015-2016womenPer>64.0</odohteu:_2015-2016womenPer>
    <odohteu:_2015-2016girlsPer>16.0</odohteu:_2015-2016girlsPer>
    <odohteu:_2015-2016PerMen>8.0</odohteu:_2015-2016PerMen>
    <odohteu:_2015-2016boysPer>12.0</odohteu:_2015-2016boysPer>
  </row>
  <row>
    <odohteu:Country>Hungary</odohteu:Country>
    <odohteu:_2015N>507</odohteu:_2015N>
    <odohteu:_2015womenPer>25.2</odohteu:_2015womenPer>
    <odohteu:_2015girlsPer>63.3</odohteu:_2015girlsPer>
    <odohteu:_2015menPer>4.5</odohteu:_2015menPer>
    <odohteu:_2015boysPer>6.9</odohteu:_2015boysPer>
    <odohteu:_2016N>489</odohteu:_2016N>
    <odohteu:_2016womenPer>41.9</odohteu:_2016womenPer>
    <odohteu:_2016girlsPer>46.6</odohteu:_2016girlsPer>
    <odohteu:_2016PerMen>2.7</odohteu:_2016PerMen>
    <odohteu:_2016boysPer>8.8</odohteu:_2016boysPer>
    <odohteu:_2015-2016N>996</odohteu:_2015-2016N>
    <odohteu:_2015-2016womenPer>33.4</odohteu:_2015-2016womenPer>
    <odohteu:_2015-2016girlsPer>55.1</odohteu:_2015-2016girlsPer>
    <odohteu:_2015-2016PerMen>3.6</odohteu:_2015-2016PerMen>
    <odohteu:_2015-2016boysPer>7.8</odohteu:_2015-2016boysPer>
  </row>
  <row>
    <odohteu:Country>Malta</odohteu:Country>
    <odohteu:_2015N>4</odohteu:_2015N>
    <odohteu:_2015womenPer>50.0</odohteu:_2015womenPer>
    <odohteu:_2015girlsPer>50.0</odohteu:_2015girlsPer>
    <odohteu:_2015menPer>0.0</odohteu:_2015menPer>
    <odohteu:_2015boysPer>0.0</odohteu:_2015boysPer>
    <odohteu:_2016N>34</odohteu:_2016N>
    <odohteu:_2016womenPer>47.1</odohteu:_2016womenPer>
    <odohteu:_2016girlsPer>0.0</odohteu:_2016girlsPer>
    <odohteu:_2016PerMen>52.9</odohteu:_2016PerMen>
    <odohteu:_2016boysPer>0.0</odohteu:_2016boysPer>
    <odohteu:_2015-2016N>38</odohteu:_2015-2016N>
    <odohteu:_2015-2016womenPer>47.4</odohteu:_2015-2016womenPer>
    <odohteu:_2015-2016girlsPer>5.32</odohteu:_2015-2016girlsPer>
    <odohteu:_2015-2016PerMen>47.4</odohteu:_2015-2016PerMen>
    <odohteu:_2015-2016boysPer>0.0</odohteu:_2015-2016boysPer>
  </row>
  <row>
    <odohteu:Country>Netherlands</odohteu:Country>
    <odohteu:_2015N>1 004</odohteu:_2015N>
    <odohteu:_2015womenPer>58.6</odohteu:_2015womenPer>
    <odohteu:_2015girlsPer>21.7</odohteu:_2015girlsPer>
    <odohteu:_2015menPer>12.7</odohteu:_2015menPer>
    <odohteu:_2015boysPer>7.0</odohteu:_2015boysPer>
    <odohteu:_2016N>807</odohteu:_2016N>
    <odohteu:_2016womenPer>59.5</odohteu:_2016womenPer>
    <odohteu:_2016girlsPer>21.4</odohteu:_2016girlsPer>
    <odohteu:_2016PerMen>12.4</odohteu:_2016PerMen>
    <odohteu:_2016boysPer>6.7</odohteu:_2016boysPer>
    <odohteu:_2015-2016N>1 811</odohteu:_2015-2016N>
    <odohteu:_2015-2016womenPer>59.0</odohteu:_2015-2016womenPer>
    <odohteu:_2015-2016girlsPer>21.6</odohteu:_2015-2016girlsPer>
    <odohteu:_2015-2016PerMen>12.6</odohteu:_2015-2016PerMen>
    <odohteu:_2015-2016boysPer>6.8</odohteu:_2015-2016boysPer>
  </row>
  <row>
    <odohteu:Country>Austria</odohteu:Country>
    <odohteu:_2015N>221</odohteu:_2015N>
    <odohteu:_2015womenPer>82.8</odohteu:_2015womenPer>
    <odohteu:_2015girlsPer>6.8</odohteu:_2015girlsPer>
    <odohteu:_2015menPer>10.0</odohteu:_2015menPer>
    <odohteu:_2015boysPer>0.0</odohteu:_2015boysPer>
    <odohteu:_2016N>252</odohteu:_2016N>
    <odohteu:_2016womenPer>79.0</odohteu:_2016womenPer>
    <odohteu:_2016girlsPer>4.8</odohteu:_2016girlsPer>
    <odohteu:_2016PerMen>16.3</odohteu:_2016PerMen>
    <odohteu:_2016boysPer>0.0</odohteu:_2016boysPer>
    <odohteu:_2015-2016N>473</odohteu:_2015-2016N>
    <odohteu:_2015-2016womenPer>80.8</odohteu:_2015-2016womenPer>
    <odohteu:_2015-2016girlsPer>5.7</odohteu:_2015-2016girlsPer>
    <odohteu:_2015-2016PerMen>13.3</odohteu:_2015-2016PerMen>
    <odohteu:_2015-2016boysPer>0.0</odohteu:_2015-2016boysPer>
  </row>
  <row>
    <odohteu:Country>Poland</odohteu:Country>
    <odohteu:_2015N>:</odohteu:_2015N>
    <odohteu:_2015womenPer>:</odohteu:_2015womenPer>
    <odohteu:_2015girlsPer>:</odohteu:_2015girlsPer>
    <odohteu:_2015menPer>:</odohteu:_2015menPer>
    <odohteu:_2015boysPer>:</odohteu:_2015boysPer>
    <odohteu:_2016N>:</odohteu:_2016N>
    <odohteu:_2016womenPer>:</odohteu:_2016womenPer>
    <odohteu:_2016girlsPer>:</odohteu:_2016girlsPer>
    <odohteu:_2016PerMen>:</odohteu:_2016PerMen>
    <odohteu:_2016boysPer>:</odohteu:_2016boysPer>
    <odohteu:_2015-2016N>:</odohteu:_2015-2016N>
    <odohteu:_2015-2016womenPer>:</odohteu:_2015-2016womenPer>
    <odohteu:_2015-2016girlsPer>:</odohteu:_2015-2016girlsPer>
    <odohteu:_2015-2016PerMen>:</odohteu:_2015-2016PerMen>
    <odohteu:_2015-2016boysPer>:</odohteu:_2015-2016boysPer>
  </row>
  <row>
    <odohteu:Country>Portugal</odohteu:Country>
    <odohteu:_2015N>132</odohteu:_2015N>
    <odohteu:_2015womenPer>30.3</odohteu:_2015womenPer>
    <odohteu:_2015girlsPer>9.8</odohteu:_2015girlsPer>
    <odohteu:_2015menPer>59.8</odohteu:_2015menPer>
    <odohteu:_2015boysPer>0.0</odohteu:_2015boysPer>
    <odohteu:_2016N>189</odohteu:_2016N>
    <odohteu:_2016womenPer>24.3</odohteu:_2016womenPer>
    <odohteu:_2016girlsPer>4.8</odohteu:_2016girlsPer>
    <odohteu:_2016PerMen>70.9</odohteu:_2016PerMen>
    <odohteu:_2016boysPer>0.0</odohteu:_2016boysPer>
    <odohteu:_2015-2016N>321</odohteu:_2015-2016N>
    <odohteu:_2015-2016womenPer>26.8</odohteu:_2015-2016womenPer>
    <odohteu:_2015-2016girlsPer>6.9</odohteu:_2015-2016girlsPer>
    <odohteu:_2015-2016PerMen>66.4</odohteu:_2015-2016PerMen>
    <odohteu:_2015-2016boysPer>0.0</odohteu:_2015-2016boysPer>
  </row>
  <row>
    <odohteu:Country>Rom ania</odohteu:Country>
    <odohteu:_2015N>:</odohteu:_2015N>
    <odohteu:_2015womenPer>:</odohteu:_2015womenPer>
    <odohteu:_2015girlsPer>:</odohteu:_2015girlsPer>
    <odohteu:_2015menPer>:</odohteu:_2015menPer>
    <odohteu:_2015boysPer>:</odohteu:_2015boysPer>
    <odohteu:_2016N>:</odohteu:_2016N>
    <odohteu:_2016womenPer>:</odohteu:_2016womenPer>
    <odohteu:_2016girlsPer>:</odohteu:_2016girlsPer>
    <odohteu:_2016PerMen>:</odohteu:_2016PerMen>
    <odohteu:_2016boysPer>:</odohteu:_2016boysPer>
    <odohteu:_2015-2016N>:</odohteu:_2015-2016N>
    <odohteu:_2015-2016womenPer>:</odohteu:_2015-2016womenPer>
    <odohteu:_2015-2016girlsPer>:</odohteu:_2015-2016girlsPer>
    <odohteu:_2015-2016PerMen>:</odohteu:_2015-2016PerMen>
    <odohteu:_2015-2016boysPer>:</odohteu:_2015-2016boysPer>
  </row>
  <row>
    <odohteu:Country>Slovenia</odohteu:Country>
    <odohteu:_2015N>47</odohteu:_2015N>
    <odohteu:_2015womenPer>95.7</odohteu:_2015womenPer>
    <odohteu:_2015girlsPer>4.3</odohteu:_2015girlsPer>
    <odohteu:_2015menPer>0.0</odohteu:_2015menPer>
    <odohteu:_2015boysPer>0.0</odohteu:_2015boysPer>
    <odohteu:_2016N>27</odohteu:_2016N>
    <odohteu:_2016womenPer>92.6</odohteu:_2016womenPer>
    <odohteu:_2016girlsPer>0.0</odohteu:_2016girlsPer>
    <odohteu:_2016PerMen>7.4</odohteu:_2016PerMen>
    <odohteu:_2016boysPer>0.0</odohteu:_2016boysPer>
    <odohteu:_2015-2016N>74</odohteu:_2015-2016N>
    <odohteu:_2015-2016womenPer>94.6</odohteu:_2015-2016womenPer>
    <odohteu:_2015-2016girlsPer>2.7</odohteu:_2015-2016girlsPer>
    <odohteu:_2015-2016PerMen>2.7</odohteu:_2015-2016PerMen>
    <odohteu:_2015-2016boysPer>0.0</odohteu:_2015-2016boysPer>
  </row>
  <row>
    <odohteu:Country>Slovakia</odohteu:Country>
    <odohteu:_2015N>81</odohteu:_2015N>
    <odohteu:_2015womenPer>42.0</odohteu:_2015womenPer>
    <odohteu:_2015girlsPer>6.2</odohteu:_2015girlsPer>
    <odohteu:_2015menPer>51.9</odohteu:_2015menPer>
    <odohteu:_2015boysPer>0.0</odohteu:_2015boysPer>
    <odohteu:_2016N>45</odohteu:_2016N>
    <odohteu:_2016womenPer>33.3</odohteu:_2016womenPer>
    <odohteu:_2016girlsPer>6.7</odohteu:_2016girlsPer>
    <odohteu:_2016PerMen>48.9</odohteu:_2016PerMen>
    <odohteu:_2016boysPer>11.1</odohteu:_2016boysPer>
    <odohteu:_2015-2016N>126</odohteu:_2015-2016N>
    <odohteu:_2015-2016womenPer>38.9</odohteu:_2015-2016womenPer>
    <odohteu:_2015-2016girlsPer>6.3</odohteu:_2015-2016girlsPer>
    <odohteu:_2015-2016PerMen>50.8</odohteu:_2015-2016PerMen>
    <odohteu:_2015-2016boysPer>4.0</odohteu:_2015-2016boysPer>
  </row>
  <row>
    <odohteu:Country>Finland</odohteu:Country>
    <odohteu:_2015N>52</odohteu:_2015N>
    <odohteu:_2015womenPer>71.2</odohteu:_2015womenPer>
    <odohteu:_2015girlsPer>0.0</odohteu:_2015girlsPer>
    <odohteu:_2015menPer>28.8</odohteu:_2015menPer>
    <odohteu:_2015boysPer>0.0</odohteu:_2015boysPer>
    <odohteu:_2016N>130</odohteu:_2016N>
    <odohteu:_2016womenPer>58.5</odohteu:_2016womenPer>
    <odohteu:_2016girlsPer>7.7</odohteu:_2016girlsPer>
    <odohteu:_2016PerMen>23.8</odohteu:_2016PerMen>
    <odohteu:_2016boysPer>10.0</odohteu:_2016boysPer>
    <odohteu:_2015-2016N>182</odohteu:_2015-2016N>
    <odohteu:_2015-2016womenPer>62.1</odohteu:_2015-2016womenPer>
    <odohteu:_2015-2016girlsPer>5.5</odohteu:_2015-2016girlsPer>
    <odohteu:_2015-2016PerMen>25.3</odohteu:_2015-2016PerMen>
    <odohteu:_2015-2016boysPer>7.1</odohteu:_2015-2016boysPer>
  </row>
  <row>
    <odohteu:Country>Sw eden</odohteu:Country>
    <odohteu:_2015N>2</odohteu:_2015N>
    <odohteu:_2015womenPer>100.0</odohteu:_2015womenPer>
    <odohteu:_2015girlsPer>0.0</odohteu:_2015girlsPer>
    <odohteu:_2015menPer>0.0</odohteu:_2015menPer>
    <odohteu:_2015boysPer>0.0</odohteu:_2015boysPer>
    <odohteu:_2016N>7</odohteu:_2016N>
    <odohteu:_2016womenPer>28.6</odohteu:_2016womenPer>
    <odohteu:_2016girlsPer>14.3</odohteu:_2016girlsPer>
    <odohteu:_2016PerMen>57.1</odohteu:_2016PerMen>
    <odohteu:_2016boysPer>0.0</odohteu:_2016boysPer>
    <odohteu:_2015-2016N>9</odohteu:_2015-2016N>
    <odohteu:_2015-2016womenPer>44.4</odohteu:_2015-2016womenPer>
    <odohteu:_2015-2016girlsPer>11.1</odohteu:_2015-2016girlsPer>
    <odohteu:_2015-2016PerMen>44.4</odohteu:_2015-2016PerMen>
    <odohteu:_2015-2016boysPer>0.0</odohteu:_2015-2016boysPer>
  </row>
  <row>
    <odohteu:Country>United Kingdom</odohteu:Country>
    <odohteu:_2015N>:</odohteu:_2015N>
    <odohteu:_2015womenPer>:</odohteu:_2015womenPer>
    <odohteu:_2015girlsPer>:</odohteu:_2015girlsPer>
    <odohteu:_2015menPer>:</odohteu:_2015menPer>
    <odohteu:_2015boysPer>:</odohteu:_2015boysPer>
    <odohteu:_2016N>:</odohteu:_2016N>
    <odohteu:_2016womenPer>:</odohteu:_2016womenPer>
    <odohteu:_2016girlsPer>:</odohteu:_2016girlsPer>
    <odohteu:_2016PerMen>:</odohteu:_2016PerMen>
    <odohteu:_2016boysPer>:</odohteu:_2016boysPer>
    <odohteu:_2015-2016N>:</odohteu:_2015-2016N>
    <odohteu:_2015-2016womenPer>:</odohteu:_2015-2016womenPer>
    <odohteu:_2015-2016girlsPer>:</odohteu:_2015-2016girlsPer>
    <odohteu:_2015-2016PerMen>:</odohteu:_2015-2016PerMen>
    <odohteu:_2015-2016boysPer>:</odohteu:_2015-2016boysPer>
  </row>
</root>
</rdf:RDF>