[
 {
   "Country": "Belgium",
   "2015 N": "117",
   "2015 women %": "40.2",
   "2015 girls %": "6.0",
   "2015 men %": "47.9",
   "2015 boys %": "6.0",
   "2016 N": "119",
   "2016 women %": "46.2",
   "2016 girls %": "4.2",
   "2016 % men": "48.7",
   "2016 boys %": "0.8",
   "2015-2016 N": "236",
   "2015-2016 women %": "43.2",
   "2015-2016 girls %": "5.1",
   "2015-2016 % men": "48.3",
   "2015-2016 boys %": "3.4"
 },
 {
   "Country": "Bulgaria",
   "2015 N": "409",
   "2015 women %": "86.3",
   "2015 girls %": "6.8",
   "2015 men %": "5.6",
   "2015 boys %": "1.2",
   "2016 N": "447",
   "2016 women %": "86.8",
   "2016 girls %": "4.7",
   "2016 % men": "7.6",
   "2016 boys %": "0.9",
   "2015-2016 N": "856",
   "2015-2016 women %": "86.6",
   "2015-2016 girls %": "5.7",
   "2015-2016 % men": "6.7",
   "2015-2016 boys %": "1.1"
 },
 {
   "Country": "Czech Republic",
   "2015 N": "4",
   "2015 women %": "100.0",
   "2015 girls %": "0.0",
   "2015 men %": "0.0",
   "2015 boys %": "0.0",
   "2016 N": "14",
   "2016 women %": "50.0",
   "2016 girls %": "0.0",
   "2016 % men": "50.0",
   "2016 boys %": "0.0",
   "2015-2016 N": "18",
   "2015-2016 women %": "61.1",
   "2015-2016 girls %": "0.0",
   "2015-2016 % men": "38.9",
   "2015-2016 boys %": "0.0"
 },
 {
   "Country": "Denm ark",
   "2015 N": "93",
   "2015 women %": "53.8",
   "2015 girls %": "1.1",
   "2015 men %": "39.8",
   "2015 boys %": "5.4",
   "2016 N": "121",
   "2016 women %": "89.3",
   "2016 girls %": "5.0",
   "2016 % men": "3.3",
   "2016 boys %": "2.5",
   "2015-2016 N": "214",
   "2015-2016 women %": "73.8",
   "2015-2016 girls %": "3.3",
   "2015-2016 % men": "19.2",
   "2015-2016 boys %": "3.7"
 },
 {
   "Country": "Germ any",
   "2015 N": "438",
   "2015 women %": "72.1",
   "2015 girls %": "16.2",
   "2015 men %": "10.0",
   "2015 boys %": "1.6",
   "2016 N": "508",
   "2016 women %": "72.8",
   "2016 girls %": "17.3",
   "2016 % men": "8.3",
   "2016 boys %": "1.6",
   "2015-2016 N": "946",
   "2015-2016 women %": "72.5",
   "2015-2016 girls %": "16.8",
   "2015-2016 % men": "9.1",
   "2015-2016 boys %": "1.6"
 },
 {
   "Country": "Estonia",
   "2015 N": "13",
   "2015 women %": "15.4",
   "2015 girls %": "53.8",
   "2015 men %": "0.0",
   "2015 boys %": "30.8",
   "2016 N": "10",
   "2016 women %": "0.0",
   "2016 girls %": "70.0",
   "2016 % men": "20.0",
   "2016 boys %": "10.0",
   "2015-2016 N": "23",
   "2015-2016 women %": "8.7",
   "2015-2016 girls %": "60.9",
   "2015-2016 % men": "8.7",
   "2015-2016 boys %": "21.7"
 },
 {
   "Country": "Ireland",
   "2015 N": "62",
   "2015 women %": "56.5",
   "2015 girls %": "9.7",
   "2015 men %": "29.0",
   "2015 boys %": "3.2",
   "2016 N": "75",
   "2016 women %": "50.7",
   "2016 girls %": "1.3",
   "2016 % men": "48.0",
   "2016 boys %": "0.0",
   "2015-2016 N": "137",
   "2015-2016 women %": "53.3",
   "2015-2016 girls %": "5.1",
   "2015-2016 % men": "39.4",
   "2015-2016 boys %": "1.5"
 },
 {
   "Country": "Greece",
   "2015 N": "150",
   "2015 women %": "38.0",
   "2015 girls %": "25.3",
   "2015 men %": "16.0",
   "2015 boys %": "20.7",
   "2016 N": "256",
   "2016 women %": "30.1",
   "2016 girls %": "23.8",
   "2016 % men": "7.8",
   "2016 boys %": "38.3",
   "2015-2016 N": "406",
   "2015-2016 women %": "33.0",
   "2015-2016 girls %": "24.4",
   "2015-2016 % men": "10.8",
   "2015-2016 boys %": "31.8"
 },
 {
   "Country": "Spain",
   "2015 N": "267",
   "2015 women %": "59.6",
   "2015 girls %": "2.6",
   "2015 men %": "37.5",
   "2015 boys %": "0.4",
   "2016 N": "193",
   "2016 women %": "76.2",
   "2016 girls %": "9.3",
   "2016 % men": "13.5",
   "2016 boys %": "1.0",
   "2015-2016 N": "460",
   "2015-2016 women %": "66.5",
   "2015-2016 girls %": "5.4",
   "2015-2016 % men": "27.4",
   "2015-2016 boys %": "0.7"
 },
 {
   "Country": "France",
   "2015 N": ":",
   "2015 women %": ":",
   "2015 girls %": ":",
   "2015 men %": ":",
   "2015 boys %": ":",
   "2016 N": "1488",
   "2016 women %": "61.1",
   "2016 girls %": "15.0",
   "2016 % men": "18.3",
   "2016 boys %": "5.6",
   "2015-2016 N": "1 488",
   "2015-2016 women %": "61.1",
   "2015-2016 girls %": "15.0",
   "2015-2016 % men": "18.3",
   "2015-2016 boys %": "5.6"
 },
 {
   "Country": "Croatia",
   "2015 N": "38",
   "2015 women %": "81.6",
   "2015 girls %": "18.4",
   "2015 men %": "0.0",
   "2015 boys %": "0.0",
   "2016 N": "30",
   "2016 women %": "43.3",
   "2016 girls %": "26.7",
   "2016 % men": "20.0",
   "2016 boys %": "10.0",
   "2015-2016 N": "68",
   "2015-2016 women %": "64.7",
   "2015-2016 girls %": "22.1",
   "2015-2016 % men": "8.8",
   "2015-2016 boys %": "4.4"
 },
 {
   "Country": "Italy",
   "2015 N": "781",
   "2015 women %": "76.2",
   "2015 girls %": "8.2",
   "2015 men %": "14.5",
   "2015 boys %": "0.9",
   "2016 N": "879",
   "2016 women %": "73.0",
   "2016 girls %": "11.9",
   "2016 % men": "12.5",
   "2016 boys %": "1.4",
   "2015-2016 N": "1 660",
   "2015-2016 women %": "74.5",
   "2015-2016 girls %": "10.2",
   "2015-2016 % men": "13.4",
   "2015-2016 boys %": "1.1"
 },
 {
   "Country": "Cyprus",
   "2015 N": "46",
   "2015 women %": "45.7",
   "2015 girls %": "4.3",
   "2015 men %": "45.7",
   "2015 boys %": "4.3",
   "2016 N": "44",
   "2016 women %": "88.6",
   "2016 girls %": "2.3",
   "2016 % men": "9.1",
   "2016 boys %": "0.0",
   "2015-2016 N": "90",
   "2015-2016 women %": "66.7",
   "2015-2016 girls %": "3.3",
   "2015-2016 % men": "27.8",
   "2015-2016 boys %": "2.2"
 },
 {
   "Country": "Latvia",
   "2015 N": "11",
   "2015 women %": "54.5",
   "2015 girls %": "36.4",
   "2015 men %": "0.0",
   "2015 boys %": "9.1",
   "2016 N": "19",
   "2016 women %": "47.4",
   "2016 girls %": "31.6",
   "2016 % men": "21.1",
   "2016 boys %": "0.0",
   "2015-2016 N": "30",
   "2015-2016 women %": "50.0",
   "2015-2016 girls %": "33.3",
   "2015-2016 % men": "13.3",
   "2015-2016 boys %": "3.3"
 },
 {
   "Country": "Lithuania",
   "2015 N": "62",
   "2015 women %": "38.7",
   "2015 girls %": "19.4",
   "2015 men %": "33.9",
   "2015 boys %": "8.1",
   "2016 N": "45",
   "2016 women %": "42.2",
   "2016 girls %": "2.2",
   "2016 % men": "48.9",
   "2016 boys %": "6.7",
   "2015-2016 N": "107",
   "2015-2016 women %": "40.2",
   "2015-2016 girls %": "12.1",
   "2015-2016 % men": "40.2",
   "2015-2016 boys %": "7.5"
 },
 {
   "Country": "Luxem bourg",
   "2015 N": "7",
   "2015 women %": "100.0",
   "2015 girls %": "0.0",
   "2015 men %": "0.0",
   "2015 boys %": "0.0",
   "2016 N": "18",
   "2016 women %": "50.0",
   "2016 girls %": "22.2",
   "2016 % men": "11.1",
   "2016 boys %": "16.7",
   "2015-2016 N": "25",
   "2015-2016 women %": "64.0",
   "2015-2016 girls %": "16.0",
   "2015-2016 % men": "8.0",
   "2015-2016 boys %": "12.0"
 },
 {
   "Country": "Hungary",
   "2015 N": "507",
   "2015 women %": "25.2",
   "2015 girls %": "63.3",
   "2015 men %": "4.5",
   "2015 boys %": "6.9",
   "2016 N": "489",
   "2016 women %": "41.9",
   "2016 girls %": "46.6",
   "2016 % men": "2.7",
   "2016 boys %": "8.8",
   "2015-2016 N": "996",
   "2015-2016 women %": "33.4",
   "2015-2016 girls %": "55.1",
   "2015-2016 % men": "3.6",
   "2015-2016 boys %": "7.8"
 },
 {
   "Country": "Malta",
   "2015 N": "4",
   "2015 women %": "50.0",
   "2015 girls %": "50.0",
   "2015 men %": "0.0",
   "2015 boys %": "0.0",
   "2016 N": "34",
   "2016 women %": "47.1",
   "2016 girls %": "0.0",
   "2016 % men": "52.9",
   "2016 boys %": "0.0",
   "2015-2016 N": "38",
   "2015-2016 women %": "47.4",
   "2015-2016 girls %": "5.32",
   "2015-2016 % men": "47.4",
   "2015-2016 boys %": "0.0"
 },
 {
   "Country": "Netherlands",
   "2015 N": "1 004",
   "2015 women %": "58.6",
   "2015 girls %": "21.7",
   "2015 men %": "12.7",
   "2015 boys %": "7.0",
   "2016 N": "807",
   "2016 women %": "59.5",
   "2016 girls %": "21.4",
   "2016 % men": "12.4",
   "2016 boys %": "6.7",
   "2015-2016 N": "1 811",
   "2015-2016 women %": "59.0",
   "2015-2016 girls %": "21.6",
   "2015-2016 % men": "12.6",
   "2015-2016 boys %": "6.8"
 },
 {
   "Country": "Austria",
   "2015 N": "221",
   "2015 women %": "82.8",
   "2015 girls %": "6.8",
   "2015 men %": "10.0",
   "2015 boys %": "0.0",
   "2016 N": "252",
   "2016 women %": "79.0",
   "2016 girls %": "4.8",
   "2016 % men": "16.3",
   "2016 boys %": "0.0",
   "2015-2016 N": "473",
   "2015-2016 women %": "80.8",
   "2015-2016 girls %": "5.7",
   "2015-2016 % men": "13.3",
   "2015-2016 boys %": "0.0"
 },
 {
   "Country": "Poland",
   "2015 N": ":",
   "2015 women %": ":",
   "2015 girls %": ":",
   "2015 men %": ":",
   "2015 boys %": ":",
   "2016 N": ":",
   "2016 women %": ":",
   "2016 girls %": ":",
   "2016 % men": ":",
   "2016 boys %": ":",
   "2015-2016 N": ":",
   "2015-2016 women %": ":",
   "2015-2016 girls %": ":",
   "2015-2016 % men": ":",
   "2015-2016 boys %": ":"
 },
 {
   "Country": "Portugal",
   "2015 N": "132",
   "2015 women %": "30.3",
   "2015 girls %": "9.8",
   "2015 men %": "59.8",
   "2015 boys %": "0.0",
   "2016 N": "189",
   "2016 women %": "24.3",
   "2016 girls %": "4.8",
   "2016 % men": "70.9",
   "2016 boys %": "0.0",
   "2015-2016 N": "321",
   "2015-2016 women %": "26.8",
   "2015-2016 girls %": "6.9",
   "2015-2016 % men": "66.4",
   "2015-2016 boys %": "0.0"
 },
 {
   "Country": "Rom ania",
   "2015 N": ":",
   "2015 women %": ":",
   "2015 girls %": ":",
   "2015 men %": ":",
   "2015 boys %": ":",
   "2016 N": ":",
   "2016 women %": ":",
   "2016 girls %": ":",
   "2016 % men": ":",
   "2016 boys %": ":",
   "2015-2016 N": ":",
   "2015-2016 women %": ":",
   "2015-2016 girls %": ":",
   "2015-2016 % men": ":",
   "2015-2016 boys %": ":"
 },
 {
   "Country": "Slovenia",
   "2015 N": "47",
   "2015 women %": "95.7",
   "2015 girls %": "4.3",
   "2015 men %": "0.0",
   "2015 boys %": "0.0",
   "2016 N": "27",
   "2016 women %": "92.6",
   "2016 girls %": "0.0",
   "2016 % men": "7.4",
   "2016 boys %": "0.0",
   "2015-2016 N": "74",
   "2015-2016 women %": "94.6",
   "2015-2016 girls %": "2.7",
   "2015-2016 % men": "2.7",
   "2015-2016 boys %": "0.0"
 },
 {
   "Country": "Slovakia",
   "2015 N": "81",
   "2015 women %": "42.0",
   "2015 girls %": "6.2",
   "2015 men %": "51.9",
   "2015 boys %": "0.0",
   "2016 N": "45",
   "2016 women %": "33.3",
   "2016 girls %": "6.7",
   "2016 % men": "48.9",
   "2016 boys %": "11.1",
   "2015-2016 N": "126",
   "2015-2016 women %": "38.9",
   "2015-2016 girls %": "6.3",
   "2015-2016 % men": "50.8",
   "2015-2016 boys %": "4.0"
 },
 {
   "Country": "Finland",
   "2015 N": "52",
   "2015 women %": "71.2",
   "2015 girls %": "0.0",
   "2015 men %": "28.8",
   "2015 boys %": "0.0",
   "2016 N": "130",
   "2016 women %": "58.5",
   "2016 girls %": "7.7",
   "2016 % men": "23.8",
   "2016 boys %": "10.0",
   "2015-2016 N": "182",
   "2015-2016 women %": "62.1",
   "2015-2016 girls %": "5.5",
   "2015-2016 % men": "25.3",
   "2015-2016 boys %": "7.1"
 },
 {
   "Country": "Sw eden",
   "2015 N": "2",
   "2015 women %": "100.0",
   "2015 girls %": "0.0",
   "2015 men %": "0.0",
   "2015 boys %": "0.0",
   "2016 N": "7",
   "2016 women %": "28.6",
   "2016 girls %": "14.3",
   "2016 % men": "57.1",
   "2016 boys %": "0.0",
   "2015-2016 N": "9",
   "2015-2016 women %": "44.4",
   "2015-2016 girls %": "11.1",
   "2015-2016 % men": "44.4",
   "2015-2016 boys %": "0.0"
 },
 {
   "Country": "United Kingdom",
   "2015 N": ":",
   "2015 women %": ":",
   "2015 girls %": ":",
   "2015 men %": ":",
   "2015 boys %": ":",
   "2016 N": ":",
   "2016 women %": ":",
   "2016 girls %": ":",
   "2016 % men": ":",
   "2016 boys %": ":",
   "2015-2016 N": ":",
   "2015-2016 women %": ":",
   "2015-2016 girls %": ":",
   "2015-2016 % men": ":",
   "2015-2016 boys %": ":"
 }
]