[
 {
   "Country": "BE",
   "victims 2017": "140",
   "victims 2018": "134",
   "victims 2017-2018": "274",
   "Gender Male N": "144",
   "Gender Male %": "53",
   "Gender Female N": "130",
   "Gender Female %": "47",
   "Gender Other N": "0",
   "Gender Other %": "0",
   "Gender Unknown N": "0",
   "Gender Unknown %": "0",
   "Gender Total N": "274",
   "Child N": "24",
   "Child %": "9",
   "Adult N": "250",
   "Adult %": "91",
   "Unknown N": "0",
   "Unknown %": "0",
   "Total N": "274",
   "Own Country N": ":",
   "Own Country %": ":",
   "Other EU Country N": "38",
   "Other EU Country %": "14",
   "Non-EU Country N": "234",
   "Non-EU Country %": "86",
   "Other N": "1",
   "Other %": "0",
   "Unknown N": "1",
   "Unknown %": "0",
   "Total N": "274"
 },
 {
   "Country": "BG",
   "victims 2017": "19",
   "victims 2018": "9",
   "victims 2017-2018": "28",
   "Gender Male N": "1",
   "Gender Male %": "4",
   "Gender Female N": "27",
   "Gender Female %": "96",
   "Gender Other N": "0",
   "Gender Other %": "0",
   "Gender Unknown N": "0",
   "Gender Unknown %": "0",
   "Gender Total N": "28",
   "Child N": "7",
   "Child %": "25",
   "Adult N": "21",
   "Adult %": "75",
   "Unknown N": "0",
   "Unknown %": "0",
   "Total N": "28",
   "Own Country N": "27",
   "Own Country %": "96",
   "Other EU Country N": ":",
   "Other EU Country %": ":",
   "Non-EU Country N": ":",
   "Non-EU Country %": ":",
   "Other N": ":",
   "Other %": ":",
   "Unknown N": "1",
   "Unknown %": "4",
   "Total N": "28"
 },
 {
   "Country": "CZ",
   "victims 2017": ":",
   "victims 2018": ":",
   "victims 2017-2018": ":",
   "Gender Male N": ":",
   "Gender Male %": ":",
   "Gender Female N": ":",
   "Gender Female %": ":",
   "Gender Other N": ":",
   "Gender Other %": ":",
   "Gender Unknown N": ":",
   "Gender Unknown %": ":",
   "Gender Total N": ":",
   "Child N": ":",
   "Child %": ":",
   "Adult N": ":",
   "Adult %": ":",
   "Unknown N": ":",
   "Unknown %": ":",
   "Total N": ":",
   "Own Country N": ":",
   "Own Country %": ":",
   "Other EU Country N": ":",
   "Other EU Country %": ":",
   "Non-EU Country N": ":",
   "Non-EU Country %": ":",
   "Other N": ":",
   "Other %": ":",
   "Unknown N": ":",
   "Unknown %": ":",
   "Total N": ":"
 },
 {
   "Country": "DK",
   "victims 2017": "98",
   "victims 2018": "97",
   "victims 2017-2018": "195",
   "Gender Male N": "69",
   "Gender Male %": "35",
   "Gender Female N": "121",
   "Gender Female %": "62",
   "Gender Other N": "5",
   "Gender Other %": "3",
   "Gender Unknown N": "0",
   "Gender Unknown %": "0",
   "Gender Total N": "195",
   "Child N": "13",
   "Child %": "7",
   "Adult N": "182",
   "Adult %": "93",
   "Unknown N": "0",
   "Unknown %": "0",
   "Total N": "195",
   "Own Country N": "1",
   "Own Country %": "1",
   "Other EU Country N": "8",
   "Other EU Country %": "4",
   "Non-EU Country N": "186",
   "Non-EU Country %": "95",
   "Other N": ":",
   "Other %": ":",
   "Unknown N": ":",
   "Unknown %": ":",
   "Total N": "195"
 },
 {
   "Country": "DE",
   "victims 2017": "773",
   "victims 2018": "607",
   "victims 2017-2018": "1 380",
   "Gender Male N": "303",
   "Gender Male %": "22",
   "Gender Female N": "1 066",
   "Gender Female %": "77",
   "Gender Other N": "0",
   "Gender Other %": "0",
   "Gender Unknown N": "11",
   "Gender Unknown %": "1",
   "Gender Total N": "1 380",
   "Child N": "335",
   "Child %": "24",
   "Adult N": "955",
   "Adult %": "69",
   "Unknown N": "90",
   "Unknown %": "7",
   "Total N": "1 380",
   "Own Country N": "339",
   "Own Country %": "25",
   "Other EU Country N": "579",
   "Other EU Country %": "42",
   "Non-EU Country N": "342",
   "Non-EU Country %": "25",
   "Other N": "32",
   "Other %": "2",
   "Unknown N": "88",
   "Unknown %": "6",
   "Total N": "1 380"
 },
 {
   "Country": "EE",
   "victims 2017": "10",
   "victims 2018": "12",
   "victims 2017-2018": "22",
   "Gender Male N": "3",
   "Gender Male %": "14",
   "Gender Female N": "19",
   "Gender Female %": "86",
   "Gender Other N": ":",
   "Gender Other %": ":",
   "Gender Unknown N": ":",
   "Gender Unknown %": ":",
   "Gender Total N": "22",
   "Child N": "11",
   "Child %": "50",
   "Adult N": "11",
   "Adult %": "50",
   "Unknown N": ":",
   "Unknown %": ":",
   "Total N": "22",
   "Own Country N": "18",
   "Own Country %": "82",
   "Other EU Country N": ":",
   "Other EU Country %": ":",
   "Non-EU Country N": "4",
   "Non-EU Country %": "18",
   "Other N": ":",
   "Other %": ":",
   "Unknown N": ":",
   "Unknown %": ":",
   "Total N": "22"
 },
 {
   "Country": "IE",
   "victims 2017": "101",
   "victims 2018": "81",
   "victims 2017-2018": "182",
   "Gender Male N": "67",
   "Gender Male %": "37",
   "Gender Female N": "115",
   "Gender Female %": "63",
   "Gender Other N": "0",
   "Gender Other %": "0",
   "Gender Unknown N": "0",
   "Gender Unknown %": "0",
   "Gender Total N": "182",
   "Child N": "0",
   "Child %": "0",
   "Adult N": "182",
   "Adult %": "100",
   "Unknown N": "0",
   "Unknown %": "0",
   "Total N": "182",
   "Own Country N": "0",
   "Own Country %": "0",
   "Other EU Country N": "40",
   "Other EU Country %": "40",
   "Non-EU Country N": "61",
   "Non-EU Country %": "60",
   "Other N": ":",
   "Other %": ":",
   "Unknown N": ":",
   "Unknown %": ":",
   "Total N": "101"
 },
 {
   "Country": "EL",
   "victims 2017": "144",
   "victims 2018": "129",
   "victims 2017-2018": "273",
   "Gender Male N": "64",
   "Gender Male %": "23",
   "Gender Female N": "209",
   "Gender Female %": "77",
   "Gender Other N": "0",
   "Gender Other %": "0",
   "Gender Unknown N": "0",
   "Gender Unknown %": "0",
   "Gender Total N": "273",
   "Child N": "79",
   "Child %": "29",
   "Adult N": "194",
   "Adult %": "71",
   "Unknown N": "0",
   "Unknown %": "0",
   "Total N": "273",
   "Own Country N": "16",
   "Own Country %": "6",
   "Other EU Country N": "40",
   "Other EU Country %": "14",
   "Non-EU Country N": "186",
   "Non-EU Country %": "67",
   "Other N": ":",
   "Other %": ":",
   "Unknown N": "35",
   "Unknown %": "13",
   "Total N": "277"
 },
 {
   "Country": "ES",
   "victims 2017": "220",
   "victims 2018": "238",
   "victims 2017-2018": "458",
   "Gender Male N": "160",
   "Gender Male %": "35",
   "Gender Female N": "298",
   "Gender Female %": "65",
   "Gender Other N": ":",
   "Gender Other %": ":",
   "Gender Unknown N": ":",
   "Gender Unknown %": ":",
   "Gender Total N": "458",
   "Child N": "30",
   "Child %": "7",
   "Adult N": "428",
   "Adult %": "93",
   "Unknown N": ":",
   "Unknown %": ":",
   "Total N": "458",
   "Own Country N": "19",
   "Own Country %": "4",
   "Other EU Country N": "148",
   "Other EU Country %": "32",
   "Non-EU Country N": "291",
   "Non-EU Country %": "64",
   "Other N": ":",
   "Other %": ":",
   "Unknown N": ":",
   "Unknown %": ":",
   "Total N": "458"
 },
 {
   "Country": "FR",
   "victims 2017": "1 321",
   "victims 2018": "1 525",
   "victims 2017-2018": "2 846",
   "Gender Male N": "702",
   "Gender Male %": "25",
   "Gender Female N": "2 134",
   "Gender Female %": "75",
   "Gender Other N": "0",
   "Gender Other %": "0",
   "Gender Unknown N": "10",
   "Gender Unknown %": "0",
   "Gender Total N": "2 846",
   "Child N": "796",
   "Child %": "28",
   "Adult N": "2 050",
   "Adult %": "72",
   "Unknown N": "0",
   "Unknown %": "0",
   "Total N": "2 846",
   "Own Country N": "1 039",
   "Own Country %": "36",
   "Other EU Country N": "414",
   "Other EU Country %": "15",
   "Non-EU Country N": "1 085",
   "Non-EU Country %": "38",
   "Other N": "291",
   "Other %": "10",
   "Unknown N": "17",
   "Unknown %": "1",
   "Total N": "2 846"
 },
 {
   "Country": "HR",
   "victims 2017": "29",
   "victims 2018": "76",
   "victims 2017-2018": "105",
   "Gender Male N": "64",
   "Gender Male %": "61",
   "Gender Female N": "41",
   "Gender Female %": "39",
   "Gender Other N": ":",
   "Gender Other %": ":",
   "Gender Unknown N": ":",
   "Gender Unknown %": ":",
   "Gender Total N": "105",
   "Child N": "18",
   "Child %": "17",
   "Adult N": "87",
   "Adult %": "83",
   "Unknown N": ":",
   "Unknown %": ":",
   "Total N": "105",
   "Own Country N": "33",
   "Own Country %": "31",
   "Other EU Country N": "2",
   "Other EU Country %": "2",
   "Non-EU Country N": "70",
   "Non-EU Country %": "67",
   "Other N": ":",
   "Other %": ":",
   "Unknown N": ":",
   "Unknown %": ":",
   "Total N": "105"
 },
 {
   "Country": "IT",
   "victims 2017": "1 062",
   "victims 2018": "926",
   "victims 2017-2018": "1 988",
   "Gender Male N": "229",
   "Gender Male %": "11",
   "Gender Female N": "1 743",
   "Gender Female %": "88",
   "Gender Other N": "16",
   "Gender Other %": "1",
   "Gender Unknown N": "0",
   "Gender Unknown %": "0",
   "Gender Total N": "1 988",
   "Child N": "197",
   "Child %": "10",
   "Adult N": "1 791",
   "Adult %": "90",
   "Unknown N": "0",
   "Unknown %": "0",
   "Total N": "1 988",
   "Own Country N": ":",
   "Own Country %": ":",
   "Other EU Country N": "92",
   "Other EU Country %": "5",
   "Non-EU Country N": "1 750",
   "Non-EU Country %": "88",
   "Other N": "146",
   "Other %": "7",
   "Unknown N": ":",
   "Unknown %": ":",
   "Total N": "1 988"
 },
 {
   "Country": "CY",
   "victims 2017": "134",
   "victims 2018": "156",
   "victims 2017-2018": "290",
   "Gender Male N": "68",
   "Gender Male %": "23",
   "Gender Female N": "222",
   "Gender Female %": "77",
   "Gender Other N": ":",
   "Gender Other %": ":",
   "Gender Unknown N": ":",
   "Gender Unknown %": ":",
   "Gender Total N": "290",
   "Child N": "22",
   "Child %": "8",
   "Adult N": "268",
   "Adult %": "92",
   "Unknown N": ":",
   "Unknown %": ":",
   "Total N": "290",
   "Own Country N": "5",
   "Own Country %": "2",
   "Other EU Country N": "65",
   "Other EU Country %": "22",
   "Non-EU Country N": "220",
   "Non-EU Country %": "76",
   "Other N": ":",
   "Other %": ":",
   "Unknown N": ":",
   "Unknown %": ":",
   "Total N": "290"
 },
 {
   "Country": "LV",
   "victims 2017": "25",
   "victims 2018": "23",
   "victims 2017-2018": "48",
   "Gender Male N": "8",
   "Gender Male %": "17",
   "Gender Female N": "28",
   "Gender Female %": "58",
   "Gender Other N": "12",
   "Gender Other %": "25",
   "Gender Unknown N": "0",
   "Gender Unknown %": "0",
   "Gender Total N": "48",
   "Child N": "3",
   "Child %": "6",
   "Adult N": "45",
   "Adult %": "94",
   "Unknown N": "0",
   "Unknown %": "0",
   "Total N": "48",
   "Own Country N": "46",
   "Own Country %": "96",
   "Other EU Country N": ":",
   "Other EU Country %": ":",
   "Non-EU Country N": "2",
   "Non-EU Country %": "4",
   "Other N": ":",
   "Other %": ":",
   "Unknown N": ":",
   "Unknown %": ":",
   "Total N": "48"
 },
 {
   "Country": "LT",
   "victims 2017": "60",
   "victims 2018": "44",
   "victims 2017-2018": "104",
   "Gender Male N": "44",
   "Gender Male %": "42",
   "Gender Female N": "60",
   "Gender Female %": "58",
   "Gender Other N": ":",
   "Gender Other %": ":",
   "Gender Unknown N": ":",
   "Gender Unknown %": ":",
   "Gender Total N": "104",
   "Child N": "9",
   "Child %": "9",
   "Adult N": "95",
   "Adult %": "91",
   "Unknown N": ":",
   "Unknown %": ":",
   "Total N": "104",
   "Own Country N": "84",
   "Own Country %": "81",
   "Other EU Country N": ":",
   "Other EU Country %": ":",
   "Non-EU Country N": "20",
   "Non-EU Country %": "19",
   "Other N": ":",
   "Other %": ":",
   "Unknown N": ":",
   "Unknown %": ":",
   "Total N": "104"
 },
 {
   "Country": "LU",
   "victims 2017": "17",
   "victims 2018": "14",
   "victims 2017-2018": "31",
   "Gender Male N": "12",
   "Gender Male %": "39",
   "Gender Female N": "19",
   "Gender Female %": "61",
   "Gender Other N": ":",
   "Gender Other %": ":",
   "Gender Unknown N": ":",
   "Gender Unknown %": ":",
   "Gender Total N": "31",
   "Child N": "2",
   "Child %": "6",
   "Adult N": "29",
   "Adult %": "94",
   "Unknown N": ":",
   "Unknown %": ":",
   "Total N": "31",
   "Own Country N": ":",
   "Own Country %": ":",
   "Other EU Country N": "7",
   "Other EU Country %": "23",
   "Non-EU Country N": "24",
   "Non-EU Country %": "77",
   "Other N": ":",
   "Other %": ":",
   "Unknown N": ":",
   "Unknown %": ":",
   "Total N": "31"
 },
 {
   "Country": "HU",
   "victims 2017": "415",
   "victims 2018": "519",
   "victims 2017-2018": "934",
   "Gender Male N": "99",
   "Gender Male %": "11",
   "Gender Female N": "835",
   "Gender Female %": "89",
   "Gender Other N": ":",
   "Gender Other %": ":",
   "Gender Unknown N": ":",
   "Gender Unknown %": ":",
   "Gender Total N": "934",
   "Child N": "512",
   "Child %": "55",
   "Adult N": "422",
   "Adult %": "45",
   "Unknown N": ":",
   "Unknown %": ":",
   "Total N": "934",
   "Own Country N": "915",
   "Own Country %": "98",
   "Other EU Country N": "11",
   "Other EU Country %": "1",
   "Non-EU Country N": "8",
   "Non-EU Country %": "1",
   "Other N": ":",
   "Other %": ":",
   "Unknown N": ":",
   "Unknown %": ":",
   "Total N": "934"
 },
 {
   "Country": "MT",
   "victims 2017": "5",
   "victims 2018": "35",
   "victims 2017-2018": "40",
   "Gender Male N": "14",
   "Gender Male %": "35",
   "Gender Female N": "26",
   "Gender Female %": "65",
   "Gender Other N": "0",
   "Gender Other %": "0",
   "Gender Unknown N": "0",
   "Gender Unknown %": "0",
   "Gender Total N": "40",
   "Child N": "1",
   "Child %": "2",
   "Adult N": "39",
   "Adult %": "98",
   "Unknown N": "0",
   "Unknown %": "0",
   "Total N": "40",
   "Own Country N": "1",
   "Own Country %": "2",
   "Other EU Country N": "2",
   "Other EU Country %": "5",
   "Non-EU Country N": "37",
   "Non-EU Country %": "93",
   "Other N": ":",
   "Other %": ":",
   "Unknown N": ":",
   "Unknown %": ":",
   "Total N": "40"
 },
 {
   "Country": "NL",
   "victims 2017": "956",
   "victims 2018": "668",
   "victims 2017-2018": "1 624",
   "Gender Male N": "503",
   "Gender Male %": "31",
   "Gender Female N": "1 109",
   "Gender Female %": "68",
   "Gender Other N": "0",
   "Gender Other %": "0",
   "Gender Unknown N": "12",
   "Gender Unknown %": "1",
   "Gender Total N": "1 624",
   "Child N": "256",
   "Child %": "16",
   "Adult N": "1 364",
   "Adult %": "84",
   "Unknown N": "4",
   "Unknown %": "0",
   "Total N": "1 624",
   "Own Country N": "510",
   "Own Country %": "32",
   "Other EU Country N": "322",
   "Other EU Country %": "20",
   "Non-EU Country N": "753",
   "Non-EU Country %": "46",
   "Other N": ":",
   "Other %": ":",
   "Unknown N": "39",
   "Unknown %": "2",
   "Total N": "1 624"
 },
 {
   "Country": "AT",
   "victims 2017": "390",
   "victims 2018": "391",
   "victims 2017-2018": "781",
   "Gender Male N": "109",
   "Gender Male %": "14",
   "Gender Female N": "672",
   "Gender Female %": "86",
   "Gender Other N": "0",
   "Gender Other %": "0",
   "Gender Unknown N": "0",
   "Gender Unknown %": "0",
   "Gender Total N": "781",
   "Child N": "38",
   "Child %": "5",
   "Adult N": "648",
   "Adult %": "83",
   "Unknown N": "95",
   "Unknown %": "12",
   "Total N": "781",
   "Own Country N": "23",
   "Own Country %": "3",
   "Other EU Country N": "257",
   "Other EU Country %": "31",
   "Non-EU Country N": "512",
   "Non-EU Country %": "61",
   "Other N": "41",
   "Other %": "5",
   "Unknown N": "5",
   "Unknown %": "0",
   "Total N": "838"
 },
 {
   "Country": "PL",
   "victims 2017": "453",
   "victims 2018": "222",
   "victims 2017-2018": "675",
   "Gender Male N": ":",
   "Gender Male %": ":",
   "Gender Female N": ":",
   "Gender Female %": ":",
   "Gender Other N": ":",
   "Gender Other %": ":",
   "Gender Unknown N": "675",
   "Gender Unknown %": "100",
   "Gender Total N": "675",
   "Child N": "30",
   "Child %": "4",
   "Adult N": "620",
   "Adult %": "92",
   "Unknown N": "25",
   "Unknown %": "4",
   "Total N": "675",
   "Own Country N": "330",
   "Own Country %": "49",
   "Other EU Country N": "44",
   "Other EU Country %": "7",
   "Non-EU Country N": "266",
   "Non-EU Country %": "39",
   "Other N": ":",
   "Other %": ":",
   "Unknown N": "35",
   "Unknown %": "5",
   "Total N": "675"
 },
 {
   "Country": "PT",
   "victims 2017": "103",
   "victims 2018": "121",
   "victims 2017-2018": "224",
   "Gender Male N": "118",
   "Gender Male %": "53",
   "Gender Female N": "104",
   "Gender Female %": "46",
   "Gender Other N": "0",
   "Gender Other %": "0",
   "Gender Unknown N": "2",
   "Gender Unknown %": "1",
   "Gender Total N": "224",
   "Child N": "65",
   "Child %": "29",
   "Adult N": "157",
   "Adult %": "70",
   "Unknown N": "2",
   "Unknown %": "1",
   "Total N": "224",
   "Own Country N": "47",
   "Own Country %": "21",
   "Other EU Country N": "36",
   "Other EU Country %": "16",
   "Non-EU Country N": "136",
   "Non-EU Country %": "61",
   "Other N": "2",
   "Other %": "1",
   "Unknown N": "3",
   "Unknown %": "1",
   "Total N": "224"
 },
 {
   "Country": "RO",
   "victims 2017": "662",
   "victims 2018": "497",
   "victims 2017-2018": "1 159",
   "Gender Male N": "290",
   "Gender Male %": "25",
   "Gender Female N": "869",
   "Gender Female %": "75",
   "Gender Other N": ":",
   "Gender Other %": ":",
   "Gender Unknown N": ":",
   "Gender Unknown %": ":",
   "Gender Total N": "1 159",
   "Child N": "552",
   "Child %": "48",
   "Adult N": "607",
   "Adult %": "52",
   "Unknown N": "0",
   "Unknown %": "0",
   "Total N": "1 159",
   "Own Country N": "1 157",
   "Own Country %": "100",
   "Other EU Country N": "1",
   "Other EU Country %": "0",
   "Non-EU Country N": "1",
   "Non-EU Country %": "0",
   "Other N": ":",
   "Other %": ":",
   "Unknown N": ":",
   "Unknown %": ":",
   "Total N": "1 159"
 },
 {
   "Country": "SI",
   "victims 2017": "66",
   "victims 2018": "101",
   "victims 2017-2018": "167",
   "Gender Male N": "32",
   "Gender Male %": "19",
   "Gender Female N": "135",
   "Gender Female %": "81",
   "Gender Other N": "0",
   "Gender Other %": "0",
   "Gender Unknown N": "0",
   "Gender Unknown %": "0",
   "Gender Total N": "167",
   "Child N": "0",
   "Child %": "0",
   "Adult N": "167",
   "Adult %": "100",
   "Unknown N": "0",
   "Unknown %": "0",
   "Total N": "167",
   "Own Country N": "4",
   "Own Country %": "2",
   "Other EU Country N": "66",
   "Other EU Country %": "40",
   "Non-EU Country N": "84",
   "Non-EU Country %": "50",
   "Other N": "2",
   "Other %": "1",
   "Unknown N": "11",
   "Unknown %": "7",
   "Total N": "167"
 },
 {
   "Country": "SK",
   "victims 2017": "88",
   "victims 2018": "56",
   "victims 2017-2018": "144",
   "Gender Male N": "52",
   "Gender Male %": "36",
   "Gender Female N": "92",
   "Gender Female %": "64",
   "Gender Other N": "0",
   "Gender Other %": "0",
   "Gender Unknown N": "0",
   "Gender Unknown %": "0",
   "Gender Total N": "144",
   "Child N": "23",
   "Child %": "16",
   "Adult N": "121",
   "Adult %": "84",
   "Unknown N": "0",
   "Unknown %": "0",
   "Total N": "144",
   "Own Country N": "140",
   "Own Country %": "97",
   "Other EU Country N": "2",
   "Other EU Country %": "1",
   "Non-EU Country N": "2",
   "Non-EU Country %": "2",
   "Other N": ":",
   "Other %": ":",
   "Unknown N": ":",
   "Unknown %": ":",
   "Total N": "144"
 },
 {
   "Country": "FI",
   "victims 2017": "85",
   "victims 2018": "88",
   "victims 2017-2018": "173",
   "Gender Male N": "67",
   "Gender Male %": "39",
   "Gender Female N": "106",
   "Gender Female %": "61",
   "Gender Other N": "0",
   "Gender Other %": "0",
   "Gender Unknown N": "0",
   "Gender Unknown %": "0",
   "Gender Total N": "173",
   "Child N": "43",
   "Child %": "25",
   "Adult N": "123",
   "Adult %": "71",
   "Unknown N": "7",
   "Unknown %": "4",
   "Total N": "173",
   "Own Country N": "15",
   "Own Country %": "9",
   "Other EU Country N": "12",
   "Other EU Country %": "7",
   "Non-EU Country N": "141",
   "Non-EU Country %": "81",
   "Other N": ":",
   "Other %": ":",
   "Unknown N": "5",
   "Unknown %": "3",
   "Total N": "173"
 },
 {
   "Country": "SE",
   "victims 2017": ":",
   "victims 2018": ":",
   "victims 2017-2018": ":",
   "Gender Male N": ":",
   "Gender Male %": ":",
   "Gender Female N": ":",
   "Gender Female %": ":",
   "Gender Other N": ":",
   "Gender Other %": ":",
   "Gender Unknown N": ":",
   "Gender Unknown %": ":",
   "Gender Total N": ":",
   "Child N": ":",
   "Child %": ":",
   "Adult N": ":",
   "Adult %": ":",
   "Unknown N": ":",
   "Unknown %": ":",
   "Total N": ":",
   "Own Country N": ":",
   "Own Country %": ":",
   "Other EU Country N": ":",
   "Other EU Country %": ":",
   "Non-EU Country N": ":",
   "Non-EU Country %": ":",
   "Other N": ":",
   "Other %": ":",
   "Unknown N": ":",
   "Unknown %": ":",
   "Total N": ":"
 },
 {
   "Country": "UK",
   "victims 2017": "5 138",
   "victims 2018": "6 985",
   "victims 2017-2018": "12 123",
   "Gender Male N": "6 941",
   "Gender Male %": "57",
   "Gender Female N": "5 175",
   "Gender Female %": "43",
   "Gender Other N": "7",
   "Gender Other %": "0",
   "Gender Unknown N": "0",
   "Gender Unknown %": "0",
   "Gender Total N": "12 123",
   "Child N": "5 244",
   "Child %": "43",
   "Adult N": "6 879",
   "Adult %": "57",
   "Unknown N": "0",
   "Unknown %": "0",
   "Total N": "12 123",
   "Own Country N": "2 444",
   "Own Country %": "20",
   "Other EU Country N": "1 500",
   "Other EU Country %": "12",
   "Non-EU Country N": "8 168",
   "Non-EU Country %": "68",
   "Other N": "1",
   "Other %": "0",
   "Unknown N": "4",
   "Unknown %": "0",
   "Total N": "12 117"
 }
]