<?xml version="1.0" encoding="UTF-8"?>
<rdf:RDF xmlns:odohteu="http://www.odohteu.github.io/" xmlns:rdf="http://www.w3.org/1999/02/22-rdf-syntax-ns#">
<root>
  <row>
    <odohteu:Country>BE</odohteu:Country>
    <odohteu:victims2017>140</odohteu:victims2017>
    <odohteu:victims2018>134</odohteu:victims2018>
    <odohteu:victims2017-2018>274</odohteu:victims2017-2018>
    <odohteu:GenderMaleN>144</odohteu:GenderMaleN>
    <odohteu:GenderMalePercentage>53</odohteu:GenderMalePercentage>
    <odohteu:GenderFemaleN>130</odohteu:GenderFemaleN>
    <odohteu:GenderFemalePercentage>47</odohteu:GenderFemalePercentage>
    <odohteu:GenderOtherN>0</odohteu:GenderOtherN>
    <odohteu:GenderOtherPercentage>0</odohteu:GenderOtherPercentage>
    <odohteu:GenderUnknownN>0</odohteu:GenderUnknownN>
    <odohteu:GenderUnknownPercentage>0</odohteu:GenderUnknownPercentage>
    <odohteu:GenderTotalN>274</odohteu:GenderTotalN>
    <odohteu:ChildN>24</odohteu:ChildN>
    <odohteu:ChildPercentage>9</odohteu:ChildPercentage>
    <odohteu:AdultN>250</odohteu:AdultN>
    <odohteu:AdultPercentage>91</odohteu:AdultPercentage>
    <odohteu:UnknownN>1</odohteu:UnknownN>
    <odohteu:UnknownPercentage>0</odohteu:UnknownPercentage>
    <odohteu:TotalN>274</odohteu:TotalN>
    <odohteu:OwnCountryN>:</odohteu:OwnCountryN>
    <odohteu:OwnCountryPercentage>:</odohteu:OwnCountryPercentage>
    <odohteu:OtherEUCountryN>38</odohteu:OtherEUCountryN>
    <odohteu:OtherEUCountryPercentage>14</odohteu:OtherEUCountryPercentage>
    <odohteu:Non-EUCountryN>234</odohteu:Non-EUCountryN>
    <odohteu:Non-EUCountryPercentage>86</odohteu:Non-EUCountryPercentage>
    <odohteu:OtherN>1</odohteu:OtherN>
    <odohteu:OtherPercentage>0</odohteu:OtherPercentage>
  </row>
  <row>
    <odohteu:Country>BG</odohteu:Country>
    <odohteu:victims2017>19</odohteu:victims2017>
    <odohteu:victims2018>9</odohteu:victims2018>
    <odohteu:victims2017-2018>28</odohteu:victims2017-2018>
    <odohteu:GenderMaleN>1</odohteu:GenderMaleN>
    <odohteu:GenderMalePercentage>4</odohteu:GenderMalePercentage>
    <odohteu:GenderFemaleN>27</odohteu:GenderFemaleN>
    <odohteu:GenderFemalePercentage>96</odohteu:GenderFemalePercentage>
    <odohteu:GenderOtherN>0</odohteu:GenderOtherN>
    <odohteu:GenderOtherPercentage>0</odohteu:GenderOtherPercentage>
    <odohteu:GenderUnknownN>0</odohteu:GenderUnknownN>
    <odohteu:GenderUnknownPercentage>0</odohteu:GenderUnknownPercentage>
    <odohteu:GenderTotalN>28</odohteu:GenderTotalN>
    <odohteu:ChildN>7</odohteu:ChildN>
    <odohteu:ChildPercentage>25</odohteu:ChildPercentage>
    <odohteu:AdultN>21</odohteu:AdultN>
    <odohteu:AdultPercentage>75</odohteu:AdultPercentage>
    <odohteu:UnknownN>1</odohteu:UnknownN>
    <odohteu:UnknownPercentage>4</odohteu:UnknownPercentage>
    <odohteu:TotalN>28</odohteu:TotalN>
    <odohteu:OwnCountryN>27</odohteu:OwnCountryN>
    <odohteu:OwnCountryPercentage>96</odohteu:OwnCountryPercentage>
    <odohteu:OtherEUCountryN>:</odohteu:OtherEUCountryN>
    <odohteu:OtherEUCountryPercentage>:</odohteu:OtherEUCountryPercentage>
    <odohteu:Non-EUCountryN>:</odohteu:Non-EUCountryN>
    <odohteu:Non-EUCountryPercentage>:</odohteu:Non-EUCountryPercentage>
    <odohteu:OtherN>:</odohteu:OtherN>
    <odohteu:OtherPercentage>:</odohteu:OtherPercentage>
  </row>
  <row>
    <odohteu:Country>CZ</odohteu:Country>
    <odohteu:victims2017>:</odohteu:victims2017>
    <odohteu:victims2018>:</odohteu:victims2018>
    <odohteu:victims2017-2018>:</odohteu:victims2017-2018>
    <odohteu:GenderMaleN>:</odohteu:GenderMaleN>
    <odohteu:GenderMalePercentage>:</odohteu:GenderMalePercentage>
    <odohteu:GenderFemaleN>:</odohteu:GenderFemaleN>
    <odohteu:GenderFemalePercentage>:</odohteu:GenderFemalePercentage>
    <odohteu:GenderOtherN>:</odohteu:GenderOtherN>
    <odohteu:GenderOtherPercentage>:</odohteu:GenderOtherPercentage>
    <odohteu:GenderUnknownN>:</odohteu:GenderUnknownN>
    <odohteu:GenderUnknownPercentage>:</odohteu:GenderUnknownPercentage>
    <odohteu:GenderTotalN>:</odohteu:GenderTotalN>
    <odohteu:ChildN>:</odohteu:ChildN>
    <odohteu:ChildPercentage>:</odohteu:ChildPercentage>
    <odohteu:AdultN>:</odohteu:AdultN>
    <odohteu:AdultPercentage>:</odohteu:AdultPercentage>
    <odohteu:UnknownN>:</odohteu:UnknownN>
    <odohteu:UnknownPercentage>:</odohteu:UnknownPercentage>
    <odohteu:TotalN>:</odohteu:TotalN>
    <odohteu:OwnCountryN>:</odohteu:OwnCountryN>
    <odohteu:OwnCountryPercentage>:</odohteu:OwnCountryPercentage>
    <odohteu:OtherEUCountryN>:</odohteu:OtherEUCountryN>
    <odohteu:OtherEUCountryPercentage>:</odohteu:OtherEUCountryPercentage>
    <odohteu:Non-EUCountryN>:</odohteu:Non-EUCountryN>
    <odohteu:Non-EUCountryPercentage>:</odohteu:Non-EUCountryPercentage>
    <odohteu:OtherN>:</odohteu:OtherN>
    <odohteu:OtherPercentage>:</odohteu:OtherPercentage>
  </row>
  <row>
    <odohteu:Country>DK</odohteu:Country>
    <odohteu:victims2017>98</odohteu:victims2017>
    <odohteu:victims2018>97</odohteu:victims2018>
    <odohteu:victims2017-2018>195</odohteu:victims2017-2018>
    <odohteu:GenderMaleN>69</odohteu:GenderMaleN>
    <odohteu:GenderMalePercentage>35</odohteu:GenderMalePercentage>
    <odohteu:GenderFemaleN>121</odohteu:GenderFemaleN>
    <odohteu:GenderFemalePercentage>62</odohteu:GenderFemalePercentage>
    <odohteu:GenderOtherN>5</odohteu:GenderOtherN>
    <odohteu:GenderOtherPercentage>3</odohteu:GenderOtherPercentage>
    <odohteu:GenderUnknownN>0</odohteu:GenderUnknownN>
    <odohteu:GenderUnknownPercentage>0</odohteu:GenderUnknownPercentage>
    <odohteu:GenderTotalN>195</odohteu:GenderTotalN>
    <odohteu:ChildN>13</odohteu:ChildN>
    <odohteu:ChildPercentage>7</odohteu:ChildPercentage>
    <odohteu:AdultN>182</odohteu:AdultN>
    <odohteu:AdultPercentage>93</odohteu:AdultPercentage>
    <odohteu:UnknownN>:</odohteu:UnknownN>
    <odohteu:UnknownPercentage>:</odohteu:UnknownPercentage>
    <odohteu:TotalN>195</odohteu:TotalN>
    <odohteu:OwnCountryN>1</odohteu:OwnCountryN>
    <odohteu:OwnCountryPercentage>1</odohteu:OwnCountryPercentage>
    <odohteu:OtherEUCountryN>8</odohteu:OtherEUCountryN>
    <odohteu:OtherEUCountryPercentage>4</odohteu:OtherEUCountryPercentage>
    <odohteu:Non-EUCountryN>186</odohteu:Non-EUCountryN>
    <odohteu:Non-EUCountryPercentage>95</odohteu:Non-EUCountryPercentage>
    <odohteu:OtherN>:</odohteu:OtherN>
    <odohteu:OtherPercentage>:</odohteu:OtherPercentage>
  </row>
  <row>
    <odohteu:Country>DE</odohteu:Country>
    <odohteu:victims2017>773</odohteu:victims2017>
    <odohteu:victims2018>607</odohteu:victims2018>
    <odohteu:victims2017-2018>1 380</odohteu:victims2017-2018>
    <odohteu:GenderMaleN>303</odohteu:GenderMaleN>
    <odohteu:GenderMalePercentage>22</odohteu:GenderMalePercentage>
    <odohteu:GenderFemaleN>1 066</odohteu:GenderFemaleN>
    <odohteu:GenderFemalePercentage>77</odohteu:GenderFemalePercentage>
    <odohteu:GenderOtherN>0</odohteu:GenderOtherN>
    <odohteu:GenderOtherPercentage>0</odohteu:GenderOtherPercentage>
    <odohteu:GenderUnknownN>11</odohteu:GenderUnknownN>
    <odohteu:GenderUnknownPercentage>1</odohteu:GenderUnknownPercentage>
    <odohteu:GenderTotalN>1 380</odohteu:GenderTotalN>
    <odohteu:ChildN>335</odohteu:ChildN>
    <odohteu:ChildPercentage>24</odohteu:ChildPercentage>
    <odohteu:AdultN>955</odohteu:AdultN>
    <odohteu:AdultPercentage>69</odohteu:AdultPercentage>
    <odohteu:UnknownN>88</odohteu:UnknownN>
    <odohteu:UnknownPercentage>6</odohteu:UnknownPercentage>
    <odohteu:TotalN>1 380</odohteu:TotalN>
    <odohteu:OwnCountryN>339</odohteu:OwnCountryN>
    <odohteu:OwnCountryPercentage>25</odohteu:OwnCountryPercentage>
    <odohteu:OtherEUCountryN>579</odohteu:OtherEUCountryN>
    <odohteu:OtherEUCountryPercentage>42</odohteu:OtherEUCountryPercentage>
    <odohteu:Non-EUCountryN>342</odohteu:Non-EUCountryN>
    <odohteu:Non-EUCountryPercentage>25</odohteu:Non-EUCountryPercentage>
    <odohteu:OtherN>32</odohteu:OtherN>
    <odohteu:OtherPercentage>2</odohteu:OtherPercentage>
  </row>
  <row>
    <odohteu:Country>EE</odohteu:Country>
    <odohteu:victims2017>10</odohteu:victims2017>
    <odohteu:victims2018>12</odohteu:victims2018>
    <odohteu:victims2017-2018>22</odohteu:victims2017-2018>
    <odohteu:GenderMaleN>3</odohteu:GenderMaleN>
    <odohteu:GenderMalePercentage>14</odohteu:GenderMalePercentage>
    <odohteu:GenderFemaleN>19</odohteu:GenderFemaleN>
    <odohteu:GenderFemalePercentage>86</odohteu:GenderFemalePercentage>
    <odohteu:GenderOtherN>:</odohteu:GenderOtherN>
    <odohteu:GenderOtherPercentage>:</odohteu:GenderOtherPercentage>
    <odohteu:GenderUnknownN>:</odohteu:GenderUnknownN>
    <odohteu:GenderUnknownPercentage>:</odohteu:GenderUnknownPercentage>
    <odohteu:GenderTotalN>22</odohteu:GenderTotalN>
    <odohteu:ChildN>11</odohteu:ChildN>
    <odohteu:ChildPercentage>50</odohteu:ChildPercentage>
    <odohteu:AdultN>11</odohteu:AdultN>
    <odohteu:AdultPercentage>50</odohteu:AdultPercentage>
    <odohteu:UnknownN>:</odohteu:UnknownN>
    <odohteu:UnknownPercentage>:</odohteu:UnknownPercentage>
    <odohteu:TotalN>22</odohteu:TotalN>
    <odohteu:OwnCountryN>18</odohteu:OwnCountryN>
    <odohteu:OwnCountryPercentage>82</odohteu:OwnCountryPercentage>
    <odohteu:OtherEUCountryN>:</odohteu:OtherEUCountryN>
    <odohteu:OtherEUCountryPercentage>:</odohteu:OtherEUCountryPercentage>
    <odohteu:Non-EUCountryN>4</odohteu:Non-EUCountryN>
    <odohteu:Non-EUCountryPercentage>18</odohteu:Non-EUCountryPercentage>
    <odohteu:OtherN>:</odohteu:OtherN>
    <odohteu:OtherPercentage>:</odohteu:OtherPercentage>
  </row>
  <row>
    <odohteu:Country>IE</odohteu:Country>
    <odohteu:victims2017>101</odohteu:victims2017>
    <odohteu:victims2018>81</odohteu:victims2018>
    <odohteu:victims2017-2018>182</odohteu:victims2017-2018>
    <odohteu:GenderMaleN>67</odohteu:GenderMaleN>
    <odohteu:GenderMalePercentage>37</odohteu:GenderMalePercentage>
    <odohteu:GenderFemaleN>115</odohteu:GenderFemaleN>
    <odohteu:GenderFemalePercentage>63</odohteu:GenderFemalePercentage>
    <odohteu:GenderOtherN>0</odohteu:GenderOtherN>
    <odohteu:GenderOtherPercentage>0</odohteu:GenderOtherPercentage>
    <odohteu:GenderUnknownN>0</odohteu:GenderUnknownN>
    <odohteu:GenderUnknownPercentage>0</odohteu:GenderUnknownPercentage>
    <odohteu:GenderTotalN>182</odohteu:GenderTotalN>
    <odohteu:ChildN>0</odohteu:ChildN>
    <odohteu:ChildPercentage>0</odohteu:ChildPercentage>
    <odohteu:AdultN>182</odohteu:AdultN>
    <odohteu:AdultPercentage>100</odohteu:AdultPercentage>
    <odohteu:UnknownN>:</odohteu:UnknownN>
    <odohteu:UnknownPercentage>:</odohteu:UnknownPercentage>
    <odohteu:TotalN>101</odohteu:TotalN>
    <odohteu:OwnCountryN>0</odohteu:OwnCountryN>
    <odohteu:OwnCountryPercentage>0</odohteu:OwnCountryPercentage>
    <odohteu:OtherEUCountryN>40</odohteu:OtherEUCountryN>
    <odohteu:OtherEUCountryPercentage>40</odohteu:OtherEUCountryPercentage>
    <odohteu:Non-EUCountryN>61</odohteu:Non-EUCountryN>
    <odohteu:Non-EUCountryPercentage>60</odohteu:Non-EUCountryPercentage>
    <odohteu:OtherN>:</odohteu:OtherN>
    <odohteu:OtherPercentage>:</odohteu:OtherPercentage>
  </row>
  <row>
    <odohteu:Country>EL</odohteu:Country>
    <odohteu:victims2017>144</odohteu:victims2017>
    <odohteu:victims2018>129</odohteu:victims2018>
    <odohteu:victims2017-2018>273</odohteu:victims2017-2018>
    <odohteu:GenderMaleN>64</odohteu:GenderMaleN>
    <odohteu:GenderMalePercentage>23</odohteu:GenderMalePercentage>
    <odohteu:GenderFemaleN>209</odohteu:GenderFemaleN>
    <odohteu:GenderFemalePercentage>77</odohteu:GenderFemalePercentage>
    <odohteu:GenderOtherN>0</odohteu:GenderOtherN>
    <odohteu:GenderOtherPercentage>0</odohteu:GenderOtherPercentage>
    <odohteu:GenderUnknownN>0</odohteu:GenderUnknownN>
    <odohteu:GenderUnknownPercentage>0</odohteu:GenderUnknownPercentage>
    <odohteu:GenderTotalN>273</odohteu:GenderTotalN>
    <odohteu:ChildN>79</odohteu:ChildN>
    <odohteu:ChildPercentage>29</odohteu:ChildPercentage>
    <odohteu:AdultN>194</odohteu:AdultN>
    <odohteu:AdultPercentage>71</odohteu:AdultPercentage>
    <odohteu:UnknownN>35</odohteu:UnknownN>
    <odohteu:UnknownPercentage>13</odohteu:UnknownPercentage>
    <odohteu:TotalN>277</odohteu:TotalN>
    <odohteu:OwnCountryN>16</odohteu:OwnCountryN>
    <odohteu:OwnCountryPercentage>6</odohteu:OwnCountryPercentage>
    <odohteu:OtherEUCountryN>40</odohteu:OtherEUCountryN>
    <odohteu:OtherEUCountryPercentage>14</odohteu:OtherEUCountryPercentage>
    <odohteu:Non-EUCountryN>186</odohteu:Non-EUCountryN>
    <odohteu:Non-EUCountryPercentage>67</odohteu:Non-EUCountryPercentage>
    <odohteu:OtherN>:</odohteu:OtherN>
    <odohteu:OtherPercentage>:</odohteu:OtherPercentage>
  </row>
  <row>
    <odohteu:Country>ES</odohteu:Country>
    <odohteu:victims2017>220</odohteu:victims2017>
    <odohteu:victims2018>238</odohteu:victims2018>
    <odohteu:victims2017-2018>458</odohteu:victims2017-2018>
    <odohteu:GenderMaleN>160</odohteu:GenderMaleN>
    <odohteu:GenderMalePercentage>35</odohteu:GenderMalePercentage>
    <odohteu:GenderFemaleN>298</odohteu:GenderFemaleN>
    <odohteu:GenderFemalePercentage>65</odohteu:GenderFemalePercentage>
    <odohteu:GenderOtherN>:</odohteu:GenderOtherN>
    <odohteu:GenderOtherPercentage>:</odohteu:GenderOtherPercentage>
    <odohteu:GenderUnknownN>:</odohteu:GenderUnknownN>
    <odohteu:GenderUnknownPercentage>:</odohteu:GenderUnknownPercentage>
    <odohteu:GenderTotalN>458</odohteu:GenderTotalN>
    <odohteu:ChildN>30</odohteu:ChildN>
    <odohteu:ChildPercentage>7</odohteu:ChildPercentage>
    <odohteu:AdultN>428</odohteu:AdultN>
    <odohteu:AdultPercentage>93</odohteu:AdultPercentage>
    <odohteu:UnknownN>:</odohteu:UnknownN>
    <odohteu:UnknownPercentage>:</odohteu:UnknownPercentage>
    <odohteu:TotalN>458</odohteu:TotalN>
    <odohteu:OwnCountryN>19</odohteu:OwnCountryN>
    <odohteu:OwnCountryPercentage>4</odohteu:OwnCountryPercentage>
    <odohteu:OtherEUCountryN>148</odohteu:OtherEUCountryN>
    <odohteu:OtherEUCountryPercentage>32</odohteu:OtherEUCountryPercentage>
    <odohteu:Non-EUCountryN>291</odohteu:Non-EUCountryN>
    <odohteu:Non-EUCountryPercentage>64</odohteu:Non-EUCountryPercentage>
    <odohteu:OtherN>:</odohteu:OtherN>
    <odohteu:OtherPercentage>:</odohteu:OtherPercentage>
  </row>
  <row>
    <odohteu:Country>FR</odohteu:Country>
    <odohteu:victims2017>1 321</odohteu:victims2017>
    <odohteu:victims2018>1 525</odohteu:victims2018>
    <odohteu:victims2017-2018>2 846</odohteu:victims2017-2018>
    <odohteu:GenderMaleN>702</odohteu:GenderMaleN>
    <odohteu:GenderMalePercentage>25</odohteu:GenderMalePercentage>
    <odohteu:GenderFemaleN>2 134</odohteu:GenderFemaleN>
    <odohteu:GenderFemalePercentage>75</odohteu:GenderFemalePercentage>
    <odohteu:GenderOtherN>0</odohteu:GenderOtherN>
    <odohteu:GenderOtherPercentage>0</odohteu:GenderOtherPercentage>
    <odohteu:GenderUnknownN>10</odohteu:GenderUnknownN>
    <odohteu:GenderUnknownPercentage>0</odohteu:GenderUnknownPercentage>
    <odohteu:GenderTotalN>2 846</odohteu:GenderTotalN>
    <odohteu:ChildN>796</odohteu:ChildN>
    <odohteu:ChildPercentage>28</odohteu:ChildPercentage>
    <odohteu:AdultN>2 050</odohteu:AdultN>
    <odohteu:AdultPercentage>72</odohteu:AdultPercentage>
    <odohteu:UnknownN>17</odohteu:UnknownN>
    <odohteu:UnknownPercentage>1</odohteu:UnknownPercentage>
    <odohteu:TotalN>2 846</odohteu:TotalN>
    <odohteu:OwnCountryN>1 039</odohteu:OwnCountryN>
    <odohteu:OwnCountryPercentage>36</odohteu:OwnCountryPercentage>
    <odohteu:OtherEUCountryN>414</odohteu:OtherEUCountryN>
    <odohteu:OtherEUCountryPercentage>15</odohteu:OtherEUCountryPercentage>
    <odohteu:Non-EUCountryN>1 085</odohteu:Non-EUCountryN>
    <odohteu:Non-EUCountryPercentage>38</odohteu:Non-EUCountryPercentage>
    <odohteu:OtherN>291</odohteu:OtherN>
    <odohteu:OtherPercentage>10</odohteu:OtherPercentage>
  </row>
  <row>
    <odohteu:Country>HR</odohteu:Country>
    <odohteu:victims2017>29</odohteu:victims2017>
    <odohteu:victims2018>76</odohteu:victims2018>
    <odohteu:victims2017-2018>105</odohteu:victims2017-2018>
    <odohteu:GenderMaleN>64</odohteu:GenderMaleN>
    <odohteu:GenderMalePercentage>61</odohteu:GenderMalePercentage>
    <odohteu:GenderFemaleN>41</odohteu:GenderFemaleN>
    <odohteu:GenderFemalePercentage>39</odohteu:GenderFemalePercentage>
    <odohteu:GenderOtherN>:</odohteu:GenderOtherN>
    <odohteu:GenderOtherPercentage>:</odohteu:GenderOtherPercentage>
    <odohteu:GenderUnknownN>:</odohteu:GenderUnknownN>
    <odohteu:GenderUnknownPercentage>:</odohteu:GenderUnknownPercentage>
    <odohteu:GenderTotalN>105</odohteu:GenderTotalN>
    <odohteu:ChildN>18</odohteu:ChildN>
    <odohteu:ChildPercentage>17</odohteu:ChildPercentage>
    <odohteu:AdultN>87</odohteu:AdultN>
    <odohteu:AdultPercentage>83</odohteu:AdultPercentage>
    <odohteu:UnknownN>:</odohteu:UnknownN>
    <odohteu:UnknownPercentage>:</odohteu:UnknownPercentage>
    <odohteu:TotalN>105</odohteu:TotalN>
    <odohteu:OwnCountryN>33</odohteu:OwnCountryN>
    <odohteu:OwnCountryPercentage>31</odohteu:OwnCountryPercentage>
    <odohteu:OtherEUCountryN>2</odohteu:OtherEUCountryN>
    <odohteu:OtherEUCountryPercentage>2</odohteu:OtherEUCountryPercentage>
    <odohteu:Non-EUCountryN>70</odohteu:Non-EUCountryN>
    <odohteu:Non-EUCountryPercentage>67</odohteu:Non-EUCountryPercentage>
    <odohteu:OtherN>:</odohteu:OtherN>
    <odohteu:OtherPercentage>:</odohteu:OtherPercentage>
  </row>
  <row>
    <odohteu:Country>IT</odohteu:Country>
    <odohteu:victims2017>1 062</odohteu:victims2017>
    <odohteu:victims2018>926</odohteu:victims2018>
    <odohteu:victims2017-2018>1 988</odohteu:victims2017-2018>
    <odohteu:GenderMaleN>229</odohteu:GenderMaleN>
    <odohteu:GenderMalePercentage>11</odohteu:GenderMalePercentage>
    <odohteu:GenderFemaleN>1 743</odohteu:GenderFemaleN>
    <odohteu:GenderFemalePercentage>88</odohteu:GenderFemalePercentage>
    <odohteu:GenderOtherN>16</odohteu:GenderOtherN>
    <odohteu:GenderOtherPercentage>1</odohteu:GenderOtherPercentage>
    <odohteu:GenderUnknownN>0</odohteu:GenderUnknownN>
    <odohteu:GenderUnknownPercentage>0</odohteu:GenderUnknownPercentage>
    <odohteu:GenderTotalN>1 988</odohteu:GenderTotalN>
    <odohteu:ChildN>197</odohteu:ChildN>
    <odohteu:ChildPercentage>10</odohteu:ChildPercentage>
    <odohteu:AdultN>1 791</odohteu:AdultN>
    <odohteu:AdultPercentage>90</odohteu:AdultPercentage>
    <odohteu:UnknownN>:</odohteu:UnknownN>
    <odohteu:UnknownPercentage>:</odohteu:UnknownPercentage>
    <odohteu:TotalN>1 988</odohteu:TotalN>
    <odohteu:OwnCountryN>:</odohteu:OwnCountryN>
    <odohteu:OwnCountryPercentage>:</odohteu:OwnCountryPercentage>
    <odohteu:OtherEUCountryN>92</odohteu:OtherEUCountryN>
    <odohteu:OtherEUCountryPercentage>5</odohteu:OtherEUCountryPercentage>
    <odohteu:Non-EUCountryN>1 750</odohteu:Non-EUCountryN>
    <odohteu:Non-EUCountryPercentage>88</odohteu:Non-EUCountryPercentage>
    <odohteu:OtherN>146</odohteu:OtherN>
    <odohteu:OtherPercentage>7</odohteu:OtherPercentage>
  </row>
  <row>
    <odohteu:Country>CY</odohteu:Country>
    <odohteu:victims2017>134</odohteu:victims2017>
    <odohteu:victims2018>156</odohteu:victims2018>
    <odohteu:victims2017-2018>290</odohteu:victims2017-2018>
    <odohteu:GenderMaleN>68</odohteu:GenderMaleN>
    <odohteu:GenderMalePercentage>23</odohteu:GenderMalePercentage>
    <odohteu:GenderFemaleN>222</odohteu:GenderFemaleN>
    <odohteu:GenderFemalePercentage>77</odohteu:GenderFemalePercentage>
    <odohteu:GenderOtherN>:</odohteu:GenderOtherN>
    <odohteu:GenderOtherPercentage>:</odohteu:GenderOtherPercentage>
    <odohteu:GenderUnknownN>:</odohteu:GenderUnknownN>
    <odohteu:GenderUnknownPercentage>:</odohteu:GenderUnknownPercentage>
    <odohteu:GenderTotalN>290</odohteu:GenderTotalN>
    <odohteu:ChildN>22</odohteu:ChildN>
    <odohteu:ChildPercentage>8</odohteu:ChildPercentage>
    <odohteu:AdultN>268</odohteu:AdultN>
    <odohteu:AdultPercentage>92</odohteu:AdultPercentage>
    <odohteu:UnknownN>:</odohteu:UnknownN>
    <odohteu:UnknownPercentage>:</odohteu:UnknownPercentage>
    <odohteu:TotalN>290</odohteu:TotalN>
    <odohteu:OwnCountryN>5</odohteu:OwnCountryN>
    <odohteu:OwnCountryPercentage>2</odohteu:OwnCountryPercentage>
    <odohteu:OtherEUCountryN>65</odohteu:OtherEUCountryN>
    <odohteu:OtherEUCountryPercentage>22</odohteu:OtherEUCountryPercentage>
    <odohteu:Non-EUCountryN>220</odohteu:Non-EUCountryN>
    <odohteu:Non-EUCountryPercentage>76</odohteu:Non-EUCountryPercentage>
    <odohteu:OtherN>:</odohteu:OtherN>
    <odohteu:OtherPercentage>:</odohteu:OtherPercentage>
  </row>
  <row>
    <odohteu:Country>LV</odohteu:Country>
    <odohteu:victims2017>25</odohteu:victims2017>
    <odohteu:victims2018>23</odohteu:victims2018>
    <odohteu:victims2017-2018>48</odohteu:victims2017-2018>
    <odohteu:GenderMaleN>8</odohteu:GenderMaleN>
    <odohteu:GenderMalePercentage>17</odohteu:GenderMalePercentage>
    <odohteu:GenderFemaleN>28</odohteu:GenderFemaleN>
    <odohteu:GenderFemalePercentage>58</odohteu:GenderFemalePercentage>
    <odohteu:GenderOtherN>12</odohteu:GenderOtherN>
    <odohteu:GenderOtherPercentage>25</odohteu:GenderOtherPercentage>
    <odohteu:GenderUnknownN>0</odohteu:GenderUnknownN>
    <odohteu:GenderUnknownPercentage>0</odohteu:GenderUnknownPercentage>
    <odohteu:GenderTotalN>48</odohteu:GenderTotalN>
    <odohteu:ChildN>3</odohteu:ChildN>
    <odohteu:ChildPercentage>6</odohteu:ChildPercentage>
    <odohteu:AdultN>45</odohteu:AdultN>
    <odohteu:AdultPercentage>94</odohteu:AdultPercentage>
    <odohteu:UnknownN>:</odohteu:UnknownN>
    <odohteu:UnknownPercentage>:</odohteu:UnknownPercentage>
    <odohteu:TotalN>48</odohteu:TotalN>
    <odohteu:OwnCountryN>46</odohteu:OwnCountryN>
    <odohteu:OwnCountryPercentage>96</odohteu:OwnCountryPercentage>
    <odohteu:OtherEUCountryN>:</odohteu:OtherEUCountryN>
    <odohteu:OtherEUCountryPercentage>:</odohteu:OtherEUCountryPercentage>
    <odohteu:Non-EUCountryN>2</odohteu:Non-EUCountryN>
    <odohteu:Non-EUCountryPercentage>4</odohteu:Non-EUCountryPercentage>
    <odohteu:OtherN>:</odohteu:OtherN>
    <odohteu:OtherPercentage>:</odohteu:OtherPercentage>
  </row>
  <row>
    <odohteu:Country>LT</odohteu:Country>
    <odohteu:victims2017>60</odohteu:victims2017>
    <odohteu:victims2018>44</odohteu:victims2018>
    <odohteu:victims2017-2018>104</odohteu:victims2017-2018>
    <odohteu:GenderMaleN>44</odohteu:GenderMaleN>
    <odohteu:GenderMalePercentage>42</odohteu:GenderMalePercentage>
    <odohteu:GenderFemaleN>60</odohteu:GenderFemaleN>
    <odohteu:GenderFemalePercentage>58</odohteu:GenderFemalePercentage>
    <odohteu:GenderOtherN>:</odohteu:GenderOtherN>
    <odohteu:GenderOtherPercentage>:</odohteu:GenderOtherPercentage>
    <odohteu:GenderUnknownN>:</odohteu:GenderUnknownN>
    <odohteu:GenderUnknownPercentage>:</odohteu:GenderUnknownPercentage>
    <odohteu:GenderTotalN>104</odohteu:GenderTotalN>
    <odohteu:ChildN>9</odohteu:ChildN>
    <odohteu:ChildPercentage>9</odohteu:ChildPercentage>
    <odohteu:AdultN>95</odohteu:AdultN>
    <odohteu:AdultPercentage>91</odohteu:AdultPercentage>
    <odohteu:UnknownN>:</odohteu:UnknownN>
    <odohteu:UnknownPercentage>:</odohteu:UnknownPercentage>
    <odohteu:TotalN>104</odohteu:TotalN>
    <odohteu:OwnCountryN>84</odohteu:OwnCountryN>
    <odohteu:OwnCountryPercentage>81</odohteu:OwnCountryPercentage>
    <odohteu:OtherEUCountryN>:</odohteu:OtherEUCountryN>
    <odohteu:OtherEUCountryPercentage>:</odohteu:OtherEUCountryPercentage>
    <odohteu:Non-EUCountryN>20</odohteu:Non-EUCountryN>
    <odohteu:Non-EUCountryPercentage>19</odohteu:Non-EUCountryPercentage>
    <odohteu:OtherN>:</odohteu:OtherN>
    <odohteu:OtherPercentage>:</odohteu:OtherPercentage>
  </row>
  <row>
    <odohteu:Country>LU</odohteu:Country>
    <odohteu:victims2017>17</odohteu:victims2017>
    <odohteu:victims2018>14</odohteu:victims2018>
    <odohteu:victims2017-2018>31</odohteu:victims2017-2018>
    <odohteu:GenderMaleN>12</odohteu:GenderMaleN>
    <odohteu:GenderMalePercentage>39</odohteu:GenderMalePercentage>
    <odohteu:GenderFemaleN>19</odohteu:GenderFemaleN>
    <odohteu:GenderFemalePercentage>61</odohteu:GenderFemalePercentage>
    <odohteu:GenderOtherN>:</odohteu:GenderOtherN>
    <odohteu:GenderOtherPercentage>:</odohteu:GenderOtherPercentage>
    <odohteu:GenderUnknownN>:</odohteu:GenderUnknownN>
    <odohteu:GenderUnknownPercentage>:</odohteu:GenderUnknownPercentage>
    <odohteu:GenderTotalN>31</odohteu:GenderTotalN>
    <odohteu:ChildN>2</odohteu:ChildN>
    <odohteu:ChildPercentage>6</odohteu:ChildPercentage>
    <odohteu:AdultN>29</odohteu:AdultN>
    <odohteu:AdultPercentage>94</odohteu:AdultPercentage>
    <odohteu:UnknownN>:</odohteu:UnknownN>
    <odohteu:UnknownPercentage>:</odohteu:UnknownPercentage>
    <odohteu:TotalN>31</odohteu:TotalN>
    <odohteu:OwnCountryN>:</odohteu:OwnCountryN>
    <odohteu:OwnCountryPercentage>:</odohteu:OwnCountryPercentage>
    <odohteu:OtherEUCountryN>7</odohteu:OtherEUCountryN>
    <odohteu:OtherEUCountryPercentage>23</odohteu:OtherEUCountryPercentage>
    <odohteu:Non-EUCountryN>24</odohteu:Non-EUCountryN>
    <odohteu:Non-EUCountryPercentage>77</odohteu:Non-EUCountryPercentage>
    <odohteu:OtherN>:</odohteu:OtherN>
    <odohteu:OtherPercentage>:</odohteu:OtherPercentage>
  </row>
  <row>
    <odohteu:Country>HU</odohteu:Country>
    <odohteu:victims2017>415</odohteu:victims2017>
    <odohteu:victims2018>519</odohteu:victims2018>
    <odohteu:victims2017-2018>934</odohteu:victims2017-2018>
    <odohteu:GenderMaleN>99</odohteu:GenderMaleN>
    <odohteu:GenderMalePercentage>11</odohteu:GenderMalePercentage>
    <odohteu:GenderFemaleN>835</odohteu:GenderFemaleN>
    <odohteu:GenderFemalePercentage>89</odohteu:GenderFemalePercentage>
    <odohteu:GenderOtherN>:</odohteu:GenderOtherN>
    <odohteu:GenderOtherPercentage>:</odohteu:GenderOtherPercentage>
    <odohteu:GenderUnknownN>:</odohteu:GenderUnknownN>
    <odohteu:GenderUnknownPercentage>:</odohteu:GenderUnknownPercentage>
    <odohteu:GenderTotalN>934</odohteu:GenderTotalN>
    <odohteu:ChildN>512</odohteu:ChildN>
    <odohteu:ChildPercentage>55</odohteu:ChildPercentage>
    <odohteu:AdultN>422</odohteu:AdultN>
    <odohteu:AdultPercentage>45</odohteu:AdultPercentage>
    <odohteu:UnknownN>:</odohteu:UnknownN>
    <odohteu:UnknownPercentage>:</odohteu:UnknownPercentage>
    <odohteu:TotalN>934</odohteu:TotalN>
    <odohteu:OwnCountryN>915</odohteu:OwnCountryN>
    <odohteu:OwnCountryPercentage>98</odohteu:OwnCountryPercentage>
    <odohteu:OtherEUCountryN>11</odohteu:OtherEUCountryN>
    <odohteu:OtherEUCountryPercentage>1</odohteu:OtherEUCountryPercentage>
    <odohteu:Non-EUCountryN>8</odohteu:Non-EUCountryN>
    <odohteu:Non-EUCountryPercentage>1</odohteu:Non-EUCountryPercentage>
    <odohteu:OtherN>:</odohteu:OtherN>
    <odohteu:OtherPercentage>:</odohteu:OtherPercentage>
  </row>
  <row>
    <odohteu:Country>MT</odohteu:Country>
    <odohteu:victims2017>5</odohteu:victims2017>
    <odohteu:victims2018>35</odohteu:victims2018>
    <odohteu:victims2017-2018>40</odohteu:victims2017-2018>
    <odohteu:GenderMaleN>14</odohteu:GenderMaleN>
    <odohteu:GenderMalePercentage>35</odohteu:GenderMalePercentage>
    <odohteu:GenderFemaleN>26</odohteu:GenderFemaleN>
    <odohteu:GenderFemalePercentage>65</odohteu:GenderFemalePercentage>
    <odohteu:GenderOtherN>0</odohteu:GenderOtherN>
    <odohteu:GenderOtherPercentage>0</odohteu:GenderOtherPercentage>
    <odohteu:GenderUnknownN>0</odohteu:GenderUnknownN>
    <odohteu:GenderUnknownPercentage>0</odohteu:GenderUnknownPercentage>
    <odohteu:GenderTotalN>40</odohteu:GenderTotalN>
    <odohteu:ChildN>1</odohteu:ChildN>
    <odohteu:ChildPercentage>2</odohteu:ChildPercentage>
    <odohteu:AdultN>39</odohteu:AdultN>
    <odohteu:AdultPercentage>98</odohteu:AdultPercentage>
    <odohteu:UnknownN>:</odohteu:UnknownN>
    <odohteu:UnknownPercentage>:</odohteu:UnknownPercentage>
    <odohteu:TotalN>40</odohteu:TotalN>
    <odohteu:OwnCountryN>1</odohteu:OwnCountryN>
    <odohteu:OwnCountryPercentage>2</odohteu:OwnCountryPercentage>
    <odohteu:OtherEUCountryN>2</odohteu:OtherEUCountryN>
    <odohteu:OtherEUCountryPercentage>5</odohteu:OtherEUCountryPercentage>
    <odohteu:Non-EUCountryN>37</odohteu:Non-EUCountryN>
    <odohteu:Non-EUCountryPercentage>93</odohteu:Non-EUCountryPercentage>
    <odohteu:OtherN>:</odohteu:OtherN>
    <odohteu:OtherPercentage>:</odohteu:OtherPercentage>
  </row>
  <row>
    <odohteu:Country>NL</odohteu:Country>
    <odohteu:victims2017>956</odohteu:victims2017>
    <odohteu:victims2018>668</odohteu:victims2018>
    <odohteu:victims2017-2018>1 624</odohteu:victims2017-2018>
    <odohteu:GenderMaleN>503</odohteu:GenderMaleN>
    <odohteu:GenderMalePercentage>31</odohteu:GenderMalePercentage>
    <odohteu:GenderFemaleN>1 109</odohteu:GenderFemaleN>
    <odohteu:GenderFemalePercentage>68</odohteu:GenderFemalePercentage>
    <odohteu:GenderOtherN>0</odohteu:GenderOtherN>
    <odohteu:GenderOtherPercentage>0</odohteu:GenderOtherPercentage>
    <odohteu:GenderUnknownN>12</odohteu:GenderUnknownN>
    <odohteu:GenderUnknownPercentage>1</odohteu:GenderUnknownPercentage>
    <odohteu:GenderTotalN>1 624</odohteu:GenderTotalN>
    <odohteu:ChildN>256</odohteu:ChildN>
    <odohteu:ChildPercentage>16</odohteu:ChildPercentage>
    <odohteu:AdultN>1 364</odohteu:AdultN>
    <odohteu:AdultPercentage>84</odohteu:AdultPercentage>
    <odohteu:UnknownN>39</odohteu:UnknownN>
    <odohteu:UnknownPercentage>2</odohteu:UnknownPercentage>
    <odohteu:TotalN>1 624</odohteu:TotalN>
    <odohteu:OwnCountryN>510</odohteu:OwnCountryN>
    <odohteu:OwnCountryPercentage>32</odohteu:OwnCountryPercentage>
    <odohteu:OtherEUCountryN>322</odohteu:OtherEUCountryN>
    <odohteu:OtherEUCountryPercentage>20</odohteu:OtherEUCountryPercentage>
    <odohteu:Non-EUCountryN>753</odohteu:Non-EUCountryN>
    <odohteu:Non-EUCountryPercentage>46</odohteu:Non-EUCountryPercentage>
    <odohteu:OtherN>:</odohteu:OtherN>
    <odohteu:OtherPercentage>:</odohteu:OtherPercentage>
  </row>
  <row>
    <odohteu:Country>AT</odohteu:Country>
    <odohteu:victims2017>390</odohteu:victims2017>
    <odohteu:victims2018>391</odohteu:victims2018>
    <odohteu:victims2017-2018>781</odohteu:victims2017-2018>
    <odohteu:GenderMaleN>109</odohteu:GenderMaleN>
    <odohteu:GenderMalePercentage>14</odohteu:GenderMalePercentage>
    <odohteu:GenderFemaleN>672</odohteu:GenderFemaleN>
    <odohteu:GenderFemalePercentage>86</odohteu:GenderFemalePercentage>
    <odohteu:GenderOtherN>0</odohteu:GenderOtherN>
    <odohteu:GenderOtherPercentage>0</odohteu:GenderOtherPercentage>
    <odohteu:GenderUnknownN>0</odohteu:GenderUnknownN>
    <odohteu:GenderUnknownPercentage>0</odohteu:GenderUnknownPercentage>
    <odohteu:GenderTotalN>781</odohteu:GenderTotalN>
    <odohteu:ChildN>38</odohteu:ChildN>
    <odohteu:ChildPercentage>5</odohteu:ChildPercentage>
    <odohteu:AdultN>648</odohteu:AdultN>
    <odohteu:AdultPercentage>83</odohteu:AdultPercentage>
    <odohteu:UnknownN>5</odohteu:UnknownN>
    <odohteu:UnknownPercentage>0</odohteu:UnknownPercentage>
    <odohteu:TotalN>838</odohteu:TotalN>
    <odohteu:OwnCountryN>23</odohteu:OwnCountryN>
    <odohteu:OwnCountryPercentage>3</odohteu:OwnCountryPercentage>
    <odohteu:OtherEUCountryN>257</odohteu:OtherEUCountryN>
    <odohteu:OtherEUCountryPercentage>31</odohteu:OtherEUCountryPercentage>
    <odohteu:Non-EUCountryN>512</odohteu:Non-EUCountryN>
    <odohteu:Non-EUCountryPercentage>61</odohteu:Non-EUCountryPercentage>
    <odohteu:OtherN>41</odohteu:OtherN>
    <odohteu:OtherPercentage>5</odohteu:OtherPercentage>
  </row>
  <row>
    <odohteu:Country>PL</odohteu:Country>
    <odohteu:victims2017>453</odohteu:victims2017>
    <odohteu:victims2018>222</odohteu:victims2018>
    <odohteu:victims2017-2018>675</odohteu:victims2017-2018>
    <odohteu:GenderMaleN>:</odohteu:GenderMaleN>
    <odohteu:GenderMalePercentage>:</odohteu:GenderMalePercentage>
    <odohteu:GenderFemaleN>:</odohteu:GenderFemaleN>
    <odohteu:GenderFemalePercentage>:</odohteu:GenderFemalePercentage>
    <odohteu:GenderOtherN>:</odohteu:GenderOtherN>
    <odohteu:GenderOtherPercentage>:</odohteu:GenderOtherPercentage>
    <odohteu:GenderUnknownN>675</odohteu:GenderUnknownN>
    <odohteu:GenderUnknownPercentage>100</odohteu:GenderUnknownPercentage>
    <odohteu:GenderTotalN>675</odohteu:GenderTotalN>
    <odohteu:ChildN>30</odohteu:ChildN>
    <odohteu:ChildPercentage>4</odohteu:ChildPercentage>
    <odohteu:AdultN>620</odohteu:AdultN>
    <odohteu:AdultPercentage>92</odohteu:AdultPercentage>
    <odohteu:UnknownN>35</odohteu:UnknownN>
    <odohteu:UnknownPercentage>5</odohteu:UnknownPercentage>
    <odohteu:TotalN>675</odohteu:TotalN>
    <odohteu:OwnCountryN>330</odohteu:OwnCountryN>
    <odohteu:OwnCountryPercentage>49</odohteu:OwnCountryPercentage>
    <odohteu:OtherEUCountryN>44</odohteu:OtherEUCountryN>
    <odohteu:OtherEUCountryPercentage>7</odohteu:OtherEUCountryPercentage>
    <odohteu:Non-EUCountryN>266</odohteu:Non-EUCountryN>
    <odohteu:Non-EUCountryPercentage>39</odohteu:Non-EUCountryPercentage>
    <odohteu:OtherN>:</odohteu:OtherN>
    <odohteu:OtherPercentage>:</odohteu:OtherPercentage>
  </row>
  <row>
    <odohteu:Country>PT</odohteu:Country>
    <odohteu:victims2017>103</odohteu:victims2017>
    <odohteu:victims2018>121</odohteu:victims2018>
    <odohteu:victims2017-2018>224</odohteu:victims2017-2018>
    <odohteu:GenderMaleN>118</odohteu:GenderMaleN>
    <odohteu:GenderMalePercentage>53</odohteu:GenderMalePercentage>
    <odohteu:GenderFemaleN>104</odohteu:GenderFemaleN>
    <odohteu:GenderFemalePercentage>46</odohteu:GenderFemalePercentage>
    <odohteu:GenderOtherN>0</odohteu:GenderOtherN>
    <odohteu:GenderOtherPercentage>0</odohteu:GenderOtherPercentage>
    <odohteu:GenderUnknownN>2</odohteu:GenderUnknownN>
    <odohteu:GenderUnknownPercentage>1</odohteu:GenderUnknownPercentage>
    <odohteu:GenderTotalN>224</odohteu:GenderTotalN>
    <odohteu:ChildN>65</odohteu:ChildN>
    <odohteu:ChildPercentage>29</odohteu:ChildPercentage>
    <odohteu:AdultN>157</odohteu:AdultN>
    <odohteu:AdultPercentage>70</odohteu:AdultPercentage>
    <odohteu:UnknownN>3</odohteu:UnknownN>
    <odohteu:UnknownPercentage>1</odohteu:UnknownPercentage>
    <odohteu:TotalN>224</odohteu:TotalN>
    <odohteu:OwnCountryN>47</odohteu:OwnCountryN>
    <odohteu:OwnCountryPercentage>21</odohteu:OwnCountryPercentage>
    <odohteu:OtherEUCountryN>36</odohteu:OtherEUCountryN>
    <odohteu:OtherEUCountryPercentage>16</odohteu:OtherEUCountryPercentage>
    <odohteu:Non-EUCountryN>136</odohteu:Non-EUCountryN>
    <odohteu:Non-EUCountryPercentage>61</odohteu:Non-EUCountryPercentage>
    <odohteu:OtherN>2</odohteu:OtherN>
    <odohteu:OtherPercentage>1</odohteu:OtherPercentage>
  </row>
  <row>
    <odohteu:Country>RO</odohteu:Country>
    <odohteu:victims2017>662</odohteu:victims2017>
    <odohteu:victims2018>497</odohteu:victims2018>
    <odohteu:victims2017-2018>1 159</odohteu:victims2017-2018>
    <odohteu:GenderMaleN>290</odohteu:GenderMaleN>
    <odohteu:GenderMalePercentage>25</odohteu:GenderMalePercentage>
    <odohteu:GenderFemaleN>869</odohteu:GenderFemaleN>
    <odohteu:GenderFemalePercentage>75</odohteu:GenderFemalePercentage>
    <odohteu:GenderOtherN>:</odohteu:GenderOtherN>
    <odohteu:GenderOtherPercentage>:</odohteu:GenderOtherPercentage>
    <odohteu:GenderUnknownN>:</odohteu:GenderUnknownN>
    <odohteu:GenderUnknownPercentage>:</odohteu:GenderUnknownPercentage>
    <odohteu:GenderTotalN>1 159</odohteu:GenderTotalN>
    <odohteu:ChildN>552</odohteu:ChildN>
    <odohteu:ChildPercentage>48</odohteu:ChildPercentage>
    <odohteu:AdultN>607</odohteu:AdultN>
    <odohteu:AdultPercentage>52</odohteu:AdultPercentage>
    <odohteu:UnknownN>:</odohteu:UnknownN>
    <odohteu:UnknownPercentage>:</odohteu:UnknownPercentage>
    <odohteu:TotalN>1 159</odohteu:TotalN>
    <odohteu:OwnCountryN>1 157</odohteu:OwnCountryN>
    <odohteu:OwnCountryPercentage>100</odohteu:OwnCountryPercentage>
    <odohteu:OtherEUCountryN>1</odohteu:OtherEUCountryN>
    <odohteu:OtherEUCountryPercentage>0</odohteu:OtherEUCountryPercentage>
    <odohteu:Non-EUCountryN>1</odohteu:Non-EUCountryN>
    <odohteu:Non-EUCountryPercentage>0</odohteu:Non-EUCountryPercentage>
    <odohteu:OtherN>:</odohteu:OtherN>
    <odohteu:OtherPercentage>:</odohteu:OtherPercentage>
  </row>
  <row>
    <odohteu:Country>SI</odohteu:Country>
    <odohteu:victims2017>66</odohteu:victims2017>
    <odohteu:victims2018>101</odohteu:victims2018>
    <odohteu:victims2017-2018>167</odohteu:victims2017-2018>
    <odohteu:GenderMaleN>32</odohteu:GenderMaleN>
    <odohteu:GenderMalePercentage>19</odohteu:GenderMalePercentage>
    <odohteu:GenderFemaleN>135</odohteu:GenderFemaleN>
    <odohteu:GenderFemalePercentage>81</odohteu:GenderFemalePercentage>
    <odohteu:GenderOtherN>0</odohteu:GenderOtherN>
    <odohteu:GenderOtherPercentage>0</odohteu:GenderOtherPercentage>
    <odohteu:GenderUnknownN>0</odohteu:GenderUnknownN>
    <odohteu:GenderUnknownPercentage>0</odohteu:GenderUnknownPercentage>
    <odohteu:GenderTotalN>167</odohteu:GenderTotalN>
    <odohteu:ChildN>0</odohteu:ChildN>
    <odohteu:ChildPercentage>0</odohteu:ChildPercentage>
    <odohteu:AdultN>167</odohteu:AdultN>
    <odohteu:AdultPercentage>100</odohteu:AdultPercentage>
    <odohteu:UnknownN>11</odohteu:UnknownN>
    <odohteu:UnknownPercentage>7</odohteu:UnknownPercentage>
    <odohteu:TotalN>167</odohteu:TotalN>
    <odohteu:OwnCountryN>4</odohteu:OwnCountryN>
    <odohteu:OwnCountryPercentage>2</odohteu:OwnCountryPercentage>
    <odohteu:OtherEUCountryN>66</odohteu:OtherEUCountryN>
    <odohteu:OtherEUCountryPercentage>40</odohteu:OtherEUCountryPercentage>
    <odohteu:Non-EUCountryN>84</odohteu:Non-EUCountryN>
    <odohteu:Non-EUCountryPercentage>50</odohteu:Non-EUCountryPercentage>
    <odohteu:OtherN>2</odohteu:OtherN>
    <odohteu:OtherPercentage>1</odohteu:OtherPercentage>
  </row>
  <row>
    <odohteu:Country>SK</odohteu:Country>
    <odohteu:victims2017>88</odohteu:victims2017>
    <odohteu:victims2018>56</odohteu:victims2018>
    <odohteu:victims2017-2018>144</odohteu:victims2017-2018>
    <odohteu:GenderMaleN>52</odohteu:GenderMaleN>
    <odohteu:GenderMalePercentage>36</odohteu:GenderMalePercentage>
    <odohteu:GenderFemaleN>92</odohteu:GenderFemaleN>
    <odohteu:GenderFemalePercentage>64</odohteu:GenderFemalePercentage>
    <odohteu:GenderOtherN>0</odohteu:GenderOtherN>
    <odohteu:GenderOtherPercentage>0</odohteu:GenderOtherPercentage>
    <odohteu:GenderUnknownN>0</odohteu:GenderUnknownN>
    <odohteu:GenderUnknownPercentage>0</odohteu:GenderUnknownPercentage>
    <odohteu:GenderTotalN>144</odohteu:GenderTotalN>
    <odohteu:ChildN>23</odohteu:ChildN>
    <odohteu:ChildPercentage>16</odohteu:ChildPercentage>
    <odohteu:AdultN>121</odohteu:AdultN>
    <odohteu:AdultPercentage>84</odohteu:AdultPercentage>
    <odohteu:UnknownN>:</odohteu:UnknownN>
    <odohteu:UnknownPercentage>:</odohteu:UnknownPercentage>
    <odohteu:TotalN>144</odohteu:TotalN>
    <odohteu:OwnCountryN>140</odohteu:OwnCountryN>
    <odohteu:OwnCountryPercentage>97</odohteu:OwnCountryPercentage>
    <odohteu:OtherEUCountryN>2</odohteu:OtherEUCountryN>
    <odohteu:OtherEUCountryPercentage>1</odohteu:OtherEUCountryPercentage>
    <odohteu:Non-EUCountryN>2</odohteu:Non-EUCountryN>
    <odohteu:Non-EUCountryPercentage>2</odohteu:Non-EUCountryPercentage>
    <odohteu:OtherN>:</odohteu:OtherN>
    <odohteu:OtherPercentage>:</odohteu:OtherPercentage>
  </row>
  <row>
    <odohteu:Country>FI</odohteu:Country>
    <odohteu:victims2017>85</odohteu:victims2017>
    <odohteu:victims2018>88</odohteu:victims2018>
    <odohteu:victims2017-2018>173</odohteu:victims2017-2018>
    <odohteu:GenderMaleN>67</odohteu:GenderMaleN>
    <odohteu:GenderMalePercentage>39</odohteu:GenderMalePercentage>
    <odohteu:GenderFemaleN>106</odohteu:GenderFemaleN>
    <odohteu:GenderFemalePercentage>61</odohteu:GenderFemalePercentage>
    <odohteu:GenderOtherN>0</odohteu:GenderOtherN>
    <odohteu:GenderOtherPercentage>0</odohteu:GenderOtherPercentage>
    <odohteu:GenderUnknownN>0</odohteu:GenderUnknownN>
    <odohteu:GenderUnknownPercentage>0</odohteu:GenderUnknownPercentage>
    <odohteu:GenderTotalN>173</odohteu:GenderTotalN>
    <odohteu:ChildN>43</odohteu:ChildN>
    <odohteu:ChildPercentage>25</odohteu:ChildPercentage>
    <odohteu:AdultN>123</odohteu:AdultN>
    <odohteu:AdultPercentage>71</odohteu:AdultPercentage>
    <odohteu:UnknownN>5</odohteu:UnknownN>
    <odohteu:UnknownPercentage>3</odohteu:UnknownPercentage>
    <odohteu:TotalN>173</odohteu:TotalN>
    <odohteu:OwnCountryN>15</odohteu:OwnCountryN>
    <odohteu:OwnCountryPercentage>9</odohteu:OwnCountryPercentage>
    <odohteu:OtherEUCountryN>12</odohteu:OtherEUCountryN>
    <odohteu:OtherEUCountryPercentage>7</odohteu:OtherEUCountryPercentage>
    <odohteu:Non-EUCountryN>141</odohteu:Non-EUCountryN>
    <odohteu:Non-EUCountryPercentage>81</odohteu:Non-EUCountryPercentage>
    <odohteu:OtherN>:</odohteu:OtherN>
    <odohteu:OtherPercentage>:</odohteu:OtherPercentage>
  </row>
  <row>
    <odohteu:Country>SE</odohteu:Country>
    <odohteu:victims2017>:</odohteu:victims2017>
    <odohteu:victims2018>:</odohteu:victims2018>
    <odohteu:victims2017-2018>:</odohteu:victims2017-2018>
    <odohteu:GenderMaleN>:</odohteu:GenderMaleN>
    <odohteu:GenderMalePercentage>:</odohteu:GenderMalePercentage>
    <odohteu:GenderFemaleN>:</odohteu:GenderFemaleN>
    <odohteu:GenderFemalePercentage>:</odohteu:GenderFemalePercentage>
    <odohteu:GenderOtherN>:</odohteu:GenderOtherN>
    <odohteu:GenderOtherPercentage>:</odohteu:GenderOtherPercentage>
    <odohteu:GenderUnknownN>:</odohteu:GenderUnknownN>
    <odohteu:GenderUnknownPercentage>:</odohteu:GenderUnknownPercentage>
    <odohteu:GenderTotalN>:</odohteu:GenderTotalN>
    <odohteu:ChildN>:</odohteu:ChildN>
    <odohteu:ChildPercentage>:</odohteu:ChildPercentage>
    <odohteu:AdultN>:</odohteu:AdultN>
    <odohteu:AdultPercentage>:</odohteu:AdultPercentage>
    <odohteu:UnknownN>:</odohteu:UnknownN>
    <odohteu:UnknownPercentage>:</odohteu:UnknownPercentage>
    <odohteu:TotalN>:</odohteu:TotalN>
    <odohteu:OwnCountryN>:</odohteu:OwnCountryN>
    <odohteu:OwnCountryPercentage>:</odohteu:OwnCountryPercentage>
    <odohteu:OtherEUCountryN>:</odohteu:OtherEUCountryN>
    <odohteu:OtherEUCountryPercentage>:</odohteu:OtherEUCountryPercentage>
    <odohteu:Non-EUCountryN>:</odohteu:Non-EUCountryN>
    <odohteu:Non-EUCountryPercentage>:</odohteu:Non-EUCountryPercentage>
    <odohteu:OtherN>:</odohteu:OtherN>
    <odohteu:OtherPercentage>:</odohteu:OtherPercentage>
  </row>
  <row>
    <odohteu:Country>UK</odohteu:Country>
    <odohteu:victims2017>5 138</odohteu:victims2017>
    <odohteu:victims2018>6 985</odohteu:victims2018>
    <odohteu:victims2017-2018>12 123</odohteu:victims2017-2018>
    <odohteu:GenderMaleN>6 941</odohteu:GenderMaleN>
    <odohteu:GenderMalePercentage>57</odohteu:GenderMalePercentage>
    <odohteu:GenderFemaleN>5 175</odohteu:GenderFemaleN>
    <odohteu:GenderFemalePercentage>43</odohteu:GenderFemalePercentage>
    <odohteu:GenderOtherN>7</odohteu:GenderOtherN>
    <odohteu:GenderOtherPercentage>0</odohteu:GenderOtherPercentage>
    <odohteu:GenderUnknownN>0</odohteu:GenderUnknownN>
    <odohteu:GenderUnknownPercentage>0</odohteu:GenderUnknownPercentage>
    <odohteu:GenderTotalN>12 123</odohteu:GenderTotalN>
    <odohteu:ChildN>5 244</odohteu:ChildN>
    <odohteu:ChildPercentage>43</odohteu:ChildPercentage>
    <odohteu:AdultN>6 879</odohteu:AdultN>
    <odohteu:AdultPercentage>57</odohteu:AdultPercentage>
    <odohteu:UnknownN>4</odohteu:UnknownN>
    <odohteu:UnknownPercentage>0</odohteu:UnknownPercentage>
    <odohteu:TotalN>12 117</odohteu:TotalN>
    <odohteu:OwnCountryN>2 444</odohteu:OwnCountryN>
    <odohteu:OwnCountryPercentage>20</odohteu:OwnCountryPercentage>
    <odohteu:OtherEUCountryN>1 500</odohteu:OtherEUCountryN>
    <odohteu:OtherEUCountryPercentage>12</odohteu:OtherEUCountryPercentage>
    <odohteu:Non-EUCountryN>8 168</odohteu:Non-EUCountryN>
    <odohteu:Non-EUCountryPercentage>68</odohteu:Non-EUCountryPercentage>
    <odohteu:OtherN>1</odohteu:OtherN>
    <odohteu:OtherPercentage>0</odohteu:OtherPercentage>
  </row>
</root>
</rdf:RDF>