[
 {
   "Eu Member States": "Romania",
   "RO": "",
   "HU": 2,
   "NL": 109,
   "PL": 1,
   "BG": "",
   "FR": 101,
   "UK": 394,
   "SK": 3,
   "DE": 211,
   "LT": null,
   "PT": 76,
   "CZ": 7,
   "HR": null,
   "LV": null,
   "ES": 99,
   "IT": 147,
   "EE": null,
   "AT": 128,
   "GR": 64,
   "BE": 36,
   "FI": 1,
   "SI": null,
   "CY": 18,
   "LU": 6,
   "MT": null,
   "SE": 5,
   "DK": 43,
   "IE": 60,
   "EU28": ""
 },
 {
   "Eu Member States": "Hungary",
   "RO": "",
   "HU": 993,
   "NL": 65,
   "PL": null,
   "BG": "",
   "FR": 11,
   "UK": 70,
   "SK": null,
   "DE": 81,
   "LT": null,
   "PT": null,
   "CZ": null,
   "HR": 1,
   "LV": null,
   "ES": 1,
   "IT": 12,
   "EE": null,
   "AT": 74,
   "GR": 3,
   "BE": 13,
   "FI": null,
   "SI": 2,
   "CY": null,
   "LU": null,
   "MT": null,
   "SE": null,
   "DK": null,
   "IE": 1,
   "EU28": ""
 },
 {
   "Eu Member States": "Netherlands",
   "RO": "",
   "HU": null,
   "NL": 721,
   "PL": null,
   "BG": "",
   "FR": null,
   "UK": null,
   "SK": null,
   "DE": 2,
   "LT": null,
   "PT": 0,
   "CZ": null,
   "HR": null,
   "LV": null,
   "ES": null,
   "IT": null,
   "EE": null,
   "AT": null,
   "GR": null,
   "BE": null,
   "FI": null,
   "SI": null,
   "CY": null,
   "LU": 1,
   "MT": null,
   "SE": null,
   "DK": null,
   "IE": null,
   "EU28": ""
 },
 {
   "Eu Member States": "Poland",
   "RO": "",
   "HU": null,
   "NL": 159,
   "PL": 118,
   "BG": "",
   "FR": 1,
   "UK": 323,
   "SK": null,
   "DE": 26,
   "LT": null,
   "PT": 0,
   "CZ": null,
   "HR": null,
   "LV": null,
   "ES": null,
   "IT": null,
   "EE": null,
   "AT": 1,
   "GR": 1,
   "BE": 1,
   "FI": 1,
   "SI": null,
   "CY": null,
   "LU": null,
   "MT": null,
   "SE": null,
   "DK": 1,
   "IE": 2,
   "EU28": ""
 },
 {
   "Eu Member States": "Bulgaria",
   "RO": "",
   "HU": null,
   "NL": 126,
   "PL": 3,
   "BG": "",
   "FR": 48,
   "UK": 65,
   "SK": null,
   "DE": 167,
   "LT": null,
   "PT": 11,
   "CZ": 1,
   "HR": null,
   "LV": null,
   "ES": 22,
   "IT": 21,
   "EE": null,
   "AT": 47,
   "GR": 26,
   "BE": 8,
   "FI": null,
   "SI": 3,
   "CY": 11,
   "LU": 1,
   "MT": null,
   "SE": 4,
   "DK": 1,
   "IE": 3,
   "EU28": ""
 },
 {
   "Eu Member States": "France",
   "RO": "",
   "HU": null,
   "NL": 1,
   "PL": null,
   "BG": "",
   "FR": 565,
   "UK": null,
   "SK": null,
   "DE": null,
   "LT": null,
   "PT": null,
   "CZ": null,
   "HR": null,
   "LV": null,
   "ES": 1,
   "IT": null,
   "EE": null,
   "AT": null,
   "GR": null,
   "BE": null,
   "FI": null,
   "SI": null,
   "CY": null,
   "LU": null,
   "MT": null,
   "SE": null,
   "DK": null,
   "IE": null,
   "EU28": ""
 },
 {
   "Eu Member States": "United Kingdom",
   "RO": "",
   "HU": null,
   "NL": null,
   "PL": null,
   "BG": "",
   "FR": 2,
   "UK": 517,
   "SK": null,
   "DE": null,
   "LT": null,
   "PT": null,
   "CZ": null,
   "HR": null,
   "LV": null,
   "ES": null,
   "IT": null,
   "EE": null,
   "AT": null,
   "GR": null,
   "BE": 2,
   "FI": null,
   "SI": null,
   "CY": 1,
   "LU": null,
   "MT": null,
   "SE": null,
   "DK": null,
   "IE": null,
   "EU28": ""
 },
 {
   "Eu Member States": "Slovakia",
   "RO": "",
   "HU": 1,
   "NL": 14,
   "PL": null,
   "BG": "",
   "FR": null,
   "UK": 161,
   "SK": 97,
   "DE": 5,
   "LT": null,
   "PT": null,
   "CZ": 3,
   "HR": null,
   "LV": null,
   "ES": null,
   "IT": null,
   "EE": null,
   "AT": 19,
   "GR": null,
   "BE": 2,
   "FI": null,
   "SI": 2,
   "CY": 2,
   "LU": null,
   "MT": null,
   "SE": null,
   "DK": null,
   "IE": 4,
   "EU28": ""
 },
 {
   "Eu Member States": "Germ any",
   "RO": "",
   "HU": null,
   "NL": 6,
   "PL": null,
   "BG": "",
   "FR": null,
   "UK": null,
   "SK": null,
   "DE": 225,
   "LT": null,
   "PT": null,
   "CZ": null,
   "HR": null,
   "LV": null,
   "ES": null,
   "IT": null,
   "EE": null,
   "AT": null,
   "GR": null,
   "BE": null,
   "FI": null,
   "SI": null,
   "CY": null,
   "LU": null,
   "MT": null,
   "SE": null,
   "DK": null,
   "IE": null,
   "EU28": ""
 },
 {
   "Eu Member States": "Lithuania",
   "RO": "",
   "HU": null,
   "NL": 7,
   "PL": null,
   "BG": "",
   "FR": null,
   "UK": 84,
   "SK": null,
   "DE": null,
   "LT": 105,
   "PT": null,
   "CZ": null,
   "HR": null,
   "LV": 1,
   "ES": 17,
   "IT": null,
   "EE": null,
   "AT": 2,
   "GR": null,
   "BE": 1,
   "FI": null,
   "SI": null,
   "CY": null,
   "LU": null,
   "MT": null,
   "SE": null,
   "DK": null,
   "IE": 9,
   "EU28": ""
 },
 {
   "Eu Member States": "Portugal",
   "RO": "",
   "HU": null,
   "NL": 2,
   "PL": null,
   "BG": "",
   "FR": 12,
   "UK": null,
   "SK": null,
   "DE": null,
   "LT": null,
   "PT": 135,
   "CZ": null,
   "HR": null,
   "LV": null,
   "ES": 45,
   "IT": null,
   "EE": null,
   "AT": null,
   "GR": null,
   "BE": 2,
   "FI": null,
   "SI": null,
   "CY": null,
   "LU": null,
   "MT": null,
   "SE": null,
   "DK": null,
   "IE": 1,
   "EU28": ""
 },
 {
   "Eu Member States": "Czech Republic",
   "RO": "",
   "HU": null,
   "NL": 9,
   "PL": null,
   "BG": "",
   "FR": null,
   "UK": 80,
   "SK": null,
   "DE": 12,
   "LT": null,
   "PT": 0,
   "CZ": 4,
   "HR": null,
   "LV": null,
   "ES": null,
   "IT": null,
   "EE": null,
   "AT": 11,
   "GR": null,
   "BE": 1,
   "FI": null,
   "SI": 7,
   "CY": 3,
   "LU": null,
   "MT": null,
   "SE": null,
   "DK": null,
   "IE": 1,
   "EU28": ""
 },
 {
   "Eu Member States": "Croatia",
   "RO": "",
   "HU": null,
   "NL": 1,
   "PL": null,
   "BG": "",
   "FR": null,
   "UK": null,
   "SK": null,
   "DE": null,
   "LT": null,
   "PT": null,
   "CZ": null,
   "HR": 57,
   "LV": null,
   "ES": 3,
   "IT": 11,
   "EE": null,
   "AT": 5,
   "GR": null,
   "BE": null,
   "FI": null,
   "SI": null,
   "CY": null,
   "LU": null,
   "MT": null,
   "SE": null,
   "DK": null,
   "IE": null,
   "EU28": ""
 },
 {
   "Eu Member States": "Latvia",
   "RO": "",
   "HU": null,
   "NL": 8,
   "PL": null,
   "BG": "",
   "FR": null,
   "UK": 21,
   "SK": null,
   "DE": 2,
   "LT": null,
   "PT": null,
   "CZ": null,
   "HR": null,
   "LV": 29,
   "ES": null,
   "IT": null,
   "EE": null,
   "AT": 1,
   "GR": null,
   "BE": null,
   "FI": 1,
   "SI": null,
   "CY": 4,
   "LU": null,
   "MT": null,
   "SE": null,
   "DK": null,
   "IE": null,
   "EU28": ""
 },
 {
   "Eu Member States": "Spain",
   "RO": "",
   "HU": null,
   "NL": 7,
   "PL": null,
   "BG": "",
   "FR": null,
   "UK": 7,
   "SK": null,
   "DE": 2,
   "LT": null,
   "PT": null,
   "CZ": null,
   "HR": null,
   "LV": null,
   "ES": 25,
   "IT": null,
   "EE": null,
   "AT": null,
   "GR": null,
   "BE": 4,
   "FI": null,
   "SI": null,
   "CY": null,
   "LU": null,
   "MT": null,
   "SE": null,
   "DK": null,
   "IE": null,
   "EU28": ""
 },
 {
   "Eu Member States": "Italy",
   "RO": "",
   "HU": null,
   "NL": 3,
   "PL": null,
   "BG": "",
   "FR": null,
   "UK": 6,
   "SK": null,
   "DE": 7,
   "LT": null,
   "PT": null,
   "CZ": null,
   "HR": null,
   "LV": null,
   "ES": 1,
   "IT": 9,
   "EE": null,
   "AT": 1,
   "GR": null,
   "BE": 1,
   "FI": null,
   "SI": null,
   "CY": null,
   "LU": null,
   "MT": 1,
   "SE": null,
   "DK": null,
   "IE": 1,
   "EU28": ""
 },
 {
   "Eu Member States": "Estonia",
   "RO": "",
   "HU": null,
   "NL": null,
   "PL": null,
   "BG": "",
   "FR": null,
   "UK": null,
   "SK": null,
   "DE": 2,
   "LT": null,
   "PT": null,
   "CZ": null,
   "HR": null,
   "LV": null,
   "ES": null,
   "IT": null,
   "EE": 18,
   "AT": null,
   "GR": null,
   "BE": null,
   "FI": 1,
   "SI": null,
   "CY": null,
   "LU": null,
   "MT": null,
   "SE": null,
   "DK": null,
   "IE": null,
   "EU28": ""
 },
 {
   "Eu Member States": "Austria",
   "RO": "",
   "HU": null,
   "NL": 2,
   "PL": null,
   "BG": "",
   "FR": null,
   "UK": null,
   "SK": null,
   "DE": null,
   "LT": null,
   "PT": null,
   "CZ": null,
   "HR": null,
   "LV": null,
   "ES": null,
   "IT": null,
   "EE": null,
   "AT": 16,
   "GR": null,
   "BE": null,
   "FI": null,
   "SI": null,
   "CY": null,
   "LU": null,
   "MT": null,
   "SE": null,
   "DK": null,
   "IE": null,
   "EU28": ""
 },
 {
   "Eu Member States": "Greece",
   "RO": "",
   "HU": null,
   "NL": null,
   "PL": null,
   "BG": "",
   "FR": null,
   "UK": null,
   "SK": null,
   "DE": null,
   "LT": null,
   "PT": null,
   "CZ": null,
   "HR": null,
   "LV": null,
   "ES": null,
   "IT": null,
   "EE": null,
   "AT": null,
   "GR": 16,
   "BE": null,
   "FI": null,
   "SI": null,
   "CY": 2,
   "LU": null,
   "MT": null,
   "SE": null,
   "DK": null,
   "IE": null,
   "EU28": ""
 },
 {
   "Eu Member States": "Belgium",
   "RO": "",
   "HU": null,
   "NL": 4,
   "PL": null,
   "BG": "",
   "FR": null,
   "UK": 1,
   "SK": null,
   "DE": null,
   "LT": null,
   "PT": null,
   "CZ": null,
   "HR": null,
   "LV": null,
   "ES": 1,
   "IT": null,
   "EE": null,
   "AT": null,
   "GR": null,
   "BE": null,
   "FI": null,
   "SI": null,
   "CY": null,
   "LU": null,
   "MT": null,
   "SE": null,
   "DK": null,
   "IE": null,
   "EU28": ""
 },
 {
   "Eu Member States": "Finland",
   "RO": "",
   "HU": null,
   "NL": null,
   "PL": null,
   "BG": "",
   "FR": null,
   "UK": null,
   "SK": null,
   "DE": null,
   "LT": null,
   "PT": null,
   "CZ": null,
   "HR": null,
   "LV": null,
   "ES": null,
   "IT": null,
   "EE": null,
   "AT": null,
   "GR": null,
   "BE": null,
   "FI": 6,
   "SI": null,
   "CY": null,
   "LU": null,
   "MT": null,
   "SE": null,
   "DK": null,
   "IE": null,
   "EU28": ""
 },
 {
   "Eu Member States": "Slovenia",
   "RO": "",
   "HU": null,
   "NL": null,
   "PL": null,
   "BG": "",
   "FR": null,
   "UK": null,
   "SK": null,
   "DE": null,
   "LT": null,
   "PT": null,
   "CZ": null,
   "HR": null,
   "LV": null,
   "ES": 1,
   "IT": null,
   "EE": null,
   "AT": null,
   "GR": null,
   "BE": null,
   "FI": null,
   "SI": 5,
   "CY": null,
   "LU": null,
   "MT": null,
   "SE": null,
   "DK": null,
   "IE": null,
   "EU28": ""
 },
 {
   "Eu Member States": "Cyprus",
   "RO": "",
   "HU": null,
   "NL": 1,
   "PL": null,
   "BG": "",
   "FR": null,
   "UK": null,
   "SK": null,
   "DE": null,
   "LT": null,
   "PT": null,
   "CZ": null,
   "HR": null,
   "LV": null,
   "ES": null,
   "IT": null,
   "EE": null,
   "AT": null,
   "GR": null,
   "BE": null,
   "FI": null,
   "SI": null,
   "CY": 1,
   "LU": null,
   "MT": null,
   "SE": null,
   "DK": null,
   "IE": null,
   "EU28": ""
 },
 {
   "Eu Member States": "Luxem bourg",
   "RO": "",
   "HU": null,
   "NL": null,
   "PL": null,
   "BG": "",
   "FR": null,
   "UK": null,
   "SK": null,
   "DE": null,
   "LT": null,
   "PT": null,
   "CZ": null,
   "HR": null,
   "LV": null,
   "ES": null,
   "IT": null,
   "EE": null,
   "AT": null,
   "GR": null,
   "BE": null,
   "FI": null,
   "SI": null,
   "CY": null,
   "LU": 1,
   "MT": null,
   "SE": null,
   "DK": null,
   "IE": null,
   "EU28": ""
 },
 {
   "Eu Member States": "Malta",
   "RO": "",
   "HU": null,
   "NL": null,
   "PL": null,
   "BG": "",
   "FR": null,
   "UK": 1,
   "SK": null,
   "DE": null,
   "LT": null,
   "PT": null,
   "CZ": null,
   "HR": null,
   "LV": null,
   "ES": null,
   "IT": null,
   "EE": null,
   "AT": null,
   "GR": null,
   "BE": null,
   "FI": null,
   "SI": null,
   "CY": null,
   "LU": null,
   "MT": null,
   "SE": null,
   "DK": null,
   "IE": null,
   "EU28": ""
 },
 {
   "Eu Member States": "Sw eden",
   "RO": "",
   "HU": null,
   "NL": 1,
   "PL": null,
   "BG": "",
   "FR": null,
   "UK": null,
   "SK": null,
   "DE": null,
   "LT": null,
   "PT": null,
   "CZ": null,
   "HR": null,
   "LV": null,
   "ES": null,
   "IT": null,
   "EE": null,
   "AT": null,
   "GR": null,
   "BE": null,
   "FI": null,
   "SI": null,
   "CY": null,
   "LU": null,
   "MT": null,
   "SE": null,
   "DK": null,
   "IE": null,
   "EU28": ""
 },
 {
   "Eu Member States": "Denm ark",
   "RO": "",
   "HU": null,
   "NL": null,
   "PL": null,
   "BG": "",
   "FR": null,
   "UK": null,
   "SK": null,
   "DE": null,
   "LT": null,
   "PT": null,
   "CZ": null,
   "HR": null,
   "LV": null,
   "ES": null,
   "IT": null,
   "EE": null,
   "AT": null,
   "GR": null,
   "BE": null,
   "FI": null,
   "SI": null,
   "CY": null,
   "LU": null,
   "MT": null,
   "SE": null,
   "DK": null,
   "IE": null,
   "EU28": ""
 },
 {
   "Eu Member States": "Ireland",
   "RO": "",
   "HU": null,
   "NL": null,
   "PL": null,
   "BG": "",
   "FR": null,
   "UK": null,
   "SK": null,
   "DE": null,
   "LT": null,
   "PT": null,
   "CZ": null,
   "HR": null,
   "LV": null,
   "ES": null,
   "IT": null,
   "EE": null,
   "AT": null,
   "GR": null,
   "BE": null,
   "FI": null,
   "SI": null,
   "CY": null,
   "LU": null,
   "MT": null,
   "SE": null,
   "DK": null,
   "IE": null,
   "EU28": ""
 }
]