<?xml version="1.0" encoding="UTF-8"?>
<rdf:RDF xmlns:odohteu="http://www.odohteu.github.io/" xmlns:rdf="http://www.w3.org/1999/02/22-rdf-syntax-ns#">
<root>
  <row>
    <odohteu:EuMemberStates>Romania</odohteu:EuMemberStates>
    <odohteu:RO></odohteu:RO>
    <odohteu:HU>2</odohteu:HU>
    <odohteu:NL>109</odohteu:NL>
    <odohteu:PL>1</odohteu:PL>
    <odohteu:BG></odohteu:BG>
    <odohteu:FR>101</odohteu:FR>
    <odohteu:UK>394</odohteu:UK>
    <odohteu:SK>3</odohteu:SK>
    <odohteu:DE>211</odohteu:DE>
    <odohteu:LT></odohteu:LT>
    <odohteu:PT>76</odohteu:PT>
    <odohteu:CZ>7</odohteu:CZ>
    <odohteu:HR></odohteu:HR>
    <odohteu:LV></odohteu:LV>
    <odohteu:ES>99</odohteu:ES>
    <odohteu:IT>147</odohteu:IT>
    <odohteu:EE></odohteu:EE>
    <odohteu:AT>128</odohteu:AT>
    <odohteu:GR>64</odohteu:GR>
    <odohteu:BE>36</odohteu:BE>
    <odohteu:FI>1</odohteu:FI>
    <odohteu:SI></odohteu:SI>
    <odohteu:CY>18</odohteu:CY>
    <odohteu:LU>6</odohteu:LU>
    <odohteu:MT></odohteu:MT>
    <odohteu:SE>5</odohteu:SE>
    <odohteu:DK>43</odohteu:DK>
    <odohteu:IE>60</odohteu:IE>
    <odohteu:EU28></odohteu:EU28>
  </row>
  <row>
    <odohteu:EuMemberStates>Hungary</odohteu:EuMemberStates>
    <odohteu:RO></odohteu:RO>
    <odohteu:HU>993</odohteu:HU>
    <odohteu:NL>65</odohteu:NL>
    <odohteu:PL></odohteu:PL>
    <odohteu:BG></odohteu:BG>
    <odohteu:FR>11</odohteu:FR>
    <odohteu:UK>70</odohteu:UK>
    <odohteu:SK></odohteu:SK>
    <odohteu:DE>81</odohteu:DE>
    <odohteu:LT></odohteu:LT>
    <odohteu:PT></odohteu:PT>
    <odohteu:CZ></odohteu:CZ>
    <odohteu:HR>1</odohteu:HR>
    <odohteu:LV></odohteu:LV>
    <odohteu:ES>1</odohteu:ES>
    <odohteu:IT>12</odohteu:IT>
    <odohteu:EE></odohteu:EE>
    <odohteu:AT>74</odohteu:AT>
    <odohteu:GR>3</odohteu:GR>
    <odohteu:BE>13</odohteu:BE>
    <odohteu:FI></odohteu:FI>
    <odohteu:SI>2</odohteu:SI>
    <odohteu:CY></odohteu:CY>
    <odohteu:LU></odohteu:LU>
    <odohteu:MT></odohteu:MT>
    <odohteu:SE></odohteu:SE>
    <odohteu:DK></odohteu:DK>
    <odohteu:IE>1</odohteu:IE>
    <odohteu:EU28></odohteu:EU28>
  </row>
  <row>
    <odohteu:EuMemberStates>Netherlands</odohteu:EuMemberStates>
    <odohteu:RO></odohteu:RO>
    <odohteu:HU></odohteu:HU>
    <odohteu:NL>721</odohteu:NL>
    <odohteu:PL></odohteu:PL>
    <odohteu:BG></odohteu:BG>
    <odohteu:FR></odohteu:FR>
    <odohteu:UK></odohteu:UK>
    <odohteu:SK></odohteu:SK>
    <odohteu:DE>2</odohteu:DE>
    <odohteu:LT></odohteu:LT>
    <odohteu:PT>0</odohteu:PT>
    <odohteu:CZ></odohteu:CZ>
    <odohteu:HR></odohteu:HR>
    <odohteu:LV></odohteu:LV>
    <odohteu:ES></odohteu:ES>
    <odohteu:IT></odohteu:IT>
    <odohteu:EE></odohteu:EE>
    <odohteu:AT></odohteu:AT>
    <odohteu:GR></odohteu:GR>
    <odohteu:BE></odohteu:BE>
    <odohteu:FI></odohteu:FI>
    <odohteu:SI></odohteu:SI>
    <odohteu:CY></odohteu:CY>
    <odohteu:LU>1</odohteu:LU>
    <odohteu:MT></odohteu:MT>
    <odohteu:SE></odohteu:SE>
    <odohteu:DK></odohteu:DK>
    <odohteu:IE></odohteu:IE>
    <odohteu:EU28></odohteu:EU28>
  </row>
  <row>
    <odohteu:EuMemberStates>Poland</odohteu:EuMemberStates>
    <odohteu:RO></odohteu:RO>
    <odohteu:HU></odohteu:HU>
    <odohteu:NL>159</odohteu:NL>
    <odohteu:PL>118</odohteu:PL>
    <odohteu:BG></odohteu:BG>
    <odohteu:FR>1</odohteu:FR>
    <odohteu:UK>323</odohteu:UK>
    <odohteu:SK></odohteu:SK>
    <odohteu:DE>26</odohteu:DE>
    <odohteu:LT></odohteu:LT>
    <odohteu:PT>0</odohteu:PT>
    <odohteu:CZ></odohteu:CZ>
    <odohteu:HR></odohteu:HR>
    <odohteu:LV></odohteu:LV>
    <odohteu:ES></odohteu:ES>
    <odohteu:IT></odohteu:IT>
    <odohteu:EE></odohteu:EE>
    <odohteu:AT>1</odohteu:AT>
    <odohteu:GR>1</odohteu:GR>
    <odohteu:BE>1</odohteu:BE>
    <odohteu:FI>1</odohteu:FI>
    <odohteu:SI></odohteu:SI>
    <odohteu:CY></odohteu:CY>
    <odohteu:LU></odohteu:LU>
    <odohteu:MT></odohteu:MT>
    <odohteu:SE></odohteu:SE>
    <odohteu:DK>1</odohteu:DK>
    <odohteu:IE>2</odohteu:IE>
    <odohteu:EU28></odohteu:EU28>
  </row>
  <row>
    <odohteu:EuMemberStates>Bulgaria</odohteu:EuMemberStates>
    <odohteu:RO></odohteu:RO>
    <odohteu:HU></odohteu:HU>
    <odohteu:NL>126</odohteu:NL>
    <odohteu:PL>3</odohteu:PL>
    <odohteu:BG></odohteu:BG>
    <odohteu:FR>48</odohteu:FR>
    <odohteu:UK>65</odohteu:UK>
    <odohteu:SK></odohteu:SK>
    <odohteu:DE>167</odohteu:DE>
    <odohteu:LT></odohteu:LT>
    <odohteu:PT>11</odohteu:PT>
    <odohteu:CZ>1</odohteu:CZ>
    <odohteu:HR></odohteu:HR>
    <odohteu:LV></odohteu:LV>
    <odohteu:ES>22</odohteu:ES>
    <odohteu:IT>21</odohteu:IT>
    <odohteu:EE></odohteu:EE>
    <odohteu:AT>47</odohteu:AT>
    <odohteu:GR>26</odohteu:GR>
    <odohteu:BE>8</odohteu:BE>
    <odohteu:FI></odohteu:FI>
    <odohteu:SI>3</odohteu:SI>
    <odohteu:CY>11</odohteu:CY>
    <odohteu:LU>1</odohteu:LU>
    <odohteu:MT></odohteu:MT>
    <odohteu:SE>4</odohteu:SE>
    <odohteu:DK>1</odohteu:DK>
    <odohteu:IE>3</odohteu:IE>
    <odohteu:EU28></odohteu:EU28>
  </row>
  <row>
    <odohteu:EuMemberStates>France</odohteu:EuMemberStates>
    <odohteu:RO></odohteu:RO>
    <odohteu:HU></odohteu:HU>
    <odohteu:NL>1</odohteu:NL>
    <odohteu:PL></odohteu:PL>
    <odohteu:BG></odohteu:BG>
    <odohteu:FR>565</odohteu:FR>
    <odohteu:UK></odohteu:UK>
    <odohteu:SK></odohteu:SK>
    <odohteu:DE></odohteu:DE>
    <odohteu:LT></odohteu:LT>
    <odohteu:PT></odohteu:PT>
    <odohteu:CZ></odohteu:CZ>
    <odohteu:HR></odohteu:HR>
    <odohteu:LV></odohteu:LV>
    <odohteu:ES>1</odohteu:ES>
    <odohteu:IT></odohteu:IT>
    <odohteu:EE></odohteu:EE>
    <odohteu:AT></odohteu:AT>
    <odohteu:GR></odohteu:GR>
    <odohteu:BE></odohteu:BE>
    <odohteu:FI></odohteu:FI>
    <odohteu:SI></odohteu:SI>
    <odohteu:CY></odohteu:CY>
    <odohteu:LU></odohteu:LU>
    <odohteu:MT></odohteu:MT>
    <odohteu:SE></odohteu:SE>
    <odohteu:DK></odohteu:DK>
    <odohteu:IE></odohteu:IE>
    <odohteu:EU28></odohteu:EU28>
  </row>
  <row>
    <odohteu:EuMemberStates>United Kingdom</odohteu:EuMemberStates>
    <odohteu:RO></odohteu:RO>
    <odohteu:HU></odohteu:HU>
    <odohteu:NL></odohteu:NL>
    <odohteu:PL></odohteu:PL>
    <odohteu:BG></odohteu:BG>
    <odohteu:FR>2</odohteu:FR>
    <odohteu:UK>517</odohteu:UK>
    <odohteu:SK></odohteu:SK>
    <odohteu:DE></odohteu:DE>
    <odohteu:LT></odohteu:LT>
    <odohteu:PT></odohteu:PT>
    <odohteu:CZ></odohteu:CZ>
    <odohteu:HR></odohteu:HR>
    <odohteu:LV></odohteu:LV>
    <odohteu:ES></odohteu:ES>
    <odohteu:IT></odohteu:IT>
    <odohteu:EE></odohteu:EE>
    <odohteu:AT></odohteu:AT>
    <odohteu:GR></odohteu:GR>
    <odohteu:BE>2</odohteu:BE>
    <odohteu:FI></odohteu:FI>
    <odohteu:SI></odohteu:SI>
    <odohteu:CY>1</odohteu:CY>
    <odohteu:LU></odohteu:LU>
    <odohteu:MT></odohteu:MT>
    <odohteu:SE></odohteu:SE>
    <odohteu:DK></odohteu:DK>
    <odohteu:IE></odohteu:IE>
    <odohteu:EU28></odohteu:EU28>
  </row>
  <row>
    <odohteu:EuMemberStates>Slovakia</odohteu:EuMemberStates>
    <odohteu:RO></odohteu:RO>
    <odohteu:HU>1</odohteu:HU>
    <odohteu:NL>14</odohteu:NL>
    <odohteu:PL></odohteu:PL>
    <odohteu:BG></odohteu:BG>
    <odohteu:FR></odohteu:FR>
    <odohteu:UK>161</odohteu:UK>
    <odohteu:SK>97</odohteu:SK>
    <odohteu:DE>5</odohteu:DE>
    <odohteu:LT></odohteu:LT>
    <odohteu:PT></odohteu:PT>
    <odohteu:CZ>3</odohteu:CZ>
    <odohteu:HR></odohteu:HR>
    <odohteu:LV></odohteu:LV>
    <odohteu:ES></odohteu:ES>
    <odohteu:IT></odohteu:IT>
    <odohteu:EE></odohteu:EE>
    <odohteu:AT>19</odohteu:AT>
    <odohteu:GR></odohteu:GR>
    <odohteu:BE>2</odohteu:BE>
    <odohteu:FI></odohteu:FI>
    <odohteu:SI>2</odohteu:SI>
    <odohteu:CY>2</odohteu:CY>
    <odohteu:LU></odohteu:LU>
    <odohteu:MT></odohteu:MT>
    <odohteu:SE></odohteu:SE>
    <odohteu:DK></odohteu:DK>
    <odohteu:IE>4</odohteu:IE>
    <odohteu:EU28></odohteu:EU28>
  </row>
  <row>
    <odohteu:EuMemberStates>Germany</odohteu:EuMemberStates>
    <odohteu:RO></odohteu:RO>
    <odohteu:HU></odohteu:HU>
    <odohteu:NL>6</odohteu:NL>
    <odohteu:PL></odohteu:PL>
    <odohteu:BG></odohteu:BG>
    <odohteu:FR></odohteu:FR>
    <odohteu:UK></odohteu:UK>
    <odohteu:SK></odohteu:SK>
    <odohteu:DE>225</odohteu:DE>
    <odohteu:LT></odohteu:LT>
    <odohteu:PT></odohteu:PT>
    <odohteu:CZ></odohteu:CZ>
    <odohteu:HR></odohteu:HR>
    <odohteu:LV></odohteu:LV>
    <odohteu:ES></odohteu:ES>
    <odohteu:IT></odohteu:IT>
    <odohteu:EE></odohteu:EE>
    <odohteu:AT></odohteu:AT>
    <odohteu:GR></odohteu:GR>
    <odohteu:BE></odohteu:BE>
    <odohteu:FI></odohteu:FI>
    <odohteu:SI></odohteu:SI>
    <odohteu:CY></odohteu:CY>
    <odohteu:LU></odohteu:LU>
    <odohteu:MT></odohteu:MT>
    <odohteu:SE></odohteu:SE>
    <odohteu:DK></odohteu:DK>
    <odohteu:IE></odohteu:IE>
    <odohteu:EU28></odohteu:EU28>
  </row>
  <row>
    <odohteu:EuMemberStates>Lithuania</odohteu:EuMemberStates>
    <odohteu:RO></odohteu:RO>
    <odohteu:HU></odohteu:HU>
    <odohteu:NL>7</odohteu:NL>
    <odohteu:PL></odohteu:PL>
    <odohteu:BG></odohteu:BG>
    <odohteu:FR></odohteu:FR>
    <odohteu:UK>84</odohteu:UK>
    <odohteu:SK></odohteu:SK>
    <odohteu:DE></odohteu:DE>
    <odohteu:LT>105</odohteu:LT>
    <odohteu:PT></odohteu:PT>
    <odohteu:CZ></odohteu:CZ>
    <odohteu:HR></odohteu:HR>
    <odohteu:LV>1</odohteu:LV>
    <odohteu:ES>17</odohteu:ES>
    <odohteu:IT></odohteu:IT>
    <odohteu:EE></odohteu:EE>
    <odohteu:AT>2</odohteu:AT>
    <odohteu:GR></odohteu:GR>
    <odohteu:BE>1</odohteu:BE>
    <odohteu:FI></odohteu:FI>
    <odohteu:SI></odohteu:SI>
    <odohteu:CY></odohteu:CY>
    <odohteu:LU></odohteu:LU>
    <odohteu:MT></odohteu:MT>
    <odohteu:SE></odohteu:SE>
    <odohteu:DK></odohteu:DK>
    <odohteu:IE>9</odohteu:IE>
    <odohteu:EU28></odohteu:EU28>
  </row>
  <row>
    <odohteu:EuMemberStates>Portugal</odohteu:EuMemberStates>
    <odohteu:RO></odohteu:RO>
    <odohteu:HU></odohteu:HU>
    <odohteu:NL>2</odohteu:NL>
    <odohteu:PL></odohteu:PL>
    <odohteu:BG></odohteu:BG>
    <odohteu:FR>12</odohteu:FR>
    <odohteu:UK></odohteu:UK>
    <odohteu:SK></odohteu:SK>
    <odohteu:DE></odohteu:DE>
    <odohteu:LT></odohteu:LT>
    <odohteu:PT>135</odohteu:PT>
    <odohteu:CZ></odohteu:CZ>
    <odohteu:HR></odohteu:HR>
    <odohteu:LV></odohteu:LV>
    <odohteu:ES>45</odohteu:ES>
    <odohteu:IT></odohteu:IT>
    <odohteu:EE></odohteu:EE>
    <odohteu:AT></odohteu:AT>
    <odohteu:GR></odohteu:GR>
    <odohteu:BE>2</odohteu:BE>
    <odohteu:FI></odohteu:FI>
    <odohteu:SI></odohteu:SI>
    <odohteu:CY></odohteu:CY>
    <odohteu:LU></odohteu:LU>
    <odohteu:MT></odohteu:MT>
    <odohteu:SE></odohteu:SE>
    <odohteu:DK></odohteu:DK>
    <odohteu:IE>1</odohteu:IE>
    <odohteu:EU28></odohteu:EU28>
  </row>
  <row>
    <odohteu:EuMemberStates>Czech Republic</odohteu:EuMemberStates>
    <odohteu:RO></odohteu:RO>
    <odohteu:HU></odohteu:HU>
    <odohteu:NL>9</odohteu:NL>
    <odohteu:PL></odohteu:PL>
    <odohteu:BG></odohteu:BG>
    <odohteu:FR></odohteu:FR>
    <odohteu:UK>80</odohteu:UK>
    <odohteu:SK></odohteu:SK>
    <odohteu:DE>12</odohteu:DE>
    <odohteu:LT></odohteu:LT>
    <odohteu:PT>0</odohteu:PT>
    <odohteu:CZ>4</odohteu:CZ>
    <odohteu:HR></odohteu:HR>
    <odohteu:LV></odohteu:LV>
    <odohteu:ES></odohteu:ES>
    <odohteu:IT></odohteu:IT>
    <odohteu:EE></odohteu:EE>
    <odohteu:AT>11</odohteu:AT>
    <odohteu:GR></odohteu:GR>
    <odohteu:BE>1</odohteu:BE>
    <odohteu:FI></odohteu:FI>
    <odohteu:SI>7</odohteu:SI>
    <odohteu:CY>3</odohteu:CY>
    <odohteu:LU></odohteu:LU>
    <odohteu:MT></odohteu:MT>
    <odohteu:SE></odohteu:SE>
    <odohteu:DK></odohteu:DK>
    <odohteu:IE>1</odohteu:IE>
    <odohteu:EU28></odohteu:EU28>
  </row>
  <row>
    <odohteu:EuMemberStates>Croatia</odohteu:EuMemberStates>
    <odohteu:RO></odohteu:RO>
    <odohteu:HU></odohteu:HU>
    <odohteu:NL>1</odohteu:NL>
    <odohteu:PL></odohteu:PL>
    <odohteu:BG></odohteu:BG>
    <odohteu:FR></odohteu:FR>
    <odohteu:UK></odohteu:UK>
    <odohteu:SK></odohteu:SK>
    <odohteu:DE></odohteu:DE>
    <odohteu:LT></odohteu:LT>
    <odohteu:PT></odohteu:PT>
    <odohteu:CZ></odohteu:CZ>
    <odohteu:HR>57</odohteu:HR>
    <odohteu:LV></odohteu:LV>
    <odohteu:ES>3</odohteu:ES>
    <odohteu:IT>11</odohteu:IT>
    <odohteu:EE></odohteu:EE>
    <odohteu:AT>5</odohteu:AT>
    <odohteu:GR></odohteu:GR>
    <odohteu:BE></odohteu:BE>
    <odohteu:FI></odohteu:FI>
    <odohteu:SI></odohteu:SI>
    <odohteu:CY></odohteu:CY>
    <odohteu:LU></odohteu:LU>
    <odohteu:MT></odohteu:MT>
    <odohteu:SE></odohteu:SE>
    <odohteu:DK></odohteu:DK>
    <odohteu:IE></odohteu:IE>
    <odohteu:EU28></odohteu:EU28>
  </row>
  <row>
    <odohteu:EuMemberStates>Latvia</odohteu:EuMemberStates>
    <odohteu:RO></odohteu:RO>
    <odohteu:HU></odohteu:HU>
    <odohteu:NL>8</odohteu:NL>
    <odohteu:PL></odohteu:PL>
    <odohteu:BG></odohteu:BG>
    <odohteu:FR></odohteu:FR>
    <odohteu:UK>21</odohteu:UK>
    <odohteu:SK></odohteu:SK>
    <odohteu:DE>2</odohteu:DE>
    <odohteu:LT></odohteu:LT>
    <odohteu:PT></odohteu:PT>
    <odohteu:CZ></odohteu:CZ>
    <odohteu:HR></odohteu:HR>
    <odohteu:LV>29</odohteu:LV>
    <odohteu:ES></odohteu:ES>
    <odohteu:IT></odohteu:IT>
    <odohteu:EE></odohteu:EE>
    <odohteu:AT>1</odohteu:AT>
    <odohteu:GR></odohteu:GR>
    <odohteu:BE></odohteu:BE>
    <odohteu:FI>1</odohteu:FI>
    <odohteu:SI></odohteu:SI>
    <odohteu:CY>4</odohteu:CY>
    <odohteu:LU></odohteu:LU>
    <odohteu:MT></odohteu:MT>
    <odohteu:SE></odohteu:SE>
    <odohteu:DK></odohteu:DK>
    <odohteu:IE></odohteu:IE>
    <odohteu:EU28></odohteu:EU28>
  </row>
  <row>
    <odohteu:EuMemberStates>Spain</odohteu:EuMemberStates>
    <odohteu:RO></odohteu:RO>
    <odohteu:HU></odohteu:HU>
    <odohteu:NL>7</odohteu:NL>
    <odohteu:PL></odohteu:PL>
    <odohteu:BG></odohteu:BG>
    <odohteu:FR></odohteu:FR>
    <odohteu:UK>7</odohteu:UK>
    <odohteu:SK></odohteu:SK>
    <odohteu:DE>2</odohteu:DE>
    <odohteu:LT></odohteu:LT>
    <odohteu:PT></odohteu:PT>
    <odohteu:CZ></odohteu:CZ>
    <odohteu:HR></odohteu:HR>
    <odohteu:LV></odohteu:LV>
    <odohteu:ES>25</odohteu:ES>
    <odohteu:IT></odohteu:IT>
    <odohteu:EE></odohteu:EE>
    <odohteu:AT></odohteu:AT>
    <odohteu:GR></odohteu:GR>
    <odohteu:BE>4</odohteu:BE>
    <odohteu:FI></odohteu:FI>
    <odohteu:SI></odohteu:SI>
    <odohteu:CY></odohteu:CY>
    <odohteu:LU></odohteu:LU>
    <odohteu:MT></odohteu:MT>
    <odohteu:SE></odohteu:SE>
    <odohteu:DK></odohteu:DK>
    <odohteu:IE></odohteu:IE>
    <odohteu:EU28></odohteu:EU28>
  </row>
  <row>
    <odohteu:EuMemberStates>Italy</odohteu:EuMemberStates>
    <odohteu:RO></odohteu:RO>
    <odohteu:HU></odohteu:HU>
    <odohteu:NL>3</odohteu:NL>
    <odohteu:PL></odohteu:PL>
    <odohteu:BG></odohteu:BG>
    <odohteu:FR></odohteu:FR>
    <odohteu:UK>6</odohteu:UK>
    <odohteu:SK></odohteu:SK>
    <odohteu:DE>7</odohteu:DE>
    <odohteu:LT></odohteu:LT>
    <odohteu:PT></odohteu:PT>
    <odohteu:CZ></odohteu:CZ>
    <odohteu:HR></odohteu:HR>
    <odohteu:LV></odohteu:LV>
    <odohteu:ES>1</odohteu:ES>
    <odohteu:IT>9</odohteu:IT>
    <odohteu:EE></odohteu:EE>
    <odohteu:AT>1</odohteu:AT>
    <odohteu:GR></odohteu:GR>
    <odohteu:BE>1</odohteu:BE>
    <odohteu:FI></odohteu:FI>
    <odohteu:SI></odohteu:SI>
    <odohteu:CY></odohteu:CY>
    <odohteu:LU></odohteu:LU>
    <odohteu:MT>1</odohteu:MT>
    <odohteu:SE></odohteu:SE>
    <odohteu:DK></odohteu:DK>
    <odohteu:IE>1</odohteu:IE>
    <odohteu:EU28></odohteu:EU28>
  </row>
  <row>
    <odohteu:EuMemberStates>Estonia</odohteu:EuMemberStates>
    <odohteu:RO></odohteu:RO>
    <odohteu:HU></odohteu:HU>
    <odohteu:NL></odohteu:NL>
    <odohteu:PL></odohteu:PL>
    <odohteu:BG></odohteu:BG>
    <odohteu:FR></odohteu:FR>
    <odohteu:UK></odohteu:UK>
    <odohteu:SK></odohteu:SK>
    <odohteu:DE>2</odohteu:DE>
    <odohteu:LT></odohteu:LT>
    <odohteu:PT></odohteu:PT>
    <odohteu:CZ></odohteu:CZ>
    <odohteu:HR></odohteu:HR>
    <odohteu:LV></odohteu:LV>
    <odohteu:ES></odohteu:ES>
    <odohteu:IT></odohteu:IT>
    <odohteu:EE>18</odohteu:EE>
    <odohteu:AT></odohteu:AT>
    <odohteu:GR></odohteu:GR>
    <odohteu:BE></odohteu:BE>
    <odohteu:FI>1</odohteu:FI>
    <odohteu:SI></odohteu:SI>
    <odohteu:CY></odohteu:CY>
    <odohteu:LU></odohteu:LU>
    <odohteu:MT></odohteu:MT>
    <odohteu:SE></odohteu:SE>
    <odohteu:DK></odohteu:DK>
    <odohteu:IE></odohteu:IE>
    <odohteu:EU28></odohteu:EU28>
  </row>
  <row>
    <odohteu:EuMemberStates>Austria</odohteu:EuMemberStates>
    <odohteu:RO></odohteu:RO>
    <odohteu:HU></odohteu:HU>
    <odohteu:NL>2</odohteu:NL>
    <odohteu:PL></odohteu:PL>
    <odohteu:BG></odohteu:BG>
    <odohteu:FR></odohteu:FR>
    <odohteu:UK></odohteu:UK>
    <odohteu:SK></odohteu:SK>
    <odohteu:DE></odohteu:DE>
    <odohteu:LT></odohteu:LT>
    <odohteu:PT></odohteu:PT>
    <odohteu:CZ></odohteu:CZ>
    <odohteu:HR></odohteu:HR>
    <odohteu:LV></odohteu:LV>
    <odohteu:ES></odohteu:ES>
    <odohteu:IT></odohteu:IT>
    <odohteu:EE></odohteu:EE>
    <odohteu:AT>16</odohteu:AT>
    <odohteu:GR></odohteu:GR>
    <odohteu:BE></odohteu:BE>
    <odohteu:FI></odohteu:FI>
    <odohteu:SI></odohteu:SI>
    <odohteu:CY></odohteu:CY>
    <odohteu:LU></odohteu:LU>
    <odohteu:MT></odohteu:MT>
    <odohteu:SE></odohteu:SE>
    <odohteu:DK></odohteu:DK>
    <odohteu:IE></odohteu:IE>
    <odohteu:EU28></odohteu:EU28>
  </row>
  <row>
    <odohteu:EuMemberStates>Greece</odohteu:EuMemberStates>
    <odohteu:RO></odohteu:RO>
    <odohteu:HU></odohteu:HU>
    <odohteu:NL></odohteu:NL>
    <odohteu:PL></odohteu:PL>
    <odohteu:BG></odohteu:BG>
    <odohteu:FR></odohteu:FR>
    <odohteu:UK></odohteu:UK>
    <odohteu:SK></odohteu:SK>
    <odohteu:DE></odohteu:DE>
    <odohteu:LT></odohteu:LT>
    <odohteu:PT></odohteu:PT>
    <odohteu:CZ></odohteu:CZ>
    <odohteu:HR></odohteu:HR>
    <odohteu:LV></odohteu:LV>
    <odohteu:ES></odohteu:ES>
    <odohteu:IT></odohteu:IT>
    <odohteu:EE></odohteu:EE>
    <odohteu:AT></odohteu:AT>
    <odohteu:GR>16</odohteu:GR>
    <odohteu:BE></odohteu:BE>
    <odohteu:FI></odohteu:FI>
    <odohteu:SI></odohteu:SI>
    <odohteu:CY>2</odohteu:CY>
    <odohteu:LU></odohteu:LU>
    <odohteu:MT></odohteu:MT>
    <odohteu:SE></odohteu:SE>
    <odohteu:DK></odohteu:DK>
    <odohteu:IE></odohteu:IE>
    <odohteu:EU28></odohteu:EU28>
  </row>
  <row>
    <odohteu:EuMemberStates>Belgium</odohteu:EuMemberStates>
    <odohteu:RO></odohteu:RO>
    <odohteu:HU></odohteu:HU>
    <odohteu:NL>4</odohteu:NL>
    <odohteu:PL></odohteu:PL>
    <odohteu:BG></odohteu:BG>
    <odohteu:FR></odohteu:FR>
    <odohteu:UK>1</odohteu:UK>
    <odohteu:SK></odohteu:SK>
    <odohteu:DE></odohteu:DE>
    <odohteu:LT></odohteu:LT>
    <odohteu:PT></odohteu:PT>
    <odohteu:CZ></odohteu:CZ>
    <odohteu:HR></odohteu:HR>
    <odohteu:LV></odohteu:LV>
    <odohteu:ES>1</odohteu:ES>
    <odohteu:IT></odohteu:IT>
    <odohteu:EE></odohteu:EE>
    <odohteu:AT></odohteu:AT>
    <odohteu:GR></odohteu:GR>
    <odohteu:BE></odohteu:BE>
    <odohteu:FI></odohteu:FI>
    <odohteu:SI></odohteu:SI>
    <odohteu:CY></odohteu:CY>
    <odohteu:LU></odohteu:LU>
    <odohteu:MT></odohteu:MT>
    <odohteu:SE></odohteu:SE>
    <odohteu:DK></odohteu:DK>
    <odohteu:IE></odohteu:IE>
    <odohteu:EU28></odohteu:EU28>
  </row>
  <row>
    <odohteu:EuMemberStates>Finland</odohteu:EuMemberStates>
    <odohteu:RO></odohteu:RO>
    <odohteu:HU></odohteu:HU>
    <odohteu:NL></odohteu:NL>
    <odohteu:PL></odohteu:PL>
    <odohteu:BG></odohteu:BG>
    <odohteu:FR></odohteu:FR>
    <odohteu:UK></odohteu:UK>
    <odohteu:SK></odohteu:SK>
    <odohteu:DE></odohteu:DE>
    <odohteu:LT></odohteu:LT>
    <odohteu:PT></odohteu:PT>
    <odohteu:CZ></odohteu:CZ>
    <odohteu:HR></odohteu:HR>
    <odohteu:LV></odohteu:LV>
    <odohteu:ES></odohteu:ES>
    <odohteu:IT></odohteu:IT>
    <odohteu:EE></odohteu:EE>
    <odohteu:AT></odohteu:AT>
    <odohteu:GR></odohteu:GR>
    <odohteu:BE></odohteu:BE>
    <odohteu:FI>6</odohteu:FI>
    <odohteu:SI></odohteu:SI>
    <odohteu:CY></odohteu:CY>
    <odohteu:LU></odohteu:LU>
    <odohteu:MT></odohteu:MT>
    <odohteu:SE></odohteu:SE>
    <odohteu:DK></odohteu:DK>
    <odohteu:IE></odohteu:IE>
    <odohteu:EU28></odohteu:EU28>
  </row>
  <row>
    <odohteu:EuMemberStates>Slovenia</odohteu:EuMemberStates>
    <odohteu:RO></odohteu:RO>
    <odohteu:HU></odohteu:HU>
    <odohteu:NL></odohteu:NL>
    <odohteu:PL></odohteu:PL>
    <odohteu:BG></odohteu:BG>
    <odohteu:FR></odohteu:FR>
    <odohteu:UK></odohteu:UK>
    <odohteu:SK></odohteu:SK>
    <odohteu:DE></odohteu:DE>
    <odohteu:LT></odohteu:LT>
    <odohteu:PT></odohteu:PT>
    <odohteu:CZ></odohteu:CZ>
    <odohteu:HR></odohteu:HR>
    <odohteu:LV></odohteu:LV>
    <odohteu:ES>1</odohteu:ES>
    <odohteu:IT></odohteu:IT>
    <odohteu:EE></odohteu:EE>
    <odohteu:AT></odohteu:AT>
    <odohteu:GR></odohteu:GR>
    <odohteu:BE></odohteu:BE>
    <odohteu:FI></odohteu:FI>
    <odohteu:SI>5</odohteu:SI>
    <odohteu:CY></odohteu:CY>
    <odohteu:LU></odohteu:LU>
    <odohteu:MT></odohteu:MT>
    <odohteu:SE></odohteu:SE>
    <odohteu:DK></odohteu:DK>
    <odohteu:IE></odohteu:IE>
    <odohteu:EU28></odohteu:EU28>
  </row>
  <row>
    <odohteu:EuMemberStates>Cyprus</odohteu:EuMemberStates>
    <odohteu:RO></odohteu:RO>
    <odohteu:HU></odohteu:HU>
    <odohteu:NL>1</odohteu:NL>
    <odohteu:PL></odohteu:PL>
    <odohteu:BG></odohteu:BG>
    <odohteu:FR></odohteu:FR>
    <odohteu:UK></odohteu:UK>
    <odohteu:SK></odohteu:SK>
    <odohteu:DE></odohteu:DE>
    <odohteu:LT></odohteu:LT>
    <odohteu:PT></odohteu:PT>
    <odohteu:CZ></odohteu:CZ>
    <odohteu:HR></odohteu:HR>
    <odohteu:LV></odohteu:LV>
    <odohteu:ES></odohteu:ES>
    <odohteu:IT></odohteu:IT>
    <odohteu:EE></odohteu:EE>
    <odohteu:AT></odohteu:AT>
    <odohteu:GR></odohteu:GR>
    <odohteu:BE></odohteu:BE>
    <odohteu:FI></odohteu:FI>
    <odohteu:SI></odohteu:SI>
    <odohteu:CY>1</odohteu:CY>
    <odohteu:LU></odohteu:LU>
    <odohteu:MT></odohteu:MT>
    <odohteu:SE></odohteu:SE>
    <odohteu:DK></odohteu:DK>
    <odohteu:IE></odohteu:IE>
    <odohteu:EU28></odohteu:EU28>
  </row>
  <row>
    <odohteu:EuMemberStates>Luxem bourg</odohteu:EuMemberStates>
    <odohteu:RO></odohteu:RO>
    <odohteu:HU></odohteu:HU>
    <odohteu:NL></odohteu:NL>
    <odohteu:PL></odohteu:PL>
    <odohteu:BG></odohteu:BG>
    <odohteu:FR></odohteu:FR>
    <odohteu:UK></odohteu:UK>
    <odohteu:SK></odohteu:SK>
    <odohteu:DE></odohteu:DE>
    <odohteu:LT></odohteu:LT>
    <odohteu:PT></odohteu:PT>
    <odohteu:CZ></odohteu:CZ>
    <odohteu:HR></odohteu:HR>
    <odohteu:LV></odohteu:LV>
    <odohteu:ES></odohteu:ES>
    <odohteu:IT></odohteu:IT>
    <odohteu:EE></odohteu:EE>
    <odohteu:AT></odohteu:AT>
    <odohteu:GR></odohteu:GR>
    <odohteu:BE></odohteu:BE>
    <odohteu:FI></odohteu:FI>
    <odohteu:SI></odohteu:SI>
    <odohteu:CY></odohteu:CY>
    <odohteu:LU>1</odohteu:LU>
    <odohteu:MT></odohteu:MT>
    <odohteu:SE></odohteu:SE>
    <odohteu:DK></odohteu:DK>
    <odohteu:IE></odohteu:IE>
    <odohteu:EU28></odohteu:EU28>
  </row>
  <row>
    <odohteu:EuMemberStates>Malta</odohteu:EuMemberStates>
    <odohteu:RO></odohteu:RO>
    <odohteu:HU></odohteu:HU>
    <odohteu:NL></odohteu:NL>
    <odohteu:PL></odohteu:PL>
    <odohteu:BG></odohteu:BG>
    <odohteu:FR></odohteu:FR>
    <odohteu:UK>1</odohteu:UK>
    <odohteu:SK></odohteu:SK>
    <odohteu:DE></odohteu:DE>
    <odohteu:LT></odohteu:LT>
    <odohteu:PT></odohteu:PT>
    <odohteu:CZ></odohteu:CZ>
    <odohteu:HR></odohteu:HR>
    <odohteu:LV></odohteu:LV>
    <odohteu:ES></odohteu:ES>
    <odohteu:IT></odohteu:IT>
    <odohteu:EE></odohteu:EE>
    <odohteu:AT></odohteu:AT>
    <odohteu:GR></odohteu:GR>
    <odohteu:BE></odohteu:BE>
    <odohteu:FI></odohteu:FI>
    <odohteu:SI></odohteu:SI>
    <odohteu:CY></odohteu:CY>
    <odohteu:LU></odohteu:LU>
    <odohteu:MT></odohteu:MT>
    <odohteu:SE></odohteu:SE>
    <odohteu:DK></odohteu:DK>
    <odohteu:IE></odohteu:IE>
    <odohteu:EU28></odohteu:EU28>
  </row>
  <row>
    <odohteu:EuMemberStates>Sweden</odohteu:EuMemberStates>
    <odohteu:RO></odohteu:RO>
    <odohteu:HU></odohteu:HU>
    <odohteu:NL>1</odohteu:NL>
    <odohteu:PL></odohteu:PL>
    <odohteu:BG></odohteu:BG>
    <odohteu:FR></odohteu:FR>
    <odohteu:UK></odohteu:UK>
    <odohteu:SK></odohteu:SK>
    <odohteu:DE></odohteu:DE>
    <odohteu:LT></odohteu:LT>
    <odohteu:PT></odohteu:PT>
    <odohteu:CZ></odohteu:CZ>
    <odohteu:HR></odohteu:HR>
    <odohteu:LV></odohteu:LV>
    <odohteu:ES></odohteu:ES>
    <odohteu:IT></odohteu:IT>
    <odohteu:EE></odohteu:EE>
    <odohteu:AT></odohteu:AT>
    <odohteu:GR></odohteu:GR>
    <odohteu:BE></odohteu:BE>
    <odohteu:FI></odohteu:FI>
    <odohteu:SI></odohteu:SI>
    <odohteu:CY></odohteu:CY>
    <odohteu:LU></odohteu:LU>
    <odohteu:MT></odohteu:MT>
    <odohteu:SE></odohteu:SE>
    <odohteu:DK></odohteu:DK>
    <odohteu:IE></odohteu:IE>
    <odohteu:EU28></odohteu:EU28>
  </row>
  <row>
    <odohteu:EuMemberStates>Denmark</odohteu:EuMemberStates>
    <odohteu:RO></odohteu:RO>
    <odohteu:HU></odohteu:HU>
    <odohteu:NL></odohteu:NL>
    <odohteu:PL></odohteu:PL>
    <odohteu:BG></odohteu:BG>
    <odohteu:FR></odohteu:FR>
    <odohteu:UK></odohteu:UK>
    <odohteu:SK></odohteu:SK>
    <odohteu:DE></odohteu:DE>
    <odohteu:LT></odohteu:LT>
    <odohteu:PT></odohteu:PT>
    <odohteu:CZ></odohteu:CZ>
    <odohteu:HR></odohteu:HR>
    <odohteu:LV></odohteu:LV>
    <odohteu:ES></odohteu:ES>
    <odohteu:IT></odohteu:IT>
    <odohteu:EE></odohteu:EE>
    <odohteu:AT></odohteu:AT>
    <odohteu:GR></odohteu:GR>
    <odohteu:BE></odohteu:BE>
    <odohteu:FI></odohteu:FI>
    <odohteu:SI></odohteu:SI>
    <odohteu:CY></odohteu:CY>
    <odohteu:LU></odohteu:LU>
    <odohteu:MT></odohteu:MT>
    <odohteu:SE></odohteu:SE>
    <odohteu:DK></odohteu:DK>
    <odohteu:IE></odohteu:IE>
    <odohteu:EU28></odohteu:EU28>
  </row>
  <row>
    <odohteu:EuMemberStates>Ireland</odohteu:EuMemberStates>
    <odohteu:RO></odohteu:RO>
    <odohteu:HU></odohteu:HU>
    <odohteu:NL></odohteu:NL>
    <odohteu:PL></odohteu:PL>
    <odohteu:BG></odohteu:BG>
    <odohteu:FR></odohteu:FR>
    <odohteu:UK></odohteu:UK>
    <odohteu:SK></odohteu:SK>
    <odohteu:DE></odohteu:DE>
    <odohteu:LT></odohteu:LT>
    <odohteu:PT></odohteu:PT>
    <odohteu:CZ></odohteu:CZ>
    <odohteu:HR></odohteu:HR>
    <odohteu:LV></odohteu:LV>
    <odohteu:ES></odohteu:ES>
    <odohteu:IT></odohteu:IT>
    <odohteu:EE></odohteu:EE>
    <odohteu:AT></odohteu:AT>
    <odohteu:GR></odohteu:GR>
    <odohteu:BE></odohteu:BE>
    <odohteu:FI></odohteu:FI>
    <odohteu:SI></odohteu:SI>
    <odohteu:CY></odohteu:CY>
    <odohteu:LU></odohteu:LU>
    <odohteu:MT></odohteu:MT>
    <odohteu:SE></odohteu:SE>
    <odohteu:DK></odohteu:DK>
    <odohteu:IE></odohteu:IE>
    <odohteu:EU28></odohteu:EU28>
  </row>
</root>
</rdf:RDF>