[
 {
   "country_name": "Austria",
   "country_code": "AUT",
   "year": 2000,
   "population": 8.01,
   "poverty": 13,
   "life": 78,
   "school": 1,
   "gdp": 196.8,
   "migration": 178
 },
 {
   "country_name": "Austria",
   "country_code": "AUT",
   "year": 2010,
   "population": 8.36,
   "poverty": 14.5,
   "life": 81,
   "school": 1,
   "gdp": 391.89,
   "migration": 267
 },
 {
   "country_name": "Austria",
   "country_code": "AUT",
   "year": 2018,
   "population": 8.84,
   "poverty": 13.3,
   "life": 82,
   "school": 1,
   "gdp": 455.09,
   "migration": 325
 },
 {
   "country_name": "Belgium",
   "country_code": "BEL",
   "year": 2000,
   "population": 10.25,
   "poverty": 14.3,
   "life": 78,
   "school": 1,
   "gdp": 236.2,
   "migration": 220
 },
 {
   "country_name": "Belgium",
   "country_code": "BEL",
   "year": 2010,
   "population": 10.9,
   "poverty": 15.3,
   "life": 80,
   "school": 1,
   "gdp": 480.95,
   "migration": 259
 },
 {
   "country_name": "Belgium",
   "country_code": "BEL",
   "year": 2018,
   "population": 11.43,
   "poverty": 16.4,
   "life": 82,
   "school": 1,
   "gdp": 543.73,
   "migration": 240
 },
 {
   "country_name": "Bulgaria",
   "country_code": "BGR",
   "year": 2000,
   "population": 8.17,
   "poverty": null,
   "life": 72,
   "school": 1,
   "gdp": 13.25,
   "migration": -86
 },
 {
   "country_name": "Bulgaria",
   "country_code": "BGR",
   "year": 2010,
   "population": 7.4,
   "poverty": null,
   "life": 74,
   "school": 1,
   "gdp": 50.38,
   "migration": -24
 },
 {
   "country_name": "Bulgaria",
   "country_code": "BGR",
   "year": 2018,
   "population": 7.03,
   "poverty": 22.6,
   "life": 75,
   "school": 1,
   "gdp": 66.23,
   "migration": -24
 },
 {
   "country_name": "Croatia",
   "country_code": "HRV",
   "year": 2000,
   "population": 4.47,
   "poverty": null,
   "life": 73,
   "school": 1,
   "gdp": 21.63,
   "migration": -3
 },
 {
   "country_name": "Croatia",
   "country_code": "HRV",
   "year": 2010,
   "population": 4.3,
   "poverty": 20.9,
   "life": 76,
   "school": 1,
   "gdp": 59.92,
   "migration": -38
 },
 {
   "country_name": "Croatia",
   "country_code": "HRV",
   "year": 2018,
   "population": 4.09,
   "poverty": 18.3,
   "life": 78,
   "school": 1,
   "gdp": 61.38,
   "migration": -40
 },
 {
   "country_name": "Cyprus",
   "country_code": "CYP",
   "year": 2000,
   "population": 0.94,
   "poverty": null,
   "life": 78,
   "school": 1,
   "gdp": 9.99,
   "migration": 58
 },
 {
   "country_name": "Cyprus",
   "country_code": "CYP",
   "year": 2010,
   "population": 1.11,
   "poverty": 14.8,
   "life": 79,
   "school": 1,
   "gdp": 25.73,
   "migration": 23
 },
 {
   "country_name": "Cyprus",
   "country_code": "CYP",
   "year": 2018,
   "population": 1.19,
   "poverty": 14.7,
   "life": 81,
   "school": 1,
   "gdp": 25.31,
   "migration": 25
 },
 {
   "country_name": "Czech Republic",
   "country_code": "CZE",
   "year": 2000,
   "population": 10.26,
   "poverty": null,
   "life": 75,
   "school": 1,
   "gdp": 61.83,
   "migration": 47
 },
 {
   "country_name": "Czech Republic",
   "country_code": "CZE",
   "year": 2010,
   "population": 10.47,
   "poverty": 9.8,
   "life": 77,
   "school": 1,
   "gdp": 209.07,
   "migration": 60
 },
 {
   "country_name": "Czech Republic",
   "country_code": "CZE",
   "year": 2018,
   "population": 10.63,
   "poverty": 10.1,
   "life": 79,
   "school": 1,
   "gdp": 248.91,
   "migration": 110
 },
 {
   "country_name": "Denmark",
   "country_code": "DNK",
   "year": 2000,
   "population": 5.34,
   "poverty": 10.9,
   "life": 77,
   "school": 1,
   "gdp": 164.16,
   "migration": 46
 },
 {
   "country_name": "Denmark",
   "country_code": "DNK",
   "year": 2010,
   "population": 5.55,
   "poverty": 12.1,
   "life": 79,
   "school": 1,
   "gdp": 322,
   "migration": 107
 },
 {
   "country_name": "Denmark",
   "country_code": "DNK",
   "year": 2018,
   "population": 5.79,
   "poverty": 12.5,
   "life": 81,
   "school": 1,
   "gdp": 356.88,
   "migration": 76
 },
 {
   "country_name": "Estonia",
   "country_code": "EST",
   "year": 2000,
   "population": 1.4,
   "poverty": null,
   "life": 70,
   "school": 1,
   "gdp": 5.69,
   "migration": -18
 },
 {
   "country_name": "Estonia",
   "country_code": "EST",
   "year": 2010,
   "population": 1.33,
   "poverty": 17.5,
   "life": 75,
   "school": 1,
   "gdp": 19.69,
   "migration": -11
 },
 {
   "country_name": "Estonia",
   "country_code": "EST",
   "year": 2018,
   "population": 1.32,
   "poverty": 21.7,
   "life": 78,
   "school": 1,
   "gdp": 30.63,
   "migration": 20
 },
 {
   "country_name": "Finland",
   "country_code": "FIN",
   "year": 2000,
   "population": 5.18,
   "poverty": null,
   "life": 77,
   "school": 1,
   "gdp": 125.71,
   "migration": 32
 },
 {
   "country_name": "Finland",
   "country_code": "FIN",
   "year": 2010,
   "population": 5.36,
   "poverty": 13.7,
   "life": 80,
   "school": 1,
   "gdp": 249.18,
   "migration": 81
 },
 {
   "country_name": "Finland",
   "country_code": "FIN",
   "year": 2018,
   "population": 5.52,
   "poverty": 11.6,
   "life": 82,
   "school": 1,
   "gdp": 275.95,
   "migration": 70
 },
 {
   "country_name": "France",
   "country_code": "FRA",
   "year": 2000,
   "population": 60.91,
   "poverty": null,
   "life": 79,
   "school": 1,
   "gdp": 1362.25,
   "migration": 926
 },
 {
   "country_name": "France",
   "country_code": "FRA",
   "year": 2010,
   "population": 65.03,
   "poverty": 14,
   "life": 82,
   "school": 1,
   "gdp": 2642.61,
   "migration": 424
 },
 {
   "country_name": "France",
   "country_code": "FRA",
   "year": 2018,
   "population": 66.97,
   "poverty": 13.4,
   "life": 83,
   "school": 1,
   "gdp": 2787.86,
   "migration": 183
 },
 {
   "country_name": "Germany",
   "country_code": "DEU",
   "year": 2000,
   "population": 82.21,
   "poverty": null,
   "life": 78,
   "school": 1,
   "gdp": 1943.15,
   "migration": 824
 },
 {
   "country_name": "Germany",
   "country_code": "DEU",
   "year": 2010,
   "population": 81.78,
   "poverty": 15.8,
   "life": 80,
   "school": 1,
   "gdp": 3396.35,
   "migration": 1939
 },
 {
   "country_name": "Germany",
   "country_code": "DEU",
   "year": 2018,
   "population": 82.91,
   "poverty": 16,
   "life": 81,
   "school": 1,
   "gdp": 3963.77,
   "migration": 2719
 },
 {
   "country_name": "Greece",
   "country_code": "GRC",
   "year": 2000,
   "population": 10.81,
   "poverty": 19.9,
   "life": 78,
   "school": 1,
   "gdp": 130.13,
   "migration": 114
 },
 {
   "country_name": "Greece",
   "country_code": "GRC",
   "year": 2010,
   "population": 11.12,
   "poverty": 21.4,
   "life": 80,
   "school": 1,
   "gdp": 299.36,
   "migration": -162
 },
 {
   "country_name": "Greece",
   "country_code": "GRC",
   "year": 2018,
   "population": 10.73,
   "poverty": 17.9,
   "life": 82,
   "school": 1,
   "gdp": 218.14,
   "migration": -80
 },
 {
   "country_name": "Hungary",
   "country_code": "HUN",
   "year": 2000,
   "population": 10.21,
   "poverty": null,
   "life": 71,
   "school": 1,
   "gdp": 47.22,
   "migration": 62
 },
 {
   "country_name": "Hungary",
   "country_code": "HUN",
   "year": 2010,
   "population": 10,
   "poverty": 14.1,
   "life": 74,
   "school": 1,
   "gdp": 131.92,
   "migration": 30
 },
 {
   "country_name": "Hungary",
   "country_code": "HUN",
   "year": 2018,
   "population": 9.78,
   "poverty": 12.3,
   "life": 76,
   "school": 1,
   "gdp": 160.42,
   "migration": 30
 },
 {
   "country_name": "Ireland",
   "country_code": "IRL",
   "year": 2000,
   "population": 3.81,
   "poverty": 20.9,
   "life": 77,
   "school": 1,
   "gdp": 99.85,
   "migration": 201
 },
 {
   "country_name": "Ireland",
   "country_code": "IRL",
   "year": 2010,
   "population": 4.56,
   "poverty": 15.2,
   "life": 81,
   "school": 1,
   "gdp": 222.15,
   "migration": -112
 },
 {
   "country_name": "Ireland",
   "country_code": "IRL",
   "year": 2018,
   "population": 4.87,
   "poverty": 14.9,
   "life": 82,
   "school": 1,
   "gdp": 382.67,
   "migration": 118
 },
 {
   "country_name": "Italy",
   "country_code": "ITA",
   "year": 2000,
   "population": 56.94,
   "poverty": null,
   "life": 80,
   "school": 1,
   "gdp": 1143.83,
   "migration": 1664
 },
 {
   "country_name": "Italy",
   "country_code": "ITA",
   "year": 2010,
   "population": 59.28,
   "poverty": 19.8,
   "life": 82,
   "school": 1,
   "gdp": 2134.02,
   "migration": 1637
 },
 {
   "country_name": "Italy",
   "country_code": "ITA",
   "year": 2018,
   "population": 60.42,
   "poverty": 20.3,
   "life": 83,
   "school": 1,
   "gdp": 2091.54,
   "migration": 745
 },
 {
   "country_name": "Latvia",
   "country_code": "LVA",
   "year": 2000,
   "population": 2.37,
   "poverty": null,
   "life": 70,
   "school": 1,
   "gdp": 7.95,
   "migration": -72
 },
 {
   "country_name": "Latvia",
   "country_code": "LVA",
   "year": 2010,
   "population": 2.1,
   "poverty": 19,
   "life": 73,
   "school": 1,
   "gdp": 23.88,
   "migration": -83
 },
 {
   "country_name": "Latvia",
   "country_code": "LVA",
   "year": 2018,
   "population": 1.93,
   "poverty": 22.9,
   "life": 75,
   "school": 1,
   "gdp": 34.42,
   "migration": -74
 },
 {
   "country_name": "Lithuania",
   "country_code": "LTU",
   "year": 2000,
   "population": 3.5,
   "poverty": null,
   "life": 72,
   "school": 1,
   "gdp": 11.52,
   "migration": -99
 },
 {
   "country_name": "Lithuania",
   "country_code": "LTU",
   "year": 2010,
   "population": 3.1,
   "poverty": 19.2,
   "life": 73,
   "school": 1,
   "gdp": 37.14,
   "migration": -146
 },
 {
   "country_name": "Lithuania",
   "country_code": "LTU",
   "year": 2018,
   "population": 2.8,
   "poverty": 20.6,
   "life": 76,
   "school": 1,
   "gdp": 53.72,
   "migration": -164
 },
 {
   "country_name": "Luxembourg",
   "country_code": "LUX",
   "year": 2000,
   "population": 0.44,
   "poverty": null,
   "life": 78,
   "school": 1,
   "gdp": 21.26,
   "migration": 14
 },
 {
   "country_name": "Luxembourg",
   "country_code": "LUX",
   "year": 2010,
   "population": 0.51,
   "poverty": null,
   "life": 81,
   "school": 1,
   "gdp": 53.21,
   "migration": 49
 },
 {
   "country_name": "Luxembourg",
   "country_code": "LUX",
   "year": 2018,
   "population": 0.61,
   "poverty": 18.3,
   "life": 82,
   "school": 1,
   "gdp": 70.92,
   "migration": 49
 },
 {
   "country_name": "Malta",
   "country_code": "MLT",
   "year": 2000,
   "population": 0.39,
   "poverty": null,
   "life": 78,
   "school": 1,
   "gdp": 4.07,
   "migration": 6
 },
 {
   "country_name": "Malta",
   "country_code": "MLT",
   "year": 2010,
   "population": 0.41,
   "poverty": 15.6,
   "life": 81,
   "school": 1,
   "gdp": 9.04,
   "migration": 16
 },
 {
   "country_name": "Malta",
   "country_code": "MLT",
   "year": 2018,
   "population": 0.48,
   "poverty": 17.1,
   "life": 82,
   "school": 1,
   "gdp": 14.75,
   "migration": 5
 },
 {
   "country_name": "Netherlands",
   "country_code": "NLD",
   "year": 2000,
   "population": 15.93,
   "poverty": null,
   "life": 78,
   "school": 1,
   "gdp": 416.44,
   "migration": 146
 },
 {
   "country_name": "Netherlands",
   "country_code": "NLD",
   "year": 2010,
   "population": 16.62,
   "poverty": null,
   "life": 81,
   "school": 1,
   "gdp": 846.55,
   "migration": 63
 },
 {
   "country_name": "Netherlands",
   "country_code": "NLD",
   "year": 2018,
   "population": 17.23,
   "poverty": 13.2,
   "life": 82,
   "school": 1,
   "gdp": 914.04,
   "migration": 80
 },
 {
   "country_name": "Poland",
   "country_code": "POL",
   "year": 2000,
   "population": 38.26,
   "poverty": null,
   "life": 74,
   "school": 1,
   "gdp": 172.22,
   "migration": -183
 },
 {
   "country_name": "Poland",
   "country_code": "POL",
   "year": 2010,
   "population": 38.04,
   "poverty": 17.7,
   "life": 76,
   "school": 1,
   "gdp": 479.83,
   "migration": -321
 },
 {
   "country_name": "Poland",
   "country_code": "POL",
   "year": 2018,
   "population": 37.97,
   "poverty": 15.4,
   "life": 78,
   "school": 1,
   "gdp": 587.41,
   "migration": -147
 },
 {
   "country_name": "Portugal",
   "country_code": "PRT",
   "year": 2000,
   "population": 10.29,
   "poverty": null,
   "life": 76,
   "school": 1,
   "gdp": 118.31,
   "migration": 178
 },
 {
   "country_name": "Portugal",
   "country_code": "PRT",
   "year": 2010,
   "population": 10.57,
   "poverty": 18,
   "life": 79,
   "school": 1,
   "gdp": 237.88,
   "migration": -140
 },
 {
   "country_name": "Portugal",
   "country_code": "PRT",
   "year": 2018,
   "population": 10.28,
   "poverty": 17.2,
   "life": 81,
   "school": 1,
   "gdp": 242.31,
   "migration": -30
 },
 {
   "country_name": "Romania",
   "country_code": "ROU",
   "year": 2000,
   "population": 22.44,
   "poverty": null,
   "life": 71,
   "school": 1,
   "gdp": 37.25,
   "migration": -468
 },
 {
   "country_name": "Romania",
   "country_code": "ROU",
   "year": 2010,
   "population": 20.25,
   "poverty": 22.3,
   "life": 73,
   "school": 1,
   "gdp": 166.31,
   "migration": -300
 },
 {
   "country_name": "Romania",
   "country_code": "ROU",
   "year": 2018,
   "population": 19.47,
   "poverty": 23.8,
   "life": 75,
   "school": 1,
   "gdp": 241.46,
   "migration": -370
 },
 {
   "country_name": "Slovak Republic",
   "country_code": "SVK",
   "year": 2000,
   "population": 5.39,
   "poverty": null,
   "life": 73,
   "school": 1,
   "gdp": 29.17,
   "migration": 1
 },
 {
   "country_name": "Slovak Republic",
   "country_code": "SVK",
   "year": 2010,
   "population": 5.39,
   "poverty": 13,
   "life": 75,
   "school": 1,
   "gdp": 90.31,
   "migration": 11
 },
 {
   "country_name": "Slovak Republic",
   "country_code": "SVK",
   "year": 2018,
   "population": 5.45,
   "poverty": 12.2,
   "life": 77,
   "school": 1,
   "gdp": 105.7,
   "migration": 7
 },
 {
   "country_name": "Slovenia",
   "country_code": "SVN",
   "year": 2000,
   "population": 1.99,
   "poverty": null,
   "life": 75,
   "school": 1,
   "gdp": 20.29,
   "migration": 15
 },
 {
   "country_name": "Slovenia",
   "country_code": "SVN",
   "year": 2010,
   "population": 2.05,
   "poverty": 13.6,
   "life": 79,
   "school": 1,
   "gdp": 48.16,
   "migration": 17
 },
 {
   "country_name": "Slovenia",
   "country_code": "SVN",
   "year": 2018,
   "population": 2.07,
   "poverty": 12,
   "life": 81,
   "school": 1,
   "gdp": 54.16,
   "migration": 10
 },
 {
   "country_name": "Spain",
   "country_code": "ESP",
   "year": 2000,
   "population": 40.57,
   "poverty": null,
   "life": 79,
   "school": 1,
   "gdp": 596.88,
   "migration": 2908
 },
 {
   "country_name": "Spain",
   "country_code": "ESP",
   "year": 2010,
   "population": 46.58,
   "poverty": 20.6,
   "life": 82,
   "school": 1,
   "gdp": 1420.72,
   "migration": -520
 },
 {
   "country_name": "Spain",
   "country_code": "ESP",
   "year": 2018,
   "population": 46.8,
   "poverty": 20.7,
   "life": 83,
   "school": 1,
   "gdp": 1422.15,
   "migration": 200
 },
 {
   "country_name": "Sweden",
   "country_code": "SWE",
   "year": 2000,
   "population": 8.87,
   "poverty": null,
   "life": 80,
   "school": 1,
   "gdp": 262.84,
   "migration": 142
 },
 {
   "country_name": "Sweden",
   "country_code": "SWE",
   "year": 2010,
   "population": 9.38,
   "poverty": 15.4,
   "life": 81,
   "school": 1,
   "gdp": 495.81,
   "migration": 254
 },
 {
   "country_name": "Sweden",
   "country_code": "SWE",
   "year": 2018,
   "population": 10.18,
   "poverty": 17.1,
   "life": 83,
   "school": 1,
   "gdp": 555.46,
   "migration": 200
 },
 {
   "country_name": "United Kingdom",
   "country_code": "GBR",
   "year": 2000,
   "population": 58.89,
   "poverty": null,
   "life": 78,
   "school": 1,
   "gdp": 1657.82,
   "migration": 992
 },
 {
   "country_name": "United Kingdom",
   "country_code": "GBR",
   "year": 2010,
   "population": 62.77,
   "poverty": null,
   "life": 80,
   "school": 1,
   "gdp": 2475.24,
   "migration": 1300
 },
 {
   "country_name": "United Kingdom",
   "country_code": "GBR",
   "year": 2018,
   "population": 66.46,
   "poverty": 18.6,
   "life": 81,
   "school": 1,
   "gdp": 2860.67,
   "migration": 1303
 }
]